21.5995 	WARNING 	Font Manager failed to load file /System/Library/PrivateFrameworks/FontServices.framework/Resources/Reserved/PingFangUI.ttc
21.7555 	WARNING 	Font Manager failed to load file /System/Library/PrivateFrameworks/FontServices.framework/Resources/Reserved/PingFangUI.ttc
30.6710 	INFO 	Loaded monitor calibration from ['2025_08_12 09:40']
30.8757 	INFO 	Using renderer 'Intel(R) Iris(TM) Plus Graphics 655' for graphics
30.8758 	INFO 	OpenGL version supported by driver is 2..
30.8908 	EXP 	Created window1 = Window(allowGUI=False, allowStencil=False, autoLog=True, backendConf=UNKNOWN, backgroundFit=<method-wrapper '__getattribute__' of attributeSetter object at 0x13a5097e0>, backgroundImage=<method-wrapper '__getattribute__' of attributeSetter object at 0x13a509780>, bitsMode=UNKNOWN, blendMode='avg', bpc=(8, 8, 8), color=array([0, 0, 0]), colorSpace='rgb', depthBits=8, fullscr=True, gamma=None, gammaErrorPolicy='raise', infoMsg=UNKNOWN, lms=UNKNOWN, monitor=<psychopy.monitors.calibTools.Monitor object at 0x13a5238b0>, multiSample=False, name='window1', numSamples=2, pos=[np.float64(0.0), np.float64(0.0)], screen=0, size=array([2880, 1800]), stencilBits=0, stereo=False, title='PsychoPy', units='height', useFBO=True, useRetina=True, viewOri=0.0, viewPos=None, viewScale=None, waitBlanking=True, winType='pyglet')
30.8909 	EXP 	window1: backgroundImage = ''
30.8909 	EXP 	window1: backgroundFit = 'none'
31.2404 	EXP 	window1: Attempting to measure frame rate of screen (0) ...
31.2404 	EXP 	window1: recordFrameIntervals = False
31.6099 	EXP 	window1: recordFrameIntervals = True
31.6943 	WARNING 	t of last frame was 28.57ms (=1/35)
31.8311 	WARNING 	t of last frame was 23.12ms (=1/43)
32.0008 	EXP 	Screen (0) actual frame rate measured at 72.19Hz
32.0010 	EXP 	window1: recordFrameIntervals = False
33.7197 	INFO 	keyboard.Keyboard is using ptb backend.
34.0044 	INFO 	keyboard.Keyboard is using ptb backend.
34.2974 	INFO 	keyboard.Keyboard is using ptb backend.
34.2975 	EXP 	Motor Sequence Learning: status = STARTED
34.3042 	EXP 	Created fixation = ShapeStim(__class__=<class 'psychopy.visual.shape.ShapeStim'>, anchor=('center', 'center'), autoDraw=False, autoLog=True, closeShape=True, color=method-wrapper(...), colorSpace='rgb', contrast=None, depth=0.0, draggable=False, fillColor=array([-0.2549,  0.2392,  0.2549]), fillColorSpace='rgb', fillRGB=array([-0.2549,  0.2392,  0.2549]), interpolate=True, lineColor=array([1., 1., 1.]), lineColorSpace='rgb', lineRGB=array([1, 1, 1]), lineWidth=1.0, name='fixation', opacity=1, ori=0.0, pos=array([0., 0.]), size=array([10., 10.]), units='pix', vertices=ndarray(...), win=Window(...), windingRule=None)
34.3056 	EXP 	Created line1 = Rect(__class__=<class 'psychopy.visual.rect.Rect'>, anchor=('center', 'center'), autoDraw=False, autoLog=True, closeShape=True, color=method-wrapper(...), colorSpace='rgb', contrast=None, depth=-1.0, draggable=False, fillColor=array([1, 1, 1]), fillColorSpace='rgb', fillRGB=array([1, 1, 1]), interpolate=True, lineColor=array([1., 1., 1.]), lineColorSpace='rgb', lineRGB=array([1, 1, 1]), lineWidth=1.0, name='line1', opacity=1, ori=90.0, pos=array([-150.,    0.]), size=array([100.,  10.]), units='pix', vertices=ndarray(...), win=Window(...))
34.3068 	EXP 	Created line2 = Rect(__class__=<class 'psychopy.visual.rect.Rect'>, anchor=('center', 'center'), autoDraw=False, autoLog=True, closeShape=True, color=method-wrapper(...), colorSpace='rgb', contrast=None, depth=-2.0, draggable=False, fillColor=array([1, 1, 1]), fillColorSpace='rgb', fillRGB=array([1, 1, 1]), interpolate=True, lineColor=array([1., 1., 1.]), lineColorSpace='rgb', lineRGB=array([1, 1, 1]), lineWidth=1.0, name='line2', opacity=1, ori=90.0, pos=array([-50.,   0.]), size=array([100.,  10.]), units='pix', vertices=ndarray(...), win=Window(...))
34.3081 	EXP 	Created line3 = Rect(__class__=<class 'psychopy.visual.rect.Rect'>, anchor=('center', 'center'), autoDraw=False, autoLog=True, closeShape=True, color=method-wrapper(...), colorSpace='rgb', contrast=None, depth=-3.0, draggable=True, fillColor=array([1, 1, 1]), fillColorSpace='rgb', fillRGB=array([1, 1, 1]), interpolate=True, lineColor=array([1., 1., 1.]), lineColorSpace='rgb', lineRGB=array([1, 1, 1]), lineWidth=1.0, name='line3', opacity=1, ori=90.0, pos=array([50.,  0.]), size=array([100.,  10.]), units='pix', vertices=ndarray(...), win=Window(...))
34.3094 	EXP 	Created line4 = Rect(__class__=<class 'psychopy.visual.rect.Rect'>, anchor=('center', 'center'), autoDraw=False, autoLog=True, closeShape=True, color=method-wrapper(...), colorSpace='rgb', contrast=None, depth=-4.0, draggable=False, fillColor=array([1, 1, 1]), fillColorSpace='rgb', fillRGB=array([1, 1, 1]), interpolate=True, lineColor=array([1., 1., 1.]), lineColorSpace='rgb', lineRGB=array([1, 1, 1]), lineWidth=1.0, name='line4', opacity=1, ori=90.0, pos=array([150.,   0.]), size=array([100.,  10.]), units='pix', vertices=ndarray(...), win=Window(...))
34.3108 	EXP 	Created probe = ShapeStim(__class__=<class 'psychopy.visual.shape.ShapeStim'>, anchor=('center', 'center'), autoDraw=False, autoLog=True, closeShape=True, color=method-wrapper(...), colorSpace='rgb', contrast=None, depth=-5.0, draggable=False, fillColor=array([1, 1, 1]), fillColorSpace='rgb', fillRGB=array([1, 1, 1]), interpolate=True, lineColor=array([1., 1., 1.]), lineColorSpace='rgb', lineRGB=array([1, 1, 1]), lineWidth=1.0, name='probe', opacity=1, ori=0.0, pos=array([0., 0.]), size=array([10., 10.]), units='pix', vertices=ndarray(...), win=Window(...), windingRule=None)
34.3124 	EXP 	Created Fixation = ShapeStim(__class__=<class 'psychopy.visual.shape.ShapeStim'>, anchor=('center', 'center'), autoDraw=False, autoLog=True, closeShape=True, color=method-wrapper(...), colorSpace='rgb', contrast=None, depth=0.0, draggable=False, fillColor=array([1, 1, 1]), fillColorSpace='rgb', fillRGB=array([1, 1, 1]), interpolate=True, lineColor=array([1., 1., 1.]), lineColorSpace='rgb', lineRGB=array([1, 1, 1]), lineWidth=1.0, name='Fixation', opacity=1, ori=0.0, pos=array([0., 0.]), size=array([10., 10.]), units='pix', vertices=ndarray(...), win=Window(...), windingRule=None)
34.3137 	EXP 	Created Line1 = Rect(__class__=<class 'psychopy.visual.rect.Rect'>, anchor=('center', 'center'), autoDraw=False, autoLog=True, closeShape=True, color=method-wrapper(...), colorSpace='rgb', contrast=None, depth=-1.0, draggable=False, fillColor=array([1, 1, 1]), fillColorSpace='rgb', fillRGB=array([1, 1, 1]), interpolate=True, lineColor=array([1., 1., 1.]), lineColorSpace='rgb', lineRGB=array([1, 1, 1]), lineWidth=1.0, name='Line1', opacity=1, ori=90.0, pos=array([-150.,    0.]), size=array([100.,  10.]), units='pix', vertices=ndarray(...), win=Window(...))
34.3150 	EXP 	Created Line2 = Rect(__class__=<class 'psychopy.visual.rect.Rect'>, anchor=('center', 'center'), autoDraw=False, autoLog=True, closeShape=True, color=method-wrapper(...), colorSpace='rgb', contrast=None, depth=-2.0, draggable=False, fillColor=array([1, 1, 1]), fillColorSpace='rgb', fillRGB=array([1, 1, 1]), interpolate=True, lineColor=array([1., 1., 1.]), lineColorSpace='rgb', lineRGB=array([1, 1, 1]), lineWidth=1.0, name='Line2', opacity=1, ori=90.0, pos=array([-50.,   0.]), size=array([100.,  10.]), units='pix', vertices=ndarray(...), win=Window(...))
34.3163 	EXP 	Created Line3 = Rect(__class__=<class 'psychopy.visual.rect.Rect'>, anchor=('center', 'center'), autoDraw=False, autoLog=True, closeShape=True, color=method-wrapper(...), colorSpace='rgb', contrast=None, depth=-3.0, draggable=False, fillColor=array([1, 1, 1]), fillColorSpace='rgb', fillRGB=array([1, 1, 1]), interpolate=True, lineColor=array([1., 1., 1.]), lineColorSpace='rgb', lineRGB=array([1, 1, 1]), lineWidth=1.0, name='Line3', opacity=1, ori=90.0, pos=array([50.,  0.]), size=array([100.,  10.]), units='pix', vertices=ndarray(...), win=Window(...))
34.3175 	EXP 	Created Line4 = Rect(__class__=<class 'psychopy.visual.rect.Rect'>, anchor=('center', 'center'), autoDraw=False, autoLog=True, closeShape=True, color=method-wrapper(...), colorSpace='rgb', contrast=None, depth=-4.0, draggable=False, fillColor=array([1, 1, 1]), fillColorSpace='rgb', fillRGB=array([1, 1, 1]), interpolate=True, lineColor=array([1., 1., 1.]), lineColorSpace='rgb', lineRGB=array([1, 1, 1]), lineWidth=1.0, name='Line4', opacity=1, ori=90.0, pos=array([150.,   0.]), size=array([100.,  10.]), units='pix', vertices=ndarray(...), win=Window(...))
34.3189 	EXP 	Created Probe = ShapeStim(__class__=<class 'psychopy.visual.shape.ShapeStim'>, anchor=('center', 'center'), autoDraw=False, autoLog=True, closeShape=True, color=method-wrapper(...), colorSpace='rgb', contrast=None, depth=-5.0, draggable=False, fillColor=array([1, 1, 1]), fillColorSpace='rgb', fillRGB=array([1, 1, 1]), interpolate=True, lineColor=array([1., 1., 1.]), lineColorSpace='rgb', lineRGB=array([1, 1, 1]), lineWidth=1.0, name='Probe', opacity=1, ori=0.0, pos=array([0., 0.]), size=array([10., 10.]), units='pix', vertices=ndarray(...), win=Window(...), windingRule=None)
0.0295 	EXP 	Imported Motor sequence/sequence_con.csv as conditions, 4 conditions, 2 params
0.0304 	EXP 	New trial (rep=0, index=0): <Trial 0 (0 in rep 0) data={'pos': np.int64(-50), 'corr_resp': 'x', 'thisN': 0, 'thisTrialN': 0, 'thisRepN': 0}>
0.0601 	EXP 	fixation: autoDraw = True
1.0004 	EXP 	line1: autoDraw = True
1.0004 	EXP 	line2: autoDraw = True
1.0004 	EXP 	line3: autoDraw = True
1.0004 	EXP 	line4: autoDraw = True
1.0552 	EXP 	fixation: autoDraw = False
1.9971 	INFO 	Keyboard events cleared
1.9969 	EXP 	probe: autoDraw = True
2.6277 	EXP 	Device response: <KeyPress from None: t=2.3619200389948674, value=x, duration=None>
2.6279 	EXP 	Device response: <KeyPress from None: t=2.3619200389948674, value=x, duration=0.16195488499943167>
2.6281 	EXP 	New trial (rep=0, index=1): <Trial 1 (1 in rep 0) data={'pos': np.int64(150), 'corr_resp': 'v', 'thisN': 1, 'thisTrialN': 1, 'thisRepN': 0}>
2.6321 	DATA 	Keypress: x
2.6410 	EXP 	fixation: autoDraw = False
2.6410 	EXP 	line1: autoDraw = False
2.6410 	EXP 	line2: autoDraw = False
2.6410 	EXP 	line3: autoDraw = False
2.6410 	EXP 	line4: autoDraw = False
2.6410 	EXP 	probe: autoDraw = False
2.6410 	EXP 	fixation: autoDraw = True
3.6218 	EXP 	line1: autoDraw = True
3.6218 	EXP 	line2: autoDraw = True
3.6218 	EXP 	line3: autoDraw = True
3.6218 	EXP 	line4: autoDraw = True
3.6384 	EXP 	fixation: autoDraw = False
4.6217 	INFO 	Keyboard events cleared
4.6215 	EXP 	probe: autoDraw = True
4.8800 	EXP 	Device response: <KeyPress from None: t=4.872516510018613, value=v, duration=None>
4.8803 	EXP 	New trial (rep=0, index=2): <Trial 2 (2 in rep 0) data={'pos': np.int64(50), 'corr_resp': 'c', 'thisN': 2, 'thisTrialN': 2, 'thisRepN': 0}>
4.8830 	DATA 	Keypress: v
4.8892 	EXP 	fixation: autoDraw = False
4.8892 	EXP 	line1: autoDraw = False
4.8892 	EXP 	line2: autoDraw = False
4.8892 	EXP 	line3: autoDraw = False
4.8892 	EXP 	line4: autoDraw = False
4.8892 	EXP 	probe: autoDraw = False
4.8892 	EXP 	fixation: autoDraw = True
5.0556 	EXP 	Device response: <KeyPress from None: t=4.872516510018613, value=v, duration=0.1765453650150448>
5.8778 	EXP 	fixation: autoDraw = False
5.8778 	EXP 	line1: autoDraw = True
5.8778 	EXP 	line2: autoDraw = True
5.8778 	EXP 	line3: autoDraw = True
5.8778 	EXP 	line4: autoDraw = True
6.8789 	INFO 	Keyboard events cleared
6.8787 	EXP 	probe: autoDraw = True
7.1387 	EXP 	Device response: <KeyPress from None: t=7.130382911011111, value=c, duration=None>
7.1390 	EXP 	New trial (rep=0, index=3): <Trial 3 (3 in rep 0) data={'pos': np.int64(-150), 'corr_resp': 'z', 'thisN': 3, 'thisTrialN': 3, 'thisRepN': 0}>
7.1412 	DATA 	Keypress: c
7.1470 	EXP 	fixation: autoDraw = False
7.1470 	EXP 	line1: autoDraw = False
7.1470 	EXP 	line2: autoDraw = False
7.1470 	EXP 	line3: autoDraw = False
7.1470 	EXP 	line4: autoDraw = False
7.1470 	EXP 	probe: autoDraw = False
7.1470 	EXP 	fixation: autoDraw = True
7.2784 	EXP 	Device response: <KeyPress from None: t=7.130382911011111, value=c, duration=0.14416295901173726>
8.1287 	EXP 	line1: autoDraw = True
8.1287 	EXP 	line2: autoDraw = True
8.1287 	EXP 	line3: autoDraw = True
8.1287 	EXP 	line4: autoDraw = True
8.1447 	EXP 	fixation: autoDraw = False
9.1288 	INFO 	Keyboard events cleared
9.1286 	EXP 	probe: autoDraw = True
9.4226 	EXP 	Device response: <KeyPress from None: t=9.421437193988822, value=z, duration=None>
9.4229 	EXP 	New trial (rep=1, index=0): <Trial 4 (0 in rep 1) data={'pos': np.int64(-50), 'corr_resp': 'x', 'thisN': 4, 'thisTrialN': 0, 'thisRepN': 1}>
9.4284 	EXP 	fixation: autoDraw = False
9.4284 	EXP 	line1: autoDraw = False
9.4284 	EXP 	line2: autoDraw = False
9.4284 	EXP 	line3: autoDraw = False
9.4284 	EXP 	line4: autoDraw = False
9.4284 	EXP 	probe: autoDraw = False
9.4284 	EXP 	fixation: autoDraw = True
9.4312 	DATA 	Keypress: z
9.6555 	EXP 	Device response: <KeyPress from None: t=9.421437193988822, value=z, duration=0.2241784300422296>
10.4218 	EXP 	fixation: autoDraw = False
10.4218 	EXP 	line1: autoDraw = True
10.4218 	EXP 	line2: autoDraw = True
10.4218 	EXP 	line3: autoDraw = True
10.4218 	EXP 	line4: autoDraw = True
11.4220 	INFO 	Keyboard events cleared
11.4218 	EXP 	probe: autoDraw = True
11.6796 	EXP 	Device response: <KeyPress from None: t=11.678244373004418, value=x, duration=None>
11.6799 	EXP 	New trial (rep=1, index=1): <Trial 5 (1 in rep 1) data={'pos': np.int64(150), 'corr_resp': 'v', 'thisN': 5, 'thisTrialN': 1, 'thisRepN': 1}>
11.6881 	EXP 	fixation: autoDraw = False
11.6881 	EXP 	line1: autoDraw = False
11.6881 	EXP 	line2: autoDraw = False
11.6881 	EXP 	line3: autoDraw = False
11.6881 	EXP 	line4: autoDraw = False
11.6881 	EXP 	probe: autoDraw = False
11.6881 	EXP 	fixation: autoDraw = True
11.6908 	DATA 	Keypress: x
11.8449 	EXP 	Device response: <KeyPress from None: t=11.678244373004418, value=x, duration=0.16401677200337872>
12.6784 	EXP 	fixation: autoDraw = False
12.6784 	EXP 	line1: autoDraw = True
12.6784 	EXP 	line2: autoDraw = True
12.6784 	EXP 	line3: autoDraw = True
12.6784 	EXP 	line4: autoDraw = True
13.6791 	INFO 	Keyboard events cleared
13.6788 	EXP 	probe: autoDraw = True
13.9225 	EXP 	Device response: <KeyPress from None: t=13.920445041032508, value=v, duration=None>
13.9228 	EXP 	New trial (rep=1, index=2): <Trial 6 (2 in rep 1) data={'pos': np.int64(50), 'corr_resp': 'c', 'thisN': 6, 'thisTrialN': 2, 'thisRepN': 1}>
13.9283 	EXP 	fixation: autoDraw = False
13.9283 	EXP 	line1: autoDraw = False
13.9283 	EXP 	line2: autoDraw = False
13.9283 	EXP 	line3: autoDraw = False
13.9283 	EXP 	line4: autoDraw = False
13.9283 	EXP 	probe: autoDraw = False
13.9283 	EXP 	fixation: autoDraw = True
13.9316 	DATA 	Keypress: v
14.1456 	EXP 	Device response: <KeyPress from None: t=13.920445041032508, value=v, duration=0.21982681297231466>
14.9217 	EXP 	fixation: autoDraw = False
14.9217 	EXP 	line1: autoDraw = True
14.9217 	EXP 	line2: autoDraw = True
14.9217 	EXP 	line3: autoDraw = True
14.9217 	EXP 	line4: autoDraw = True
15.9217 	INFO 	Keyboard events cleared
15.9215 	EXP 	probe: autoDraw = True
16.1555 	EXP 	Device response: <KeyPress from None: t=16.146066037996206, value=c, duration=None>
16.1557 	EXP 	New trial (rep=1, index=3): <Trial 7 (3 in rep 1) data={'pos': np.int64(-150), 'corr_resp': 'z', 'thisN': 7, 'thisTrialN': 3, 'thisRepN': 1}>
16.1579 	DATA 	Keypress: c
16.1638 	EXP 	fixation: autoDraw = False
16.1638 	EXP 	line1: autoDraw = False
16.1638 	EXP 	line2: autoDraw = False
16.1638 	EXP 	line3: autoDraw = False
16.1638 	EXP 	line4: autoDraw = False
16.1638 	EXP 	probe: autoDraw = False
16.1638 	EXP 	fixation: autoDraw = True
16.3220 	EXP 	Device response: <KeyPress from None: t=16.146066037996206, value=c, duration=0.16816848400048912>
17.1457 	EXP 	line1: autoDraw = True
17.1457 	EXP 	line2: autoDraw = True
17.1457 	EXP 	line3: autoDraw = True
17.1457 	EXP 	line4: autoDraw = True
17.1614 	EXP 	fixation: autoDraw = False
18.1462 	INFO 	Keyboard events cleared
18.1459 	EXP 	probe: autoDraw = True
18.4057 	EXP 	Device response: <KeyPress from None: t=18.403225938032847, value=z, duration=None>
18.4059 	EXP 	New trial (rep=2, index=0): <Trial 8 (0 in rep 2) data={'pos': np.int64(-50), 'corr_resp': 'x', 'thisN': 8, 'thisTrialN': 0, 'thisRepN': 2}>
18.4081 	DATA 	Keypress: z
18.4135 	EXP 	fixation: autoDraw = False
18.4135 	EXP 	line1: autoDraw = False
18.4135 	EXP 	line2: autoDraw = False
18.4135 	EXP 	line3: autoDraw = False
18.4135 	EXP 	line4: autoDraw = False
18.4135 	EXP 	probe: autoDraw = False
18.4135 	EXP 	fixation: autoDraw = True
18.5955 	EXP 	Device response: <KeyPress from None: t=18.403225938032847, value=z, duration=0.18844004697166383>
19.3957 	EXP 	line1: autoDraw = True
19.3957 	EXP 	line2: autoDraw = True
19.3957 	EXP 	line3: autoDraw = True
19.3957 	EXP 	line4: autoDraw = True
19.4117 	EXP 	fixation: autoDraw = False
20.4051 	INFO 	Keyboard events cleared
20.4049 	EXP 	probe: autoDraw = True
20.7720 	EXP 	Device response: <KeyPress from None: t=20.7618933779886, value=x, duration=None>
20.7722 	EXP 	New trial (rep=2, index=1): <Trial 9 (1 in rep 2) data={'pos': np.int64(150), 'corr_resp': 'v', 'thisN': 9, 'thisTrialN': 1, 'thisRepN': 2}>
20.7747 	DATA 	Keypress: x
20.7807 	EXP 	fixation: autoDraw = False
20.7807 	EXP 	line1: autoDraw = False
20.7807 	EXP 	line2: autoDraw = False
20.7807 	EXP 	line3: autoDraw = False
20.7807 	EXP 	line4: autoDraw = False
20.7807 	EXP 	probe: autoDraw = False
20.7807 	EXP 	fixation: autoDraw = True
20.9558 	EXP 	Device response: <KeyPress from None: t=20.7618933779886, value=x, duration=0.19225200603250414>
21.7624 	EXP 	line1: autoDraw = True
21.7624 	EXP 	line2: autoDraw = True
21.7624 	EXP 	line3: autoDraw = True
21.7624 	EXP 	line4: autoDraw = True
21.7779 	EXP 	fixation: autoDraw = False
22.7630 	INFO 	Keyboard events cleared
22.7628 	EXP 	probe: autoDraw = True
22.9963 	EXP 	Device response: <KeyPress from None: t=22.99067222198937, value=v, duration=None>
22.9965 	EXP 	New trial (rep=2, index=2): <Trial 10 (2 in rep 2) data={'pos': np.int64(50), 'corr_resp': 'c', 'thisN': 10, 'thisTrialN': 2, 'thisRepN': 2}>
22.9988 	DATA 	Keypress: v
23.0044 	EXP 	fixation: autoDraw = False
23.0044 	EXP 	line1: autoDraw = False
23.0044 	EXP 	line2: autoDraw = False
23.0044 	EXP 	line3: autoDraw = False
23.0044 	EXP 	line4: autoDraw = False
23.0044 	EXP 	probe: autoDraw = False
23.0044 	EXP 	fixation: autoDraw = True
23.1887 	EXP 	Device response: <KeyPress from None: t=22.99067222198937, value=v, duration=0.18824899202445522>
23.9953 	EXP 	fixation: autoDraw = False
23.9953 	EXP 	line1: autoDraw = True
23.9953 	EXP 	line2: autoDraw = True
23.9953 	EXP 	line3: autoDraw = True
23.9953 	EXP 	line4: autoDraw = True
24.9971 	INFO 	Keyboard events cleared
24.9968 	EXP 	probe: autoDraw = True
25.2723 	EXP 	Device response: <KeyPress from None: t=25.270579928008374, value=c, duration=None>
25.2726 	EXP 	New trial (rep=2, index=3): <Trial 11 (3 in rep 2) data={'pos': np.int64(-150), 'corr_resp': 'z', 'thisN': 11, 'thisTrialN': 3, 'thisRepN': 2}>
25.2781 	EXP 	fixation: autoDraw = False
25.2781 	EXP 	line1: autoDraw = False
25.2781 	EXP 	line2: autoDraw = False
25.2781 	EXP 	line3: autoDraw = False
25.2781 	EXP 	line4: autoDraw = False
25.2781 	EXP 	probe: autoDraw = False
25.2781 	EXP 	fixation: autoDraw = True
25.2811 	DATA 	Keypress: c
25.4387 	EXP 	Device response: <KeyPress from None: t=25.270579928008374, value=c, duration=0.16425622801762074>
26.2714 	EXP 	fixation: autoDraw = False
26.2714 	EXP 	line1: autoDraw = True
26.2714 	EXP 	line2: autoDraw = True
26.2714 	EXP 	line3: autoDraw = True
26.2714 	EXP 	line4: autoDraw = True
27.2716 	INFO 	Keyboard events cleared
27.2714 	EXP 	probe: autoDraw = True
27.5553 	EXP 	Device response: <KeyPress from None: t=27.549582107982133, value=z, duration=None>
27.5556 	EXP 	New trial (rep=3, index=0): <Trial 12 (0 in rep 3) data={'pos': np.int64(-50), 'corr_resp': 'x', 'thisN': 12, 'thisTrialN': 0, 'thisRepN': 3}>
27.5578 	DATA 	Keypress: z
27.5636 	EXP 	fixation: autoDraw = False
27.5636 	EXP 	line1: autoDraw = False
27.5636 	EXP 	line2: autoDraw = False
27.5636 	EXP 	line3: autoDraw = False
27.5636 	EXP 	line4: autoDraw = False
27.5636 	EXP 	probe: autoDraw = False
27.5636 	EXP 	fixation: autoDraw = True
27.7220 	EXP 	Device response: <KeyPress from None: t=27.549582107982133, value=z, duration=0.16798148903762922>
28.5451 	EXP 	line1: autoDraw = True
28.5451 	EXP 	line2: autoDraw = True
28.5451 	EXP 	line3: autoDraw = True
28.5451 	EXP 	line4: autoDraw = True
28.5613 	EXP 	fixation: autoDraw = False
29.5460 	INFO 	Keyboard events cleared
29.5457 	EXP 	probe: autoDraw = True
29.8627 	EXP 	Device response: <KeyPress from None: t=29.860443825018592, value=x, duration=None>
29.8630 	EXP 	New trial (rep=3, index=1): <Trial 13 (1 in rep 3) data={'pos': np.int64(150), 'corr_resp': 'v', 'thisN': 13, 'thisTrialN': 1, 'thisRepN': 3}>
29.8712 	EXP 	fixation: autoDraw = False
29.8712 	EXP 	line1: autoDraw = False
29.8712 	EXP 	line2: autoDraw = False
29.8712 	EXP 	line3: autoDraw = False
29.8712 	EXP 	line4: autoDraw = False
29.8712 	EXP 	probe: autoDraw = False
29.8712 	EXP 	fixation: autoDraw = True
29.8743 	DATA 	Keypress: x
30.0448 	EXP 	Device response: <KeyPress from None: t=29.860443825018592, value=x, duration=0.18024333199718967>
30.8620 	EXP 	fixation: autoDraw = False
30.8620 	EXP 	line1: autoDraw = True
30.8620 	EXP 	line2: autoDraw = True
30.8620 	EXP 	line3: autoDraw = True
30.8620 	EXP 	line4: autoDraw = True
31.8549 	INFO 	Keyboard events cleared
31.8547 	EXP 	probe: autoDraw = True
32.1294 	EXP 	Device response: <KeyPress from None: t=32.12227932200767, value=v, duration=None>
32.1297 	EXP 	New trial (rep=3, index=2): <Trial 14 (2 in rep 3) data={'pos': np.int64(50), 'corr_resp': 'c', 'thisN': 14, 'thisTrialN': 2, 'thisRepN': 3}>
32.1321 	DATA 	Keypress: v
32.1377 	EXP 	fixation: autoDraw = False
32.1377 	EXP 	line1: autoDraw = False
32.1377 	EXP 	line2: autoDraw = False
32.1377 	EXP 	line3: autoDraw = False
32.1377 	EXP 	line4: autoDraw = False
32.1377 	EXP 	probe: autoDraw = False
32.1377 	EXP 	fixation: autoDraw = True
32.3114 	EXP 	Device response: <KeyPress from None: t=32.12227932200767, value=v, duration=0.18761804001405835>
33.1280 	EXP 	fixation: autoDraw = False
33.1280 	EXP 	line1: autoDraw = True
33.1280 	EXP 	line2: autoDraw = True
33.1280 	EXP 	line3: autoDraw = True
33.1280 	EXP 	line4: autoDraw = True
34.1284 	INFO 	Keyboard events cleared
34.1281 	EXP 	probe: autoDraw = True
34.3960 	EXP 	Device response: <KeyPress from None: t=34.389178059005644, value=c, duration=None>
34.3963 	EXP 	New trial (rep=3, index=3): <Trial 15 (3 in rep 3) data={'pos': np.int64(-150), 'corr_resp': 'z', 'thisN': 15, 'thisTrialN': 3, 'thisRepN': 3}>
34.3986 	DATA 	Keypress: c
34.4042 	EXP 	fixation: autoDraw = False
34.4042 	EXP 	line1: autoDraw = False
34.4042 	EXP 	line2: autoDraw = False
34.4042 	EXP 	line3: autoDraw = False
34.4042 	EXP 	line4: autoDraw = False
34.4042 	EXP 	probe: autoDraw = False
34.4042 	EXP 	fixation: autoDraw = True
34.5555 	EXP 	Device response: <KeyPress from None: t=34.389178059005644, value=c, duration=0.1635552590014413>
35.3951 	EXP 	fixation: autoDraw = False
35.3951 	EXP 	line1: autoDraw = True
35.3951 	EXP 	line2: autoDraw = True
35.3951 	EXP 	line3: autoDraw = True
35.3951 	EXP 	line4: autoDraw = True
36.3954 	INFO 	Keyboard events cleared
36.3952 	EXP 	probe: autoDraw = True
36.6626 	EXP 	Device response: <KeyPress from None: t=36.65875650203088, value=z, duration=None>
36.6629 	EXP 	New trial (rep=4, index=0): <Trial 16 (0 in rep 4) data={'pos': np.int64(-50), 'corr_resp': 'x', 'thisN': 16, 'thisTrialN': 0, 'thisRepN': 4}>
36.6651 	DATA 	Keypress: z
36.6708 	EXP 	fixation: autoDraw = False
36.6708 	EXP 	line1: autoDraw = False
36.6708 	EXP 	line2: autoDraw = False
36.6708 	EXP 	line3: autoDraw = False
36.6708 	EXP 	line4: autoDraw = False
36.6708 	EXP 	probe: autoDraw = False
36.6708 	EXP 	fixation: autoDraw = True
36.8724 	EXP 	Device response: <KeyPress from None: t=36.65875650203088, value=z, duration=0.21260390797397122>
37.6614 	EXP 	fixation: autoDraw = False
37.6614 	EXP 	line1: autoDraw = True
37.6614 	EXP 	line2: autoDraw = True
37.6614 	EXP 	line3: autoDraw = True
37.6614 	EXP 	line4: autoDraw = True
38.6609 	INFO 	Keyboard events cleared
38.6606 	EXP 	probe: autoDraw = True
38.9385 	EXP 	Device response: <KeyPress from None: t=38.93312618101481, value=x, duration=None>
38.9387 	EXP 	New trial (rep=4, index=1): <Trial 17 (1 in rep 4) data={'pos': np.int64(150), 'corr_resp': 'v', 'thisN': 17, 'thisTrialN': 1, 'thisRepN': 4}>
38.9409 	DATA 	Keypress: x
38.9469 	EXP 	fixation: autoDraw = False
38.9469 	EXP 	line1: autoDraw = False
38.9469 	EXP 	line2: autoDraw = False
38.9469 	EXP 	line3: autoDraw = False
38.9469 	EXP 	line4: autoDraw = False
38.9469 	EXP 	probe: autoDraw = False
38.9469 	EXP 	fixation: autoDraw = True
39.1052 	EXP 	Device response: <KeyPress from None: t=38.93312618101481, value=x, duration=0.16817235300550237>
39.9375 	EXP 	line1: autoDraw = True
39.9375 	EXP 	line2: autoDraw = True
39.9375 	EXP 	line3: autoDraw = True
39.9375 	EXP 	line4: autoDraw = True
39.9434 	EXP 	fixation: autoDraw = False
40.9283 	INFO 	Keyboard events cleared
40.9281 	EXP 	probe: autoDraw = True
41.1892 	EXP 	Device response: <KeyPress from None: t=41.18424116499955, value=v, duration=None>
41.1894 	EXP 	New trial (rep=4, index=2): <Trial 18 (2 in rep 4) data={'pos': np.int64(50), 'corr_resp': 'c', 'thisN': 18, 'thisTrialN': 2, 'thisRepN': 4}>
41.1916 	DATA 	Keypress: v
41.1971 	EXP 	fixation: autoDraw = False
41.1971 	EXP 	line1: autoDraw = False
41.1971 	EXP 	line2: autoDraw = False
41.1971 	EXP 	line3: autoDraw = False
41.1971 	EXP 	line4: autoDraw = False
41.1971 	EXP 	probe: autoDraw = False
41.1971 	EXP 	fixation: autoDraw = True
41.3781 	EXP 	Device response: <KeyPress from None: t=41.18424116499955, value=v, duration=0.19233281002379954>
42.1880 	EXP 	line1: autoDraw = True
42.1880 	EXP 	line2: autoDraw = True
42.1880 	EXP 	line3: autoDraw = True
42.1880 	EXP 	line4: autoDraw = True
42.1946 	EXP 	fixation: autoDraw = False
43.1882 	INFO 	Keyboard events cleared
43.1880 	EXP 	probe: autoDraw = True
43.3957 	EXP 	Device response: <KeyPress from None: t=43.391777393990196, value=c, duration=None>
43.3960 	EXP 	New trial (rep=4, index=3): <Trial 19 (3 in rep 4) data={'pos': np.int64(-150), 'corr_resp': 'z', 'thisN': 19, 'thisTrialN': 3, 'thisRepN': 4}>
43.3982 	DATA 	Keypress: c
43.4039 	EXP 	fixation: autoDraw = False
43.4039 	EXP 	line1: autoDraw = False
43.4039 	EXP 	line2: autoDraw = False
43.4039 	EXP 	line3: autoDraw = False
43.4039 	EXP 	line4: autoDraw = False
43.4039 	EXP 	probe: autoDraw = False
43.4039 	EXP 	fixation: autoDraw = True
43.5717 	EXP 	Device response: <KeyPress from None: t=43.391777393990196, value=c, duration=0.1722664629924111>
44.3946 	EXP 	fixation: autoDraw = False
44.3946 	EXP 	line1: autoDraw = True
44.3946 	EXP 	line2: autoDraw = True
44.3946 	EXP 	line3: autoDraw = True
44.3946 	EXP 	line4: autoDraw = True
45.3952 	INFO 	Keyboard events cleared
45.3949 	EXP 	probe: autoDraw = True
45.6792 	EXP 	Device response: <KeyPress from None: t=45.67673306900542, value=z, duration=None>
45.6795 	EXP 	New trial (rep=5, index=0): <Trial 20 (0 in rep 5) data={'pos': np.int64(-50), 'corr_resp': 'x', 'thisN': 20, 'thisTrialN': 0, 'thisRepN': 5}>
45.6878 	EXP 	fixation: autoDraw = False
45.6878 	EXP 	line1: autoDraw = False
45.6878 	EXP 	line2: autoDraw = False
45.6878 	EXP 	line3: autoDraw = False
45.6878 	EXP 	line4: autoDraw = False
45.6878 	EXP 	probe: autoDraw = False
45.6878 	EXP 	fixation: autoDraw = True
45.6905 	DATA 	Keypress: z
45.8446 	EXP 	Device response: <KeyPress from None: t=45.67673306900542, value=z, duration=0.16423138801474124>
46.6787 	EXP 	fixation: autoDraw = False
46.6787 	EXP 	line1: autoDraw = True
46.6787 	EXP 	line2: autoDraw = True
46.6787 	EXP 	line3: autoDraw = True
46.6787 	EXP 	line4: autoDraw = True
47.6789 	INFO 	Keyboard events cleared
47.6787 	EXP 	probe: autoDraw = True
48.1056 	EXP 	Device response: <KeyPress from None: t=48.1046047200216, value=x, duration=None>
48.1059 	EXP 	New trial (rep=5, index=1): <Trial 21 (1 in rep 5) data={'pos': np.int64(150), 'corr_resp': 'v', 'thisN': 21, 'thisTrialN': 1, 'thisRepN': 5}>
48.1122 	EXP 	fixation: autoDraw = False
48.1122 	EXP 	line1: autoDraw = False
48.1122 	EXP 	line2: autoDraw = False
48.1122 	EXP 	line3: autoDraw = False
48.1122 	EXP 	line4: autoDraw = False
48.1122 	EXP 	probe: autoDraw = False
48.1122 	EXP 	fixation: autoDraw = True
48.1147 	DATA 	Keypress: x
48.3056 	EXP 	Device response: <KeyPress from None: t=48.1046047200216, value=x, duration=0.1962632350041531>
49.1047 	EXP 	line1: autoDraw = True
49.1047 	EXP 	line2: autoDraw = True
49.1047 	EXP 	line3: autoDraw = True
49.1047 	EXP 	line4: autoDraw = True
49.1113 	EXP 	fixation: autoDraw = False
50.1048 	INFO 	Keyboard events cleared
50.1046 	EXP 	probe: autoDraw = True
50.4218 	EXP 	Device response: <KeyPress from None: t=50.41649069200503, value=v, duration=None>
50.4220 	EXP 	New trial (rep=5, index=2): <Trial 22 (2 in rep 5) data={'pos': np.int64(50), 'corr_resp': 'c', 'thisN': 22, 'thisTrialN': 2, 'thisRepN': 5}>
50.4242 	DATA 	Keypress: v
50.4297 	EXP 	fixation: autoDraw = False
50.4297 	EXP 	line1: autoDraw = False
50.4297 	EXP 	line2: autoDraw = False
50.4297 	EXP 	line3: autoDraw = False
50.4297 	EXP 	line4: autoDraw = False
50.4297 	EXP 	probe: autoDraw = False
50.4297 	EXP 	fixation: autoDraw = True
50.6114 	EXP 	Device response: <KeyPress from None: t=50.41649069200503, value=v, duration=0.18811222002841532>
51.4118 	EXP 	line1: autoDraw = True
51.4118 	EXP 	line2: autoDraw = True
51.4118 	EXP 	line3: autoDraw = True
51.4118 	EXP 	line4: autoDraw = True
51.4278 	EXP 	fixation: autoDraw = False
52.4121 	INFO 	Keyboard events cleared
52.4118 	EXP 	probe: autoDraw = True
52.6792 	EXP 	Device response: <KeyPress from None: t=52.6714041819796, value=c, duration=None>
52.6794 	EXP 	New trial (rep=5, index=3): <Trial 23 (3 in rep 5) data={'pos': np.int64(-150), 'corr_resp': 'z', 'thisN': 23, 'thisTrialN': 3, 'thisRepN': 5}>
52.6816 	DATA 	Keypress: c
52.6868 	EXP 	fixation: autoDraw = False
52.6868 	EXP 	line1: autoDraw = False
52.6868 	EXP 	line2: autoDraw = False
52.6868 	EXP 	line3: autoDraw = False
52.6868 	EXP 	line4: autoDraw = False
52.6868 	EXP 	probe: autoDraw = False
52.6868 	EXP 	fixation: autoDraw = True
52.8385 	EXP 	Device response: <KeyPress from None: t=52.6714041819796, value=c, duration=0.16431019600713626>
53.6779 	EXP 	fixation: autoDraw = False
53.6779 	EXP 	line1: autoDraw = True
53.6779 	EXP 	line2: autoDraw = True
53.6779 	EXP 	line3: autoDraw = True
53.6779 	EXP 	line4: autoDraw = True
54.6792 	INFO 	Keyboard events cleared
54.6790 	EXP 	probe: autoDraw = True
54.9389 	EXP 	Device response: <KeyPress from None: t=54.93523320002714, value=z, duration=None>
54.9391 	EXP 	New trial (rep=6, index=0): <Trial 24 (0 in rep 6) data={'pos': np.int64(-50), 'corr_resp': 'x', 'thisN': 24, 'thisTrialN': 0, 'thisRepN': 6}>
54.9413 	DATA 	Keypress: z
54.9468 	EXP 	fixation: autoDraw = False
54.9468 	EXP 	line1: autoDraw = False
54.9468 	EXP 	line2: autoDraw = False
54.9468 	EXP 	line3: autoDraw = False
54.9468 	EXP 	line4: autoDraw = False
54.9468 	EXP 	probe: autoDraw = False
54.9468 	EXP 	fixation: autoDraw = True
55.1056 	EXP 	Device response: <KeyPress from None: t=54.93523320002714, value=z, duration=0.16830312699312344>
55.9378 	EXP 	line1: autoDraw = True
55.9378 	EXP 	line2: autoDraw = True
55.9378 	EXP 	line3: autoDraw = True
55.9378 	EXP 	line4: autoDraw = True
55.9447 	EXP 	fixation: autoDraw = False
56.9379 	INFO 	Keyboard events cleared
56.9378 	EXP 	probe: autoDraw = True
57.2216 	EXP 	Device response: <KeyPress from None: t=57.21621513401624, value=x, duration=None>
57.2218 	EXP 	New trial (rep=6, index=1): <Trial 25 (1 in rep 6) data={'pos': np.int64(150), 'corr_resp': 'v', 'thisN': 25, 'thisTrialN': 1, 'thisRepN': 6}>
57.2240 	DATA 	Keypress: x
57.2300 	EXP 	fixation: autoDraw = False
57.2300 	EXP 	line1: autoDraw = False
57.2300 	EXP 	line2: autoDraw = False
57.2300 	EXP 	line3: autoDraw = False
57.2300 	EXP 	line4: autoDraw = False
57.2300 	EXP 	probe: autoDraw = False
57.2300 	EXP 	fixation: autoDraw = True
57.4049 	EXP 	Device response: <KeyPress from None: t=57.21621513401624, value=x, duration=0.17968175996793434>
58.2119 	EXP 	line1: autoDraw = True
58.2119 	EXP 	line2: autoDraw = True
58.2119 	EXP 	line3: autoDraw = True
58.2119 	EXP 	line4: autoDraw = True
58.2276 	EXP 	fixation: autoDraw = False
59.2122 	INFO 	Keyboard events cleared
59.2120 	EXP 	probe: autoDraw = True
59.4881 	EXP 	Device response: <KeyPress from None: t=59.47908489999827, value=v, duration=None>
59.4884 	EXP 	New trial (rep=6, index=2): <Trial 26 (2 in rep 6) data={'pos': np.int64(50), 'corr_resp': 'c', 'thisN': 26, 'thisTrialN': 2, 'thisRepN': 6}>
59.4906 	DATA 	Keypress: v
59.4964 	EXP 	fixation: autoDraw = False
59.4964 	EXP 	line1: autoDraw = False
59.4964 	EXP 	line2: autoDraw = False
59.4964 	EXP 	line3: autoDraw = False
59.4964 	EXP 	line4: autoDraw = False
59.4964 	EXP 	probe: autoDraw = False
59.4964 	EXP 	fixation: autoDraw = True
59.6781 	EXP 	Device response: <KeyPress from None: t=59.47908489999827, value=v, duration=0.19573770102579147>
60.4783 	EXP 	line1: autoDraw = True
60.4783 	EXP 	line2: autoDraw = True
60.4783 	EXP 	line3: autoDraw = True
60.4783 	EXP 	line4: autoDraw = True
60.4942 	EXP 	fixation: autoDraw = False
61.4783 	INFO 	Keyboard events cleared
61.4780 	EXP 	probe: autoDraw = True
61.7715 	EXP 	Device response: <KeyPress from None: t=61.763012557988986, value=c, duration=None>
61.7718 	EXP 	New trial (rep=6, index=3): <Trial 27 (3 in rep 6) data={'pos': np.int64(-150), 'corr_resp': 'z', 'thisN': 27, 'thisTrialN': 3, 'thisRepN': 6}>
61.7740 	DATA 	Keypress: c
61.7799 	EXP 	fixation: autoDraw = False
61.7799 	EXP 	line1: autoDraw = False
61.7799 	EXP 	line2: autoDraw = False
61.7799 	EXP 	line3: autoDraw = False
61.7799 	EXP 	line4: autoDraw = False
61.7799 	EXP 	probe: autoDraw = False
61.7799 	EXP 	fixation: autoDraw = True
61.9385 	EXP 	Device response: <KeyPress from None: t=61.763012557988986, value=c, duration=0.17232192499795929>
62.7616 	EXP 	line1: autoDraw = True
62.7616 	EXP 	line2: autoDraw = True
62.7616 	EXP 	line3: autoDraw = True
62.7616 	EXP 	line4: autoDraw = True
62.7774 	EXP 	fixation: autoDraw = False
63.7617 	INFO 	Keyboard events cleared
63.7614 	EXP 	probe: autoDraw = True
64.0288 	EXP 	Device response: <KeyPress from None: t=64.02492804301437, value=z, duration=None>
64.0291 	EXP 	New trial (rep=7, index=0): <Trial 28 (0 in rep 7) data={'pos': np.int64(-50), 'corr_resp': 'x', 'thisN': 28, 'thisTrialN': 0, 'thisRepN': 7}>
64.0313 	DATA 	Keypress: z
64.0371 	EXP 	fixation: autoDraw = False
64.0371 	EXP 	line1: autoDraw = False
64.0371 	EXP 	line2: autoDraw = False
64.0371 	EXP 	line3: autoDraw = False
64.0371 	EXP 	line4: autoDraw = False
64.0371 	EXP 	probe: autoDraw = False
64.0371 	EXP 	fixation: autoDraw = True
64.1946 	EXP 	Device response: <KeyPress from None: t=64.02492804301437, value=z, duration=0.16427560697775334>
65.0278 	EXP 	fixation: autoDraw = False
65.0278 	EXP 	line1: autoDraw = True
65.0278 	EXP 	line2: autoDraw = True
65.0278 	EXP 	line3: autoDraw = True
65.0278 	EXP 	line4: autoDraw = True
66.0212 	INFO 	Keyboard events cleared
66.0210 	EXP 	probe: autoDraw = True
66.4120 	EXP 	Device response: <KeyPress from None: t=66.40509962500073, value=x, duration=None>
66.4123 	EXP 	New trial (rep=7, index=1): <Trial 29 (1 in rep 7) data={'pos': np.int64(150), 'corr_resp': 'v', 'thisN': 29, 'thisTrialN': 1, 'thisRepN': 7}>
66.4146 	DATA 	Keypress: x
66.4201 	EXP 	fixation: autoDraw = False
66.4201 	EXP 	line1: autoDraw = False
66.4201 	EXP 	line2: autoDraw = False
66.4201 	EXP 	line3: autoDraw = False
66.4201 	EXP 	line4: autoDraw = False
66.4201 	EXP 	probe: autoDraw = False
66.4201 	EXP 	fixation: autoDraw = True
66.6052 	EXP 	Device response: <KeyPress from None: t=66.40509962500073, value=x, duration=0.19697735703084618>
67.4114 	EXP 	fixation: autoDraw = False
67.4114 	EXP 	line1: autoDraw = True
67.4114 	EXP 	line2: autoDraw = True
67.4114 	EXP 	line3: autoDraw = True
67.4114 	EXP 	line4: autoDraw = True
68.4115 	INFO 	Keyboard events cleared
68.4112 	EXP 	probe: autoDraw = True
68.8883 	EXP 	Device response: <KeyPress from None: t=68.88070301502012, value=v, duration=None>
68.8886 	EXP 	New trial (rep=7, index=2): <Trial 30 (2 in rep 7) data={'pos': np.int64(50), 'corr_resp': 'c', 'thisN': 30, 'thisTrialN': 2, 'thisRepN': 7}>
68.8908 	DATA 	Keypress: v
68.8967 	EXP 	fixation: autoDraw = False
68.8967 	EXP 	line1: autoDraw = False
68.8967 	EXP 	line2: autoDraw = False
68.8967 	EXP 	line3: autoDraw = False
68.8967 	EXP 	line4: autoDraw = False
68.8967 	EXP 	probe: autoDraw = False
68.8967 	EXP 	fixation: autoDraw = True
69.0718 	EXP 	Device response: <KeyPress from None: t=68.88070301502012, value=v, duration=0.18834378197789192>
69.8781 	EXP 	line1: autoDraw = True
69.8781 	EXP 	line2: autoDraw = True
69.8781 	EXP 	line3: autoDraw = True
69.8781 	EXP 	line4: autoDraw = True
69.8941 	EXP 	fixation: autoDraw = False
70.8781 	INFO 	Keyboard events cleared
70.8778 	EXP 	probe: autoDraw = True
71.1713 	EXP 	Device response: <KeyPress from None: t=71.1616672759992, value=c, duration=None>
71.1716 	EXP 	New trial (rep=7, index=3): <Trial 31 (3 in rep 7) data={'pos': np.int64(-150), 'corr_resp': 'z', 'thisN': 31, 'thisTrialN': 3, 'thisRepN': 7}>
71.1738 	DATA 	Keypress: c
71.1797 	EXP 	fixation: autoDraw = False
71.1797 	EXP 	line1: autoDraw = False
71.1797 	EXP 	line2: autoDraw = False
71.1797 	EXP 	line3: autoDraw = False
71.1797 	EXP 	line4: autoDraw = False
71.1797 	EXP 	probe: autoDraw = False
71.1797 	EXP 	fixation: autoDraw = True
71.3379 	EXP 	Device response: <KeyPress from None: t=71.1616672759992, value=c, duration=0.16843891801545396>
72.1622 	EXP 	line1: autoDraw = True
72.1622 	EXP 	line2: autoDraw = True
72.1622 	EXP 	line3: autoDraw = True
72.1622 	EXP 	line4: autoDraw = True
72.1708 	EXP 	fixation: autoDraw = False
73.1623 	INFO 	Keyboard events cleared
73.1620 	EXP 	probe: autoDraw = True
73.4384 	EXP 	Device response: <KeyPress from None: t=73.43553266098024, value=z, duration=None>
73.4387 	EXP 	New trial (rep=8, index=0): <Trial 32 (0 in rep 8) data={'pos': np.int64(-50), 'corr_resp': 'x', 'thisN': 32, 'thisTrialN': 0, 'thisRepN': 8}>
73.4408 	DATA 	Keypress: z
73.4462 	EXP 	fixation: autoDraw = False
73.4462 	EXP 	line1: autoDraw = False
73.4462 	EXP 	line2: autoDraw = False
73.4462 	EXP 	line3: autoDraw = False
73.4462 	EXP 	line4: autoDraw = False
73.4462 	EXP 	probe: autoDraw = False
73.4462 	EXP 	fixation: autoDraw = True
73.6212 	EXP 	Device response: <KeyPress from None: t=73.43553266098024, value=z, duration=0.17972030502278358>
74.4375 	EXP 	line1: autoDraw = True
74.4375 	EXP 	line2: autoDraw = True
74.4375 	EXP 	line3: autoDraw = True
74.4375 	EXP 	line4: autoDraw = True
74.4439 	EXP 	fixation: autoDraw = False
75.4377 	INFO 	Keyboard events cleared
75.4375 	EXP 	probe: autoDraw = True
75.7048 	EXP 	Device response: <KeyPress from None: t=75.69646054698387, value=x, duration=None>
75.7051 	EXP 	New trial (rep=8, index=1): <Trial 33 (1 in rep 8) data={'pos': np.int64(150), 'corr_resp': 'v', 'thisN': 33, 'thisTrialN': 1, 'thisRepN': 8}>
75.7074 	DATA 	Keypress: x
75.7133 	EXP 	fixation: autoDraw = False
75.7133 	EXP 	line1: autoDraw = False
75.7133 	EXP 	line2: autoDraw = False
75.7133 	EXP 	line3: autoDraw = False
75.7133 	EXP 	line4: autoDraw = False
75.7133 	EXP 	probe: autoDraw = False
75.7133 	EXP 	fixation: autoDraw = True
75.8715 	EXP 	Device response: <KeyPress from None: t=75.69646054698387, value=x, duration=0.17236875800881535>
76.6945 	EXP 	line1: autoDraw = True
76.6945 	EXP 	line2: autoDraw = True
76.6945 	EXP 	line3: autoDraw = True
76.6945 	EXP 	line4: autoDraw = True
76.7106 	EXP 	fixation: autoDraw = False
77.6949 	INFO 	Keyboard events cleared
77.6947 	EXP 	probe: autoDraw = True
77.9549 	EXP 	Device response: <KeyPress from None: t=77.95035718998406, value=v, duration=None>
77.9552 	EXP 	New trial (rep=8, index=2): <Trial 34 (2 in rep 8) data={'pos': np.int64(50), 'corr_resp': 'c', 'thisN': 34, 'thisTrialN': 2, 'thisRepN': 8}>
77.9574 	DATA 	Keypress: v
77.9634 	EXP 	fixation: autoDraw = False
77.9634 	EXP 	line1: autoDraw = False
77.9634 	EXP 	line2: autoDraw = False
77.9634 	EXP 	line3: autoDraw = False
77.9634 	EXP 	line4: autoDraw = False
77.9634 	EXP 	probe: autoDraw = False
77.9634 	EXP 	fixation: autoDraw = True
78.1719 	EXP 	Device response: <KeyPress from None: t=77.95035718998406, value=v, duration=0.22049209801480174>
78.9450 	EXP 	line1: autoDraw = True
78.9450 	EXP 	line2: autoDraw = True
78.9450 	EXP 	line3: autoDraw = True
78.9450 	EXP 	line4: autoDraw = True
78.9608 	EXP 	fixation: autoDraw = False
79.9458 	INFO 	Keyboard events cleared
79.9456 	EXP 	probe: autoDraw = True
80.2124 	EXP 	Device response: <KeyPress from None: t=80.20548852800857, value=c, duration=None>
80.2127 	EXP 	New trial (rep=8, index=3): <Trial 35 (3 in rep 8) data={'pos': np.int64(-150), 'corr_resp': 'z', 'thisN': 35, 'thisTrialN': 3, 'thisRepN': 8}>
80.2149 	DATA 	Keypress: c
80.2206 	EXP 	fixation: autoDraw = False
80.2206 	EXP 	line1: autoDraw = False
80.2206 	EXP 	line2: autoDraw = False
80.2206 	EXP 	line3: autoDraw = False
80.2206 	EXP 	line4: autoDraw = False
80.2206 	EXP 	probe: autoDraw = False
80.2206 	EXP 	fixation: autoDraw = True
80.4116 	EXP 	Device response: <KeyPress from None: t=80.20548852800857, value=c, duration=0.20484371000202373>
81.2115 	EXP 	fixation: autoDraw = False
81.2115 	EXP 	line1: autoDraw = True
81.2115 	EXP 	line2: autoDraw = True
81.2115 	EXP 	line3: autoDraw = True
81.2115 	EXP 	line4: autoDraw = True
82.2123 	INFO 	Keyboard events cleared
82.2121 	EXP 	probe: autoDraw = True
82.5129 	EXP 	Device response: <KeyPress from None: t=82.50715936301276, value=z, duration=None>
82.5132 	EXP 	New trial (rep=9, index=0): <Trial 36 (0 in rep 9) data={'pos': np.int64(-50), 'corr_resp': 'x', 'thisN': 36, 'thisTrialN': 0, 'thisRepN': 9}>
82.5154 	DATA 	Keypress: z
82.5213 	EXP 	fixation: autoDraw = False
82.5213 	EXP 	line1: autoDraw = False
82.5213 	EXP 	line2: autoDraw = False
82.5213 	EXP 	line3: autoDraw = False
82.5213 	EXP 	line4: autoDraw = False
82.5213 	EXP 	probe: autoDraw = False
82.5213 	EXP 	fixation: autoDraw = True
82.6780 	EXP 	Device response: <KeyPress from None: t=82.50715936301276, value=z, duration=0.1677427829708904>
83.5116 	EXP 	fixation: autoDraw = False
83.5116 	EXP 	line1: autoDraw = True
83.5116 	EXP 	line2: autoDraw = True
83.5116 	EXP 	line3: autoDraw = True
83.5116 	EXP 	line4: autoDraw = True
84.5123 	INFO 	Keyboard events cleared
84.5121 	EXP 	probe: autoDraw = True
84.8049 	EXP 	Device response: <KeyPress from None: t=84.80201056000078, value=x, duration=None>
84.8051 	EXP 	New trial (rep=9, index=1): <Trial 37 (1 in rep 9) data={'pos': np.int64(150), 'corr_resp': 'v', 'thisN': 37, 'thisTrialN': 1, 'thisRepN': 9}>
84.8074 	DATA 	Keypress: x
84.8128 	EXP 	fixation: autoDraw = False
84.8128 	EXP 	line1: autoDraw = False
84.8128 	EXP 	line2: autoDraw = False
84.8128 	EXP 	line3: autoDraw = False
84.8128 	EXP 	line4: autoDraw = False
84.8128 	EXP 	probe: autoDraw = False
84.8128 	EXP 	fixation: autoDraw = True
84.9880 	EXP 	Device response: <KeyPress from None: t=84.80201056000078, value=x, duration=0.1758082199958153>
85.7948 	EXP 	line1: autoDraw = True
85.7948 	EXP 	line2: autoDraw = True
85.7948 	EXP 	line3: autoDraw = True
85.7948 	EXP 	line4: autoDraw = True
85.8109 	EXP 	fixation: autoDraw = False
86.7948 	INFO 	Keyboard events cleared
86.7945 	EXP 	probe: autoDraw = True
87.1046 	EXP 	Device response: <KeyPress from None: t=87.09905513201375, value=v, duration=None>
87.1049 	EXP 	New trial (rep=9, index=2): <Trial 38 (2 in rep 9) data={'pos': np.int64(50), 'corr_resp': 'c', 'thisN': 38, 'thisTrialN': 2, 'thisRepN': 9}>
87.1071 	DATA 	Keypress: v
87.1133 	EXP 	fixation: autoDraw = False
87.1133 	EXP 	line1: autoDraw = False
87.1133 	EXP 	line2: autoDraw = False
87.1133 	EXP 	line3: autoDraw = False
87.1133 	EXP 	line4: autoDraw = False
87.1133 	EXP 	probe: autoDraw = False
87.1133 	EXP 	fixation: autoDraw = True
87.3047 	EXP 	Device response: <KeyPress from None: t=87.09905513201375, value=v, duration=0.20010513096349314>
88.0949 	EXP 	line1: autoDraw = True
88.0949 	EXP 	line2: autoDraw = True
88.0949 	EXP 	line3: autoDraw = True
88.0949 	EXP 	line4: autoDraw = True
88.1109 	EXP 	fixation: autoDraw = False
89.0954 	INFO 	Keyboard events cleared
89.0952 	EXP 	probe: autoDraw = True
89.4547 	EXP 	Device response: <KeyPress from None: t=89.44656336301705, value=c, duration=None>
89.4549 	EXP 	New trial (rep=9, index=3): <Trial 39 (3 in rep 9) data={'pos': np.int64(-150), 'corr_resp': 'z', 'thisN': 39, 'thisTrialN': 3, 'thisRepN': 9}>
89.4572 	DATA 	Keypress: c
89.4626 	EXP 	fixation: autoDraw = False
89.4626 	EXP 	line1: autoDraw = False
89.4626 	EXP 	line2: autoDraw = False
89.4626 	EXP 	line3: autoDraw = False
89.4626 	EXP 	line4: autoDraw = False
89.4626 	EXP 	probe: autoDraw = False
89.4626 	EXP 	fixation: autoDraw = True
89.6380 	EXP 	Device response: <KeyPress from None: t=89.44656336301705, value=c, duration=0.18389402196044102>
90.4444 	EXP 	line1: autoDraw = True
90.4444 	EXP 	line2: autoDraw = True
90.4444 	EXP 	line3: autoDraw = True
90.4444 	EXP 	line4: autoDraw = True
90.4607 	EXP 	fixation: autoDraw = False
91.4450 	INFO 	Keyboard events cleared
91.4448 	EXP 	probe: autoDraw = True
91.7953 	EXP 	Device response: <KeyPress from None: t=91.78789761802182, value=z, duration=None>
91.7955 	EXP 	New trial (rep=10, index=0): <Trial 40 (0 in rep 10) data={'pos': np.int64(-50), 'corr_resp': 'x', 'thisN': 40, 'thisTrialN': 0, 'thisRepN': 10}>
91.7978 	DATA 	Keypress: z
91.8036 	EXP 	fixation: autoDraw = False
91.8036 	EXP 	line1: autoDraw = False
91.8036 	EXP 	line2: autoDraw = False
91.8036 	EXP 	line3: autoDraw = False
91.8036 	EXP 	line4: autoDraw = False
91.8036 	EXP 	probe: autoDraw = False
91.8036 	EXP 	fixation: autoDraw = True
91.9615 	EXP 	Device response: <KeyPress from None: t=91.78789761802182, value=z, duration=0.16788397199707106>
92.7947 	EXP 	fixation: autoDraw = False
92.7947 	EXP 	line1: autoDraw = True
92.7947 	EXP 	line2: autoDraw = True
92.7947 	EXP 	line3: autoDraw = True
92.7947 	EXP 	line4: autoDraw = True
93.7948 	INFO 	Keyboard events cleared
93.7945 	EXP 	probe: autoDraw = True
94.2620 	EXP 	Device response: <KeyPress from None: t=94.25960408803076, value=x, duration=None>
94.2623 	EXP 	New trial (rep=10, index=1): <Trial 41 (1 in rep 10) data={'pos': np.int64(150), 'corr_resp': 'v', 'thisN': 41, 'thisTrialN': 1, 'thisRepN': 10}>
94.2704 	EXP 	fixation: autoDraw = False
94.2704 	EXP 	line1: autoDraw = False
94.2704 	EXP 	line2: autoDraw = False
94.2704 	EXP 	line3: autoDraw = False
94.2704 	EXP 	line4: autoDraw = False
94.2704 	EXP 	probe: autoDraw = False
94.2704 	EXP 	fixation: autoDraw = True
94.2729 	DATA 	Keypress: x
94.4782 	EXP 	Device response: <KeyPress from None: t=94.25960408803076, value=x, duration=0.21226644096896052>
95.2610 	EXP 	fixation: autoDraw = False
95.2610 	EXP 	line1: autoDraw = True
95.2610 	EXP 	line2: autoDraw = True
95.2610 	EXP 	line3: autoDraw = True
95.2610 	EXP 	line4: autoDraw = True
96.2613 	INFO 	Keyboard events cleared
96.2611 	EXP 	probe: autoDraw = True
96.5380 	EXP 	Device response: <KeyPress from None: t=96.53434973198455, value=v, duration=None>
96.5383 	EXP 	New trial (rep=10, index=2): <Trial 42 (2 in rep 10) data={'pos': np.int64(50), 'corr_resp': 'c', 'thisN': 42, 'thisTrialN': 2, 'thisRepN': 10}>
96.5406 	DATA 	Keypress: v
96.5467 	EXP 	fixation: autoDraw = False
96.5467 	EXP 	line1: autoDraw = False
96.5467 	EXP 	line2: autoDraw = False
96.5467 	EXP 	line3: autoDraw = False
96.5467 	EXP 	line4: autoDraw = False
96.5467 	EXP 	probe: autoDraw = False
96.5467 	EXP 	fixation: autoDraw = True
96.7711 	EXP 	Device response: <KeyPress from None: t=96.53434973198455, value=v, duration=0.22860850900178775>
97.5279 	EXP 	line1: autoDraw = True
97.5279 	EXP 	line2: autoDraw = True
97.5279 	EXP 	line3: autoDraw = True
97.5279 	EXP 	line4: autoDraw = True
97.5446 	EXP 	fixation: autoDraw = False
98.5280 	INFO 	Keyboard events cleared
98.5278 	EXP 	probe: autoDraw = True
98.7883 	EXP 	Device response: <KeyPress from None: t=98.78736103198025, value=c, duration=None>
98.7886 	EXP 	New trial (rep=10, index=3): <Trial 43 (3 in rep 10) data={'pos': np.int64(-150), 'corr_resp': 'z', 'thisN': 43, 'thisTrialN': 3, 'thisRepN': 10}>
98.7943 	EXP 	fixation: autoDraw = False
98.7943 	EXP 	line1: autoDraw = False
98.7943 	EXP 	line2: autoDraw = False
98.7943 	EXP 	line3: autoDraw = False
98.7943 	EXP 	line4: autoDraw = False
98.7943 	EXP 	probe: autoDraw = False
98.7943 	EXP 	fixation: autoDraw = True
98.7972 	DATA 	Keypress: c
98.9611 	EXP 	Device response: <KeyPress from None: t=98.78736103198025, value=c, duration=0.16766007203841582>
99.7874 	EXP 	fixation: autoDraw = False
99.7874 	EXP 	line1: autoDraw = True
99.7874 	EXP 	line2: autoDraw = True
99.7874 	EXP 	line3: autoDraw = True
99.7874 	EXP 	line4: autoDraw = True
100.7874 	INFO 	Keyboard events cleared
100.7872 	EXP 	probe: autoDraw = True
101.0459 	EXP 	Device response: <KeyPress from None: t=101.03932978998637, value=z, duration=None>
101.0462 	EXP 	New trial (rep=11, index=0): <Trial 44 (0 in rep 11) data={'pos': np.int64(-50), 'corr_resp': 'x', 'thisN': 44, 'thisTrialN': 0, 'thisRepN': 11}>
101.0487 	DATA 	Keypress: z
101.0545 	EXP 	fixation: autoDraw = False
101.0545 	EXP 	line1: autoDraw = False
101.0545 	EXP 	line2: autoDraw = False
101.0545 	EXP 	line3: autoDraw = False
101.0545 	EXP 	line4: autoDraw = False
101.0545 	EXP 	probe: autoDraw = False
101.0545 	EXP 	fixation: autoDraw = True
101.2211 	EXP 	Device response: <KeyPress from None: t=101.03932978998637, value=z, duration=0.17207271402003244>
102.0442 	EXP 	fixation: autoDraw = False
102.0442 	EXP 	line1: autoDraw = True
102.0442 	EXP 	line2: autoDraw = True
102.0442 	EXP 	line3: autoDraw = True
102.0442 	EXP 	line4: autoDraw = True
103.0448 	INFO 	Keyboard events cleared
103.0445 	EXP 	probe: autoDraw = True
103.3715 	EXP 	Device response: <KeyPress from None: t=103.36948747502174, value=x, duration=None>
103.3717 	EXP 	New trial (rep=11, index=1): <Trial 45 (1 in rep 11) data={'pos': np.int64(150), 'corr_resp': 'v', 'thisN': 45, 'thisTrialN': 1, 'thisRepN': 11}>
103.3781 	EXP 	fixation: autoDraw = False
103.3781 	EXP 	line1: autoDraw = False
103.3781 	EXP 	line2: autoDraw = False
103.3781 	EXP 	line3: autoDraw = False
103.3781 	EXP 	line4: autoDraw = False
103.3781 	EXP 	probe: autoDraw = False
103.3781 	EXP 	fixation: autoDraw = True
103.3808 	DATA 	Keypress: x
103.5376 	EXP 	Device response: <KeyPress from None: t=103.36948747502174, value=x, duration=0.1610813169972971>
104.3617 	EXP 	line1: autoDraw = True
104.3617 	EXP 	line2: autoDraw = True
104.3617 	EXP 	line3: autoDraw = True
104.3617 	EXP 	line4: autoDraw = True
104.3708 	EXP 	fixation: autoDraw = False
105.3708 	INFO 	Keyboard events cleared
105.3706 	EXP 	probe: autoDraw = True
105.6379 	EXP 	Device response: <KeyPress from None: t=105.62905157601926, value=v, duration=None>
105.6382 	EXP 	New trial (rep=11, index=2): <Trial 46 (2 in rep 11) data={'pos': np.int64(50), 'corr_resp': 'c', 'thisN': 46, 'thisTrialN': 2, 'thisRepN': 11}>
105.6405 	DATA 	Keypress: v
105.6466 	EXP 	fixation: autoDraw = False
105.6466 	EXP 	line1: autoDraw = False
105.6466 	EXP 	line2: autoDraw = False
105.6466 	EXP 	line3: autoDraw = False
105.6466 	EXP 	line4: autoDraw = False
105.6466 	EXP 	probe: autoDraw = False
105.6466 	EXP 	fixation: autoDraw = True
105.8382 	EXP 	Device response: <KeyPress from None: t=105.62905157601926, value=v, duration=0.2080462509766221>
106.6273 	EXP 	line1: autoDraw = True
106.6273 	EXP 	line2: autoDraw = True
106.6273 	EXP 	line3: autoDraw = True
106.6273 	EXP 	line4: autoDraw = True
106.6439 	EXP 	fixation: autoDraw = False
107.5878 	EXP 	Device response: <KeyPress from None: t=107.58004639099818, value=c, duration=None>
107.5899 	DATA 	Keypress: c
107.6370 	INFO 	Keyboard events cleared
107.6368 	EXP 	probe: autoDraw = True
107.7781 	EXP 	Device response: <KeyPress from None: t=107.58004639099818, value=c, duration=0.19630234502255917>
108.3450 	EXP 	Device response: <KeyPress from None: t=108.34137479698984, value=c, duration=None>
108.3453 	EXP 	New trial (rep=11, index=3): <Trial 47 (3 in rep 11) data={'pos': np.int64(-150), 'corr_resp': 'z', 'thisN': 47, 'thisTrialN': 3, 'thisRepN': 11}>
108.3475 	DATA 	Keypress: c
108.3535 	EXP 	fixation: autoDraw = False
108.3535 	EXP 	line1: autoDraw = False
108.3535 	EXP 	line2: autoDraw = False
108.3535 	EXP 	line3: autoDraw = False
108.3535 	EXP 	line4: autoDraw = False
108.3535 	EXP 	probe: autoDraw = False
108.3535 	EXP 	fixation: autoDraw = True
108.5378 	EXP 	Device response: <KeyPress from None: t=108.34137479698984, value=c, duration=0.18493036698782817>
109.3448 	EXP 	fixation: autoDraw = False
109.3448 	EXP 	line1: autoDraw = True
109.3448 	EXP 	line2: autoDraw = True
109.3448 	EXP 	line3: autoDraw = True
109.3448 	EXP 	line4: autoDraw = True
110.3445 	INFO 	Keyboard events cleared
110.3443 	EXP 	probe: autoDraw = True
110.6287 	EXP 	Device response: <KeyPress from None: t=110.62314104102552, value=z, duration=None>
110.6290 	EXP 	New trial (rep=12, index=0): <Trial 48 (0 in rep 12) data={'pos': np.int64(-50), 'corr_resp': 'x', 'thisN': 48, 'thisTrialN': 0, 'thisRepN': 12}>
110.6313 	DATA 	Keypress: z
110.6371 	EXP 	fixation: autoDraw = False
110.6371 	EXP 	line1: autoDraw = False
110.6371 	EXP 	line2: autoDraw = False
110.6371 	EXP 	line3: autoDraw = False
110.6371 	EXP 	line4: autoDraw = False
110.6371 	EXP 	probe: autoDraw = False
110.6371 	EXP 	fixation: autoDraw = True
110.7779 	EXP 	Device response: <KeyPress from None: t=110.62314104102552, value=z, duration=0.15299441397655755>
111.6272 	EXP 	fixation: autoDraw = False
111.6272 	EXP 	line1: autoDraw = True
111.6272 	EXP 	line2: autoDraw = True
111.6272 	EXP 	line3: autoDraw = True
111.6272 	EXP 	line4: autoDraw = True
112.6272 	INFO 	Keyboard events cleared
112.6270 	EXP 	probe: autoDraw = True
113.2879 	EXP 	Device response: <KeyPress from None: t=113.28577672800748, value=x, duration=None>
113.2882 	EXP 	New trial (rep=12, index=1): <Trial 49 (1 in rep 12) data={'pos': np.int64(150), 'corr_resp': 'v', 'thisN': 49, 'thisTrialN': 1, 'thisRepN': 12}>
113.2945 	EXP 	fixation: autoDraw = False
113.2945 	EXP 	line1: autoDraw = False
113.2945 	EXP 	line2: autoDraw = False
113.2945 	EXP 	line3: autoDraw = False
113.2945 	EXP 	line4: autoDraw = False
113.2945 	EXP 	probe: autoDraw = False
113.2945 	EXP 	fixation: autoDraw = True
113.2973 	DATA 	Keypress: x
113.4708 	EXP 	Device response: <KeyPress from None: t=113.28577672800748, value=x, duration=0.17643032997148111>
114.2776 	EXP 	line1: autoDraw = True
114.2776 	EXP 	line2: autoDraw = True
114.2776 	EXP 	line3: autoDraw = True
114.2776 	EXP 	line4: autoDraw = True
114.2871 	EXP 	fixation: autoDraw = False
115.2783 	INFO 	Keyboard events cleared
115.2781 	EXP 	probe: autoDraw = True
115.5877 	EXP 	Device response: <KeyPress from None: t=115.57966221799143, value=v, duration=None>
115.5879 	EXP 	New trial (rep=12, index=2): <Trial 50 (2 in rep 12) data={'pos': np.int64(50), 'corr_resp': 'c', 'thisN': 50, 'thisTrialN': 2, 'thisRepN': 12}>
115.5902 	DATA 	Keypress: v
115.5962 	EXP 	fixation: autoDraw = False
115.5962 	EXP 	line1: autoDraw = False
115.5962 	EXP 	line2: autoDraw = False
115.5962 	EXP 	line3: autoDraw = False
115.5962 	EXP 	line4: autoDraw = False
115.5962 	EXP 	probe: autoDraw = False
115.5962 	EXP 	fixation: autoDraw = True
115.8108 	EXP 	Device response: <KeyPress from None: t=115.57966221799143, value=v, duration=0.2243541870266199>
116.5782 	EXP 	line1: autoDraw = True
116.5782 	EXP 	line2: autoDraw = True
116.5782 	EXP 	line3: autoDraw = True
116.5782 	EXP 	line4: autoDraw = True
116.5933 	EXP 	fixation: autoDraw = False
117.5779 	INFO 	Keyboard events cleared
117.5776 	EXP 	probe: autoDraw = True
117.8710 	EXP 	Device response: <KeyPress from None: t=117.86164436500985, value=c, duration=None>
117.8712 	EXP 	New trial (rep=12, index=3): <Trial 51 (3 in rep 12) data={'pos': np.int64(-150), 'corr_resp': 'z', 'thisN': 51, 'thisTrialN': 3, 'thisRepN': 12}>
117.8734 	DATA 	Keypress: c
117.8795 	EXP 	fixation: autoDraw = False
117.8795 	EXP 	line1: autoDraw = False
117.8795 	EXP 	line2: autoDraw = False
117.8795 	EXP 	line3: autoDraw = False
117.8795 	EXP 	line4: autoDraw = False
117.8795 	EXP 	probe: autoDraw = False
117.8795 	EXP 	fixation: autoDraw = True
118.0378 	EXP 	Device response: <KeyPress from None: t=117.86164436500985, value=c, duration=0.1720730729866773>
118.8612 	EXP 	line1: autoDraw = True
118.8612 	EXP 	line2: autoDraw = True
118.8612 	EXP 	line3: autoDraw = True
118.8612 	EXP 	line4: autoDraw = True
118.8769 	EXP 	fixation: autoDraw = False
119.8613 	INFO 	Keyboard events cleared
119.8610 	EXP 	probe: autoDraw = True
120.1376 	EXP 	Device response: <KeyPress from None: t=120.13159424398327, value=z, duration=None>
120.1378 	EXP 	New trial (rep=13, index=0): <Trial 52 (0 in rep 13) data={'pos': np.int64(-50), 'corr_resp': 'x', 'thisN': 52, 'thisTrialN': 0, 'thisRepN': 13}>
120.1400 	DATA 	Keypress: z
120.1461 	EXP 	fixation: autoDraw = False
120.1461 	EXP 	line1: autoDraw = False
120.1461 	EXP 	line2: autoDraw = False
120.1461 	EXP 	line3: autoDraw = False
120.1461 	EXP 	line4: autoDraw = False
120.1461 	EXP 	probe: autoDraw = False
120.1461 	EXP 	fixation: autoDraw = True
120.3209 	EXP 	Device response: <KeyPress from None: t=120.13159424398327, value=z, duration=0.18001467001158744>
121.1279 	EXP 	line1: autoDraw = True
121.1279 	EXP 	line2: autoDraw = True
121.1279 	EXP 	line3: autoDraw = True
121.1279 	EXP 	line4: autoDraw = True
121.1435 	EXP 	fixation: autoDraw = False
122.1277 	INFO 	Keyboard events cleared
122.1274 	EXP 	probe: autoDraw = True
122.3951 	EXP 	Device response: <KeyPress from None: t=122.3904465570231, value=x, duration=None>
122.3954 	EXP 	New trial (rep=13, index=1): <Trial 53 (1 in rep 13) data={'pos': np.int64(150), 'corr_resp': 'v', 'thisN': 53, 'thisTrialN': 1, 'thisRepN': 13}>
122.3976 	DATA 	Keypress: x
122.4034 	EXP 	fixation: autoDraw = False
122.4034 	EXP 	line1: autoDraw = False
122.4034 	EXP 	line2: autoDraw = False
122.4034 	EXP 	line3: autoDraw = False
122.4034 	EXP 	line4: autoDraw = False
122.4034 	EXP 	probe: autoDraw = False
122.4034 	EXP 	fixation: autoDraw = True
122.5605 	EXP 	Device response: <KeyPress from None: t=122.3904465570231, value=x, duration=0.16808466997463256>
123.3942 	EXP 	fixation: autoDraw = False
123.3942 	EXP 	line1: autoDraw = True
123.3942 	EXP 	line2: autoDraw = True
123.3942 	EXP 	line3: autoDraw = True
123.3942 	EXP 	line4: autoDraw = True
124.3954 	INFO 	Keyboard events cleared
124.3951 	EXP 	probe: autoDraw = True
124.6548 	EXP 	Device response: <KeyPress from None: t=124.64827563898871, value=v, duration=None>
124.6551 	EXP 	New trial (rep=13, index=2): <Trial 54 (2 in rep 13) data={'pos': np.int64(50), 'corr_resp': 'c', 'thisN': 54, 'thisTrialN': 2, 'thisRepN': 13}>
124.6573 	DATA 	Keypress: v
124.6628 	EXP 	fixation: autoDraw = False
124.6628 	EXP 	line1: autoDraw = False
124.6628 	EXP 	line2: autoDraw = False
124.6628 	EXP 	line3: autoDraw = False
124.6628 	EXP 	line4: autoDraw = False
124.6628 	EXP 	probe: autoDraw = False
124.6628 	EXP 	fixation: autoDraw = True
124.8443 	EXP 	Device response: <KeyPress from None: t=124.64827563898871, value=v, duration=0.1923326959949918>
125.6538 	EXP 	line1: autoDraw = True
125.6538 	EXP 	line2: autoDraw = True
125.6538 	EXP 	line3: autoDraw = True
125.6538 	EXP 	line4: autoDraw = True
125.6613 	EXP 	fixation: autoDraw = False
126.6540 	INFO 	Keyboard events cleared
126.6538 	EXP 	probe: autoDraw = True
126.8712 	EXP 	Device response: <KeyPress from None: t=126.86823213699972, value=c, duration=None>
126.8715 	EXP 	New trial (rep=13, index=3): <Trial 55 (3 in rep 13) data={'pos': np.int64(-150), 'corr_resp': 'z', 'thisN': 55, 'thisTrialN': 3, 'thisRepN': 13}>
126.8737 	DATA 	Keypress: c
126.8793 	EXP 	fixation: autoDraw = False
126.8793 	EXP 	line1: autoDraw = False
126.8793 	EXP 	line2: autoDraw = False
126.8793 	EXP 	line3: autoDraw = False
126.8793 	EXP 	line4: autoDraw = False
126.8793 	EXP 	probe: autoDraw = False
126.8793 	EXP 	fixation: autoDraw = True
127.0714 	EXP 	Device response: <KeyPress from None: t=126.86823213699972, value=c, duration=0.20025525701930746>
127.8612 	EXP 	line1: autoDraw = True
127.8612 	EXP 	line2: autoDraw = True
127.8612 	EXP 	line3: autoDraw = True
127.8612 	EXP 	line4: autoDraw = True
127.8778 	EXP 	fixation: autoDraw = False
128.8704 	INFO 	Keyboard events cleared
128.8702 	EXP 	probe: autoDraw = True
129.1787 	EXP 	Device response: <KeyPress from None: t=129.17407535901293, value=z, duration=None>
129.1790 	EXP 	New trial (rep=14, index=0): <Trial 56 (0 in rep 14) data={'pos': np.int64(-50), 'corr_resp': 'x', 'thisN': 56, 'thisTrialN': 0, 'thisRepN': 14}>
129.1812 	DATA 	Keypress: z
129.1872 	EXP 	fixation: autoDraw = False
129.1872 	EXP 	line1: autoDraw = False
129.1872 	EXP 	line2: autoDraw = False
129.1872 	EXP 	line3: autoDraw = False
129.1872 	EXP 	line4: autoDraw = False
129.1872 	EXP 	probe: autoDraw = False
129.1872 	EXP 	fixation: autoDraw = True
129.3778 	EXP 	Device response: <KeyPress from None: t=129.17407535901293, value=z, duration=0.20027962897438556>
130.1779 	EXP 	fixation: autoDraw = False
130.1779 	EXP 	line1: autoDraw = True
130.1779 	EXP 	line2: autoDraw = True
130.1779 	EXP 	line3: autoDraw = True
130.1779 	EXP 	line4: autoDraw = True
131.1779 	INFO 	Keyboard events cleared
131.1777 	EXP 	probe: autoDraw = True
131.4379 	EXP 	Device response: <KeyPress from None: t=131.43210101599107, value=x, duration=None>
131.4382 	EXP 	New trial (rep=14, index=1): <Trial 57 (1 in rep 14) data={'pos': np.int64(150), 'corr_resp': 'v', 'thisN': 57, 'thisTrialN': 1, 'thisRepN': 14}>
131.4404 	DATA 	Keypress: x
131.4469 	EXP 	fixation: autoDraw = False
131.4469 	EXP 	line1: autoDraw = False
131.4469 	EXP 	line2: autoDraw = False
131.4469 	EXP 	line3: autoDraw = False
131.4469 	EXP 	line4: autoDraw = False
131.4469 	EXP 	probe: autoDraw = False
131.4469 	EXP 	fixation: autoDraw = True
131.6044 	EXP 	Device response: <KeyPress from None: t=131.43210101599107, value=x, duration=0.16444118903018534>
132.4279 	EXP 	line1: autoDraw = True
132.4279 	EXP 	line2: autoDraw = True
132.4279 	EXP 	line3: autoDraw = True
132.4279 	EXP 	line4: autoDraw = True
132.4443 	EXP 	fixation: autoDraw = False
133.4372 	INFO 	Keyboard events cleared
133.4370 	EXP 	probe: autoDraw = True
133.5623 	EXP 	Device response: <KeyPress from None: t=133.5590825820109, value=v, duration=None>
133.5626 	EXP 	New trial (rep=14, index=2): <Trial 58 (2 in rep 14) data={'pos': np.int64(50), 'corr_resp': 'c', 'thisN': 58, 'thisTrialN': 2, 'thisRepN': 14}>
133.5648 	DATA 	Keypress: v
133.5709 	EXP 	fixation: autoDraw = False
133.5709 	EXP 	line1: autoDraw = False
133.5709 	EXP 	line2: autoDraw = False
133.5709 	EXP 	line3: autoDraw = False
133.5709 	EXP 	line4: autoDraw = False
133.5709 	EXP 	probe: autoDraw = False
133.5709 	EXP 	fixation: autoDraw = True
133.7374 	EXP 	Device response: <KeyPress from None: t=133.5590825820109, value=v, duration=0.1719898940064013>
134.5612 	EXP 	fixation: autoDraw = False
134.5612 	EXP 	line1: autoDraw = True
134.5612 	EXP 	line2: autoDraw = True
134.5612 	EXP 	line3: autoDraw = True
134.5612 	EXP 	line4: autoDraw = True
135.5613 	INFO 	Keyboard events cleared
135.5611 	EXP 	probe: autoDraw = True
135.8875 	EXP 	Device response: <KeyPress from None: t=135.87977927102474, value=c, duration=None>
135.8878 	EXP 	New trial (rep=14, index=3): <Trial 59 (3 in rep 14) data={'pos': np.int64(-150), 'corr_resp': 'z', 'thisN': 59, 'thisTrialN': 3, 'thisRepN': 14}>
135.8900 	DATA 	Keypress: c
135.8955 	EXP 	fixation: autoDraw = False
135.8955 	EXP 	line1: autoDraw = False
135.8955 	EXP 	line2: autoDraw = False
135.8955 	EXP 	line3: autoDraw = False
135.8955 	EXP 	line4: autoDraw = False
135.8955 	EXP 	probe: autoDraw = False
135.8955 	EXP 	fixation: autoDraw = True
136.0373 	EXP 	Device response: <KeyPress from None: t=135.87977927102474, value=c, duration=0.14777014998253435>
136.8781 	EXP 	line1: autoDraw = True
136.8781 	EXP 	line2: autoDraw = True
136.8781 	EXP 	line3: autoDraw = True
136.8781 	EXP 	line4: autoDraw = True
136.8870 	EXP 	fixation: autoDraw = False
137.8780 	INFO 	Keyboard events cleared
137.8778 	EXP 	probe: autoDraw = True
138.1620 	EXP 	Device response: <KeyPress from None: t=138.1554817840224, value=z, duration=None>
138.1623 	EXP 	New trial (rep=15, index=0): <Trial 60 (0 in rep 15) data={'pos': np.int64(-50), 'corr_resp': 'x', 'thisN': 60, 'thisTrialN': 0, 'thisRepN': 15}>
138.1645 	DATA 	Keypress: z
138.1705 	EXP 	fixation: autoDraw = False
138.1705 	EXP 	line1: autoDraw = False
138.1705 	EXP 	line2: autoDraw = False
138.1705 	EXP 	line3: autoDraw = False
138.1705 	EXP 	line4: autoDraw = False
138.1705 	EXP 	probe: autoDraw = False
138.1705 	EXP 	fixation: autoDraw = True
138.3208 	EXP 	Device response: <KeyPress from None: t=138.1554817840224, value=z, duration=0.16066990495892242>
139.1613 	EXP 	fixation: autoDraw = False
139.1613 	EXP 	line1: autoDraw = True
139.1613 	EXP 	line2: autoDraw = True
139.1613 	EXP 	line3: autoDraw = True
139.1613 	EXP 	line4: autoDraw = True
140.1613 	INFO 	Keyboard events cleared
140.1611 	EXP 	probe: autoDraw = True
140.5874 	EXP 	Device response: <KeyPress from None: t=140.57873363199178, value=x, duration=None>
140.5877 	EXP 	New trial (rep=15, index=1): <Trial 61 (1 in rep 15) data={'pos': np.int64(150), 'corr_resp': 'v', 'thisN': 61, 'thisTrialN': 1, 'thisRepN': 15}>
140.5899 	DATA 	Keypress: x
140.5955 	EXP 	fixation: autoDraw = False
140.5955 	EXP 	line1: autoDraw = False
140.5955 	EXP 	line2: autoDraw = False
140.5955 	EXP 	line3: autoDraw = False
140.5955 	EXP 	line4: autoDraw = False
140.5955 	EXP 	probe: autoDraw = False
140.5955 	EXP 	fixation: autoDraw = True
140.7607 	EXP 	Device response: <KeyPress from None: t=140.57873363199178, value=x, duration=0.17608293000375852>
141.5775 	EXP 	line1: autoDraw = True
141.5775 	EXP 	line2: autoDraw = True
141.5775 	EXP 	line3: autoDraw = True
141.5775 	EXP 	line4: autoDraw = True
141.5942 	EXP 	fixation: autoDraw = False
142.5778 	INFO 	Keyboard events cleared
142.5775 	EXP 	probe: autoDraw = True
142.8126 	EXP 	Device response: <KeyPress from None: t=142.8060382900294, value=v, duration=None>
142.8129 	EXP 	New trial (rep=15, index=2): <Trial 62 (2 in rep 15) data={'pos': np.int64(50), 'corr_resp': 'c', 'thisN': 62, 'thisTrialN': 2, 'thisRepN': 15}>
142.8151 	DATA 	Keypress: v
142.8212 	EXP 	fixation: autoDraw = False
142.8212 	EXP 	line1: autoDraw = False
142.8212 	EXP 	line2: autoDraw = False
142.8212 	EXP 	line3: autoDraw = False
142.8212 	EXP 	line4: autoDraw = False
142.8212 	EXP 	probe: autoDraw = False
142.8212 	EXP 	fixation: autoDraw = True
142.9878 	EXP 	Device response: <KeyPress from None: t=142.8060382900294, value=v, duration=0.1807948529603891>
143.8110 	EXP 	fixation: autoDraw = False
143.8110 	EXP 	line1: autoDraw = True
143.8110 	EXP 	line2: autoDraw = True
143.8110 	EXP 	line3: autoDraw = True
143.8110 	EXP 	line4: autoDraw = True
144.8116 	INFO 	Keyboard events cleared
144.8114 	EXP 	probe: autoDraw = True
145.0711 	EXP 	Device response: <KeyPress from None: t=145.06139695399906, value=c, duration=None>
145.0714 	EXP 	New trial (rep=15, index=3): <Trial 63 (3 in rep 15) data={'pos': np.int64(-150), 'corr_resp': 'z', 'thisN': 63, 'thisTrialN': 3, 'thisRepN': 15}>
145.0743 	DATA 	Keypress: c
145.0812 	EXP 	fixation: autoDraw = False
145.0812 	EXP 	line1: autoDraw = False
145.0812 	EXP 	line2: autoDraw = False
145.0812 	EXP 	line3: autoDraw = False
145.0812 	EXP 	line4: autoDraw = False
145.0812 	EXP 	probe: autoDraw = False
145.0812 	EXP 	fixation: autoDraw = True
145.2603 	EXP 	Device response: <KeyPress from None: t=145.06139695399906, value=c, duration=0.19624537898926064>
146.0702 	EXP 	line1: autoDraw = True
146.0702 	EXP 	line2: autoDraw = True
146.0702 	EXP 	line3: autoDraw = True
146.0702 	EXP 	line4: autoDraw = True
146.0770 	EXP 	fixation: autoDraw = False
147.0706 	INFO 	Keyboard events cleared
147.0704 	EXP 	probe: autoDraw = True
147.3543 	EXP 	Device response: <KeyPress from None: t=147.35227546200622, value=z, duration=None>
147.3545 	EXP 	New trial (rep=16, index=0): <Trial 64 (0 in rep 16) data={'pos': np.int64(-50), 'corr_resp': 'x', 'thisN': 64, 'thisTrialN': 0, 'thisRepN': 16}>
147.3604 	EXP 	fixation: autoDraw = False
147.3604 	EXP 	line1: autoDraw = False
147.3604 	EXP 	line2: autoDraw = False
147.3604 	EXP 	line3: autoDraw = False
147.3604 	EXP 	line4: autoDraw = False
147.3604 	EXP 	probe: autoDraw = False
147.3604 	EXP 	fixation: autoDraw = True
147.3633 	DATA 	Keypress: z
147.5706 	EXP 	Device response: <KeyPress from None: t=147.35227546200622, value=z, duration=0.20844656397821382>
148.3444 	EXP 	line1: autoDraw = True
148.3444 	EXP 	line2: autoDraw = True
148.3444 	EXP 	line3: autoDraw = True
148.3444 	EXP 	line4: autoDraw = True
148.3535 	EXP 	fixation: autoDraw = False
149.3536 	INFO 	Keyboard events cleared
149.3534 	EXP 	probe: autoDraw = True
149.7371 	EXP 	Device response: <KeyPress from None: t=149.73224076000042, value=x, duration=None>
149.7374 	EXP 	New trial (rep=16, index=1): <Trial 65 (1 in rep 16) data={'pos': np.int64(150), 'corr_resp': 'v', 'thisN': 65, 'thisTrialN': 1, 'thisRepN': 16}>
149.7397 	DATA 	Keypress: x
149.7459 	EXP 	fixation: autoDraw = False
149.7459 	EXP 	line1: autoDraw = False
149.7459 	EXP 	line2: autoDraw = False
149.7459 	EXP 	line3: autoDraw = False
149.7459 	EXP 	line4: autoDraw = False
149.7459 	EXP 	probe: autoDraw = False
149.7459 	EXP 	fixation: autoDraw = True
149.9105 	EXP 	Device response: <KeyPress from None: t=149.73224076000042, value=x, duration=0.17627259902656078>
150.7273 	EXP 	line1: autoDraw = True
150.7273 	EXP 	line2: autoDraw = True
150.7273 	EXP 	line3: autoDraw = True
150.7273 	EXP 	line4: autoDraw = True
150.7438 	EXP 	fixation: autoDraw = False
151.7277 	INFO 	Keyboard events cleared
151.7275 	EXP 	probe: autoDraw = True
151.9878 	EXP 	Device response: <KeyPress from None: t=151.983113342023, value=v, duration=None>
151.9881 	EXP 	New trial (rep=16, index=2): <Trial 66 (2 in rep 16) data={'pos': np.int64(50), 'corr_resp': 'c', 'thisN': 66, 'thisTrialN': 2, 'thisRepN': 16}>
151.9903 	DATA 	Keypress: v
151.9958 	EXP 	fixation: autoDraw = False
151.9958 	EXP 	line1: autoDraw = False
151.9958 	EXP 	line2: autoDraw = False
151.9958 	EXP 	line3: autoDraw = False
151.9958 	EXP 	line4: autoDraw = False
151.9958 	EXP 	probe: autoDraw = False
151.9958 	EXP 	fixation: autoDraw = True
152.1708 	EXP 	Device response: <KeyPress from None: t=151.983113342023, value=v, duration=0.18018029199447483>
152.9868 	EXP 	line1: autoDraw = True
152.9868 	EXP 	line2: autoDraw = True
152.9868 	EXP 	line3: autoDraw = True
152.9868 	EXP 	line4: autoDraw = True
152.9936 	EXP 	fixation: autoDraw = False
153.9870 	INFO 	Keyboard events cleared
153.9868 	EXP 	probe: autoDraw = True
154.3447 	EXP 	Device response: <KeyPress from None: t=154.34103795699775, value=c, duration=None>
154.3450 	EXP 	New trial (rep=16, index=3): <Trial 67 (3 in rep 16) data={'pos': np.int64(-150), 'corr_resp': 'z', 'thisN': 67, 'thisTrialN': 3, 'thisRepN': 16}>
154.3472 	DATA 	Keypress: c
154.3532 	EXP 	fixation: autoDraw = False
154.3532 	EXP 	line1: autoDraw = False
154.3532 	EXP 	line2: autoDraw = False
154.3532 	EXP 	line3: autoDraw = False
154.3532 	EXP 	line4: autoDraw = False
154.3532 	EXP 	probe: autoDraw = False
154.3532 	EXP 	fixation: autoDraw = True
154.5375 	EXP 	Device response: <KeyPress from None: t=154.34103795699775, value=c, duration=0.1922957820352167>
155.3444 	EXP 	fixation: autoDraw = False
155.3444 	EXP 	line1: autoDraw = True
155.3444 	EXP 	line2: autoDraw = True
155.3444 	EXP 	line3: autoDraw = True
155.3444 	EXP 	line4: autoDraw = True
156.3442 	INFO 	Keyboard events cleared
156.3440 	EXP 	probe: autoDraw = True
156.7118 	EXP 	Device response: <KeyPress from None: t=156.70498653000686, value=z, duration=None>
156.7121 	EXP 	New trial (rep=17, index=0): <Trial 68 (0 in rep 17) data={'pos': np.int64(-50), 'corr_resp': 'x', 'thisN': 68, 'thisTrialN': 0, 'thisRepN': 17}>
156.7145 	DATA 	Keypress: z
156.7205 	EXP 	fixation: autoDraw = False
156.7205 	EXP 	line1: autoDraw = False
156.7205 	EXP 	line2: autoDraw = False
156.7205 	EXP 	line3: autoDraw = False
156.7205 	EXP 	line4: autoDraw = False
156.7205 	EXP 	probe: autoDraw = False
156.7205 	EXP 	fixation: autoDraw = True
156.8704 	EXP 	Device response: <KeyPress from None: t=156.70498653000686, value=z, duration=0.15600024198647588>
157.7111 	EXP 	fixation: autoDraw = False
157.7111 	EXP 	line1: autoDraw = True
157.7111 	EXP 	line2: autoDraw = True
157.7111 	EXP 	line3: autoDraw = True
157.7111 	EXP 	line4: autoDraw = True
158.7110 	INFO 	Keyboard events cleared
158.7107 	EXP 	probe: autoDraw = True
159.0042 	EXP 	Device response: <KeyPress from None: t=158.99926976900315, value=x, duration=None>
159.0044 	EXP 	New trial (rep=17, index=1): <Trial 69 (1 in rep 17) data={'pos': np.int64(150), 'corr_resp': 'v', 'thisN': 69, 'thisTrialN': 1, 'thisRepN': 17}>
159.0066 	DATA 	Keypress: x
159.0118 	EXP 	fixation: autoDraw = False
159.0118 	EXP 	line1: autoDraw = False
159.0118 	EXP 	line2: autoDraw = False
159.0118 	EXP 	line3: autoDraw = False
159.0118 	EXP 	line4: autoDraw = False
159.0118 	EXP 	probe: autoDraw = False
159.0118 	EXP 	fixation: autoDraw = True
159.1704 	EXP 	Device response: <KeyPress from None: t=158.99926976900315, value=x, duration=0.1607572860084474>
159.9945 	EXP 	line1: autoDraw = True
159.9945 	EXP 	line2: autoDraw = True
159.9945 	EXP 	line3: autoDraw = True
159.9945 	EXP 	line4: autoDraw = True
160.0025 	EXP 	fixation: autoDraw = False
161.0034 	INFO 	Keyboard events cleared
161.0032 	EXP 	probe: autoDraw = True
161.3615 	EXP 	Device response: <KeyPress from None: t=161.35673804499675, value=v, duration=None>
161.3618 	EXP 	New trial (rep=17, index=2): <Trial 70 (2 in rep 17) data={'pos': np.int64(50), 'corr_resp': 'c', 'thisN': 70, 'thisTrialN': 2, 'thisRepN': 17}>
161.3640 	DATA 	Keypress: v
161.3700 	EXP 	fixation: autoDraw = False
161.3700 	EXP 	line1: autoDraw = False
161.3700 	EXP 	line2: autoDraw = False
161.3700 	EXP 	line3: autoDraw = False
161.3700 	EXP 	line4: autoDraw = False
161.3700 	EXP 	probe: autoDraw = False
161.3700 	EXP 	fixation: autoDraw = True
161.5373 	EXP 	Device response: <KeyPress from None: t=161.35673804499675, value=v, duration=0.17608050402486697>
162.3607 	EXP 	fixation: autoDraw = False
162.3607 	EXP 	line1: autoDraw = True
162.3607 	EXP 	line2: autoDraw = True
162.3607 	EXP 	line3: autoDraw = True
162.3607 	EXP 	line4: autoDraw = True
163.3608 	INFO 	Keyboard events cleared
163.3605 	EXP 	probe: autoDraw = True
163.6707 	EXP 	Device response: <KeyPress from None: t=163.6685450359946, value=c, duration=None>
163.6709 	EXP 	New trial (rep=17, index=3): <Trial 71 (3 in rep 17) data={'pos': np.int64(-150), 'corr_resp': 'z', 'thisN': 71, 'thisTrialN': 3, 'thisRepN': 17}>
163.6774 	EXP 	fixation: autoDraw = False
163.6774 	EXP 	line1: autoDraw = False
163.6774 	EXP 	line2: autoDraw = False
163.6774 	EXP 	line3: autoDraw = False
163.6774 	EXP 	line4: autoDraw = False
163.6774 	EXP 	probe: autoDraw = False
163.6774 	EXP 	fixation: autoDraw = True
163.6802 	DATA 	Keypress: c
163.8937 	EXP 	Device response: <KeyPress from None: t=163.6685450359946, value=c, duration=0.22037190198898315>
164.6610 	EXP 	line1: autoDraw = True
164.6610 	EXP 	line2: autoDraw = True
164.6610 	EXP 	line3: autoDraw = True
164.6610 	EXP 	line4: autoDraw = True
164.6691 	EXP 	fixation: autoDraw = False
165.6609 	INFO 	Keyboard events cleared
165.6607 	EXP 	probe: autoDraw = True
166.0615 	EXP 	Device response: <KeyPress from None: t=166.0565238809795, value=z, duration=None>
166.0618 	EXP 	New trial (rep=18, index=0): <Trial 72 (0 in rep 18) data={'pos': np.int64(-50), 'corr_resp': 'x', 'thisN': 72, 'thisTrialN': 0, 'thisRepN': 18}>
166.0640 	DATA 	Keypress: z
166.0701 	EXP 	fixation: autoDraw = False
166.0701 	EXP 	line1: autoDraw = False
166.0701 	EXP 	line2: autoDraw = False
166.0701 	EXP 	line3: autoDraw = False
166.0701 	EXP 	line4: autoDraw = False
166.0701 	EXP 	probe: autoDraw = False
166.0701 	EXP 	fixation: autoDraw = True
166.2206 	EXP 	Device response: <KeyPress from None: t=166.0565238809795, value=z, duration=0.16036477399757132>
167.0598 	EXP 	fixation: autoDraw = False
167.0598 	EXP 	line1: autoDraw = True
167.0598 	EXP 	line2: autoDraw = True
167.0598 	EXP 	line3: autoDraw = True
167.0598 	EXP 	line4: autoDraw = True
168.0597 	INFO 	Keyboard events cleared
168.0595 	EXP 	probe: autoDraw = True
168.3370 	EXP 	Device response: <KeyPress from None: t=168.3276683150325, value=x, duration=None>
168.3372 	EXP 	New trial (rep=18, index=1): <Trial 73 (1 in rep 18) data={'pos': np.int64(150), 'corr_resp': 'v', 'thisN': 73, 'thisTrialN': 1, 'thisRepN': 18}>
168.3394 	DATA 	Keypress: x
168.3450 	EXP 	fixation: autoDraw = False
168.3450 	EXP 	line1: autoDraw = False
168.3450 	EXP 	line2: autoDraw = False
168.3450 	EXP 	line3: autoDraw = False
168.3450 	EXP 	line4: autoDraw = False
168.3450 	EXP 	probe: autoDraw = False
168.3450 	EXP 	fixation: autoDraw = True
168.4874 	EXP 	Device response: <KeyPress from None: t=168.3276683150325, value=x, duration=0.15686139999888837>
169.3275 	EXP 	line1: autoDraw = True
169.3275 	EXP 	line2: autoDraw = True
169.3275 	EXP 	line3: autoDraw = True
169.3275 	EXP 	line4: autoDraw = True
169.3368 	EXP 	fixation: autoDraw = False
170.3274 	INFO 	Keyboard events cleared
170.3271 	EXP 	probe: autoDraw = True
170.5449 	EXP 	Device response: <KeyPress from None: t=170.5382672540145, value=v, duration=None>
170.5451 	EXP 	New trial (rep=18, index=2): <Trial 74 (2 in rep 18) data={'pos': np.int64(50), 'corr_resp': 'c', 'thisN': 74, 'thisTrialN': 2, 'thisRepN': 18}>
170.5474 	DATA 	Keypress: v
170.5533 	EXP 	fixation: autoDraw = False
170.5533 	EXP 	line1: autoDraw = False
170.5533 	EXP 	line2: autoDraw = False
170.5533 	EXP 	line3: autoDraw = False
170.5533 	EXP 	line4: autoDraw = False
170.5533 	EXP 	probe: autoDraw = False
170.5533 	EXP 	fixation: autoDraw = True
170.7273 	EXP 	Device response: <KeyPress from None: t=170.5382672540145, value=v, duration=0.1843197139678523>
171.5443 	EXP 	fixation: autoDraw = False
171.5443 	EXP 	line1: autoDraw = True
171.5443 	EXP 	line2: autoDraw = True
171.5443 	EXP 	line3: autoDraw = True
171.5443 	EXP 	line4: autoDraw = True
172.5447 	INFO 	Keyboard events cleared
172.5444 	EXP 	probe: autoDraw = True
173.1539 	EXP 	Device response: <KeyPress from None: t=173.14910760999192, value=c, duration=None>
173.1542 	EXP 	New trial (rep=18, index=3): <Trial 75 (3 in rep 18) data={'pos': np.int64(-150), 'corr_resp': 'z', 'thisN': 75, 'thisTrialN': 3, 'thisRepN': 18}>
173.1564 	DATA 	Keypress: c
173.1626 	EXP 	fixation: autoDraw = False
173.1626 	EXP 	line1: autoDraw = False
173.1626 	EXP 	line2: autoDraw = False
173.1626 	EXP 	line3: autoDraw = False
173.1626 	EXP 	line4: autoDraw = False
173.1626 	EXP 	probe: autoDraw = False
173.1626 	EXP 	fixation: autoDraw = True
173.3605 	EXP 	Device response: <KeyPress from None: t=173.14910760999192, value=c, duration=0.20445173903135583>
174.1443 	EXP 	line1: autoDraw = True
174.1443 	EXP 	line2: autoDraw = True
174.1443 	EXP 	line3: autoDraw = True
174.1443 	EXP 	line4: autoDraw = True
174.1601 	EXP 	fixation: autoDraw = False
175.1472 	INFO 	Keyboard events cleared
175.1469 	EXP 	probe: autoDraw = True
175.3202 	EXP 	Device response: <KeyPress from None: t=175.31513738603098, value=z, duration=None>
175.3204 	EXP 	New trial (rep=19, index=0): <Trial 76 (0 in rep 19) data={'pos': np.int64(-50), 'corr_resp': 'x', 'thisN': 76, 'thisTrialN': 0, 'thisRepN': 19}>
175.3227 	DATA 	Keypress: z
175.3287 	EXP 	fixation: autoDraw = False
175.3287 	EXP 	line1: autoDraw = False
175.3287 	EXP 	line2: autoDraw = False
175.3287 	EXP 	line3: autoDraw = False
175.3287 	EXP 	line4: autoDraw = False
175.3287 	EXP 	probe: autoDraw = False
175.3287 	EXP 	fixation: autoDraw = True
175.5201 	EXP 	Device response: <KeyPress from None: t=175.31513738603098, value=z, duration=0.1962437320034951>
176.3098 	EXP 	line1: autoDraw = True
176.3098 	EXP 	line2: autoDraw = True
176.3098 	EXP 	line3: autoDraw = True
176.3098 	EXP 	line4: autoDraw = True
176.3262 	EXP 	fixation: autoDraw = False
177.3105 	INFO 	Keyboard events cleared
177.3103 	EXP 	probe: autoDraw = True
177.6033 	EXP 	Device response: <KeyPress from None: t=177.59330063703237, value=x, duration=None>
177.6036 	EXP 	New trial (rep=19, index=1): <Trial 77 (1 in rep 19) data={'pos': np.int64(150), 'corr_resp': 'v', 'thisN': 77, 'thisTrialN': 1, 'thisRepN': 19}>
177.6058 	DATA 	Keypress: x
177.6112 	EXP 	fixation: autoDraw = False
177.6112 	EXP 	line1: autoDraw = False
177.6112 	EXP 	line2: autoDraw = False
177.6112 	EXP 	line3: autoDraw = False
177.6112 	EXP 	line4: autoDraw = False
177.6112 	EXP 	probe: autoDraw = False
177.6112 	EXP 	fixation: autoDraw = True
177.7598 	EXP 	Device response: <KeyPress from None: t=177.59330063703237, value=x, duration=0.16500079998513684>
178.5931 	EXP 	line1: autoDraw = True
178.5931 	EXP 	line2: autoDraw = True
178.5931 	EXP 	line3: autoDraw = True
178.5931 	EXP 	line4: autoDraw = True
178.6099 	EXP 	fixation: autoDraw = False
179.5939 	INFO 	Keyboard events cleared
179.5937 	EXP 	probe: autoDraw = True
179.8867 	EXP 	Device response: <KeyPress from None: t=179.87801680102712, value=v, duration=None>
179.8869 	EXP 	New trial (rep=19, index=2): <Trial 78 (2 in rep 19) data={'pos': np.int64(50), 'corr_resp': 'c', 'thisN': 78, 'thisTrialN': 2, 'thisRepN': 19}>
179.8892 	DATA 	Keypress: v
179.8948 	EXP 	fixation: autoDraw = False
179.8948 	EXP 	line1: autoDraw = False
179.8948 	EXP 	line2: autoDraw = False
179.8948 	EXP 	line3: autoDraw = False
179.8948 	EXP 	line4: autoDraw = False
179.8948 	EXP 	probe: autoDraw = False
179.8948 	EXP 	fixation: autoDraw = True
180.0702 	EXP 	Device response: <KeyPress from None: t=179.87801680102712, value=v, duration=0.18431750597665086>
180.8777 	EXP 	line1: autoDraw = True
180.8777 	EXP 	line2: autoDraw = True
180.8777 	EXP 	line3: autoDraw = True
180.8777 	EXP 	line4: autoDraw = True
180.8857 	EXP 	fixation: autoDraw = False
181.8772 	INFO 	Keyboard events cleared
181.8770 	EXP 	probe: autoDraw = True
182.1372 	EXP 	Device response: <KeyPress from None: t=182.1338162139873, value=c, duration=None>
182.1374 	EXP 	New trial (rep=19, index=3): <Trial 79 (3 in rep 19) data={'pos': np.int64(-150), 'corr_resp': 'z', 'thisN': 79, 'thisTrialN': 3, 'thisRepN': 19}>
182.1396 	DATA 	Keypress: c
182.1459 	EXP 	fixation: autoDraw = False
182.1459 	EXP 	line1: autoDraw = False
182.1459 	EXP 	line2: autoDraw = False
182.1459 	EXP 	line3: autoDraw = False
182.1459 	EXP 	line4: autoDraw = False
182.1459 	EXP 	probe: autoDraw = False
182.1459 	EXP 	fixation: autoDraw = True
182.3437 	EXP 	Device response: <KeyPress from None: t=182.1338162139873, value=c, duration=0.20819068001583219>
183.1364 	EXP 	line1: autoDraw = True
183.1364 	EXP 	line2: autoDraw = True
183.1364 	EXP 	line3: autoDraw = True
183.1364 	EXP 	line4: autoDraw = True
183.1433 	EXP 	fixation: autoDraw = False
184.1365 	INFO 	Keyboard events cleared
184.1363 	EXP 	probe: autoDraw = True
184.4368 	EXP 	Device response: <KeyPress from None: t=184.43068266002228, value=z, duration=None>
184.4370 	EXP 	New trial (rep=20, index=0): <Trial 80 (0 in rep 20) data={'pos': np.int64(-50), 'corr_resp': 'x', 'thisN': 80, 'thisTrialN': 0, 'thisRepN': 20}>
184.4392 	DATA 	Keypress: z
184.4454 	EXP 	fixation: autoDraw = False
184.4454 	EXP 	line1: autoDraw = False
184.4454 	EXP 	line2: autoDraw = False
184.4454 	EXP 	line3: autoDraw = False
184.4454 	EXP 	line4: autoDraw = False
184.4454 	EXP 	probe: autoDraw = False
184.4454 	EXP 	fixation: autoDraw = True
184.6371 	EXP 	Device response: <KeyPress from None: t=184.43068266002228, value=z, duration=0.20428295497549698>
185.4275 	EXP 	line1: autoDraw = True
185.4275 	EXP 	line2: autoDraw = True
185.4275 	EXP 	line3: autoDraw = True
185.4275 	EXP 	line4: autoDraw = True
185.4430 	EXP 	fixation: autoDraw = False
186.3776 	EXP 	Device response: <KeyPress from None: t=186.37152598699322, value=x, duration=None>
186.3798 	DATA 	Keypress: x
186.4276 	INFO 	Keyboard events cleared
186.4273 	EXP 	probe: autoDraw = True
186.5372 	EXP 	Device response: <KeyPress from None: t=186.37152598699322, value=x, duration=0.16036225599236786>
186.9774 	EXP 	Device response: <KeyPress from None: t=186.9698613419896, value=x, duration=None>
186.9777 	EXP 	New trial (rep=20, index=1): <Trial 81 (1 in rep 20) data={'pos': np.int64(150), 'corr_resp': 'v', 'thisN': 81, 'thisTrialN': 1, 'thisRepN': 20}>
186.9799 	DATA 	Keypress: x
186.9857 	EXP 	fixation: autoDraw = False
186.9857 	EXP 	line1: autoDraw = False
186.9857 	EXP 	line2: autoDraw = False
186.9857 	EXP 	line3: autoDraw = False
186.9857 	EXP 	line4: autoDraw = False
186.9857 	EXP 	probe: autoDraw = False
186.9857 	EXP 	fixation: autoDraw = True
187.1206 	EXP 	Device response: <KeyPress from None: t=186.9698613419896, value=x, duration=0.148972833994776>
187.9773 	EXP 	fixation: autoDraw = False
187.9773 	EXP 	line1: autoDraw = True
187.9773 	EXP 	line2: autoDraw = True
187.9773 	EXP 	line3: autoDraw = True
187.9773 	EXP 	line4: autoDraw = True
188.9771 	INFO 	Keyboard events cleared
188.9768 	EXP 	probe: autoDraw = True
189.3447 	EXP 	Device response: <KeyPress from None: t=189.3378539730329, value=v, duration=None>
189.3450 	EXP 	New trial (rep=20, index=2): <Trial 82 (2 in rep 20) data={'pos': np.int64(50), 'corr_resp': 'c', 'thisN': 82, 'thisTrialN': 2, 'thisRepN': 20}>
189.3473 	DATA 	Keypress: v
189.3533 	EXP 	fixation: autoDraw = False
189.3533 	EXP 	line1: autoDraw = False
189.3533 	EXP 	line2: autoDraw = False
189.3533 	EXP 	line3: autoDraw = False
189.3533 	EXP 	line4: autoDraw = False
189.3533 	EXP 	probe: autoDraw = False
189.3533 	EXP 	fixation: autoDraw = True
189.5369 	EXP 	Device response: <KeyPress from None: t=189.3378539730329, value=v, duration=0.19222674297634512>
190.3431 	EXP 	fixation: autoDraw = False
190.3431 	EXP 	line1: autoDraw = True
190.3431 	EXP 	line2: autoDraw = True
190.3431 	EXP 	line3: autoDraw = True
190.3431 	EXP 	line4: autoDraw = True
191.3438 	INFO 	Keyboard events cleared
191.3436 	EXP 	probe: autoDraw = True
192.0037 	EXP 	Device response: <KeyPress from None: t=191.99557701701997, value=c, duration=None>
192.0040 	EXP 	New trial (rep=20, index=3): <Trial 83 (3 in rep 20) data={'pos': np.int64(-150), 'corr_resp': 'z', 'thisN': 83, 'thisTrialN': 3, 'thisRepN': 20}>
192.0065 	DATA 	Keypress: c
192.0122 	EXP 	fixation: autoDraw = False
192.0122 	EXP 	line1: autoDraw = False
192.0122 	EXP 	line2: autoDraw = False
192.0122 	EXP 	line3: autoDraw = False
192.0122 	EXP 	line4: autoDraw = False
192.0122 	EXP 	probe: autoDraw = False
192.0122 	EXP 	fixation: autoDraw = True
192.1868 	EXP 	Device response: <KeyPress from None: t=191.99557701701997, value=c, duration=0.18820396799128503>
193.0028 	EXP 	line1: autoDraw = True
193.0028 	EXP 	line2: autoDraw = True
193.0028 	EXP 	line3: autoDraw = True
193.0028 	EXP 	line4: autoDraw = True
193.0095 	EXP 	fixation: autoDraw = False
194.0029 	INFO 	Keyboard events cleared
194.0027 	EXP 	probe: autoDraw = True
194.2698 	EXP 	Device response: <KeyPress from None: t=194.26019872998586, value=z, duration=None>
194.2700 	EXP 	New trial (rep=21, index=0): <Trial 84 (0 in rep 21) data={'pos': np.int64(-50), 'corr_resp': 'x', 'thisN': 84, 'thisTrialN': 0, 'thisRepN': 21}>
194.2722 	DATA 	Keypress: z
194.2783 	EXP 	fixation: autoDraw = False
194.2783 	EXP 	line1: autoDraw = False
194.2783 	EXP 	line2: autoDraw = False
194.2783 	EXP 	line3: autoDraw = False
194.2783 	EXP 	line4: autoDraw = False
194.2783 	EXP 	probe: autoDraw = False
194.2783 	EXP 	fixation: autoDraw = True
194.4763 	EXP 	Device response: <KeyPress from None: t=194.26019872998586, value=z, duration=0.21374994004145265>
195.2601 	EXP 	line1: autoDraw = True
195.2601 	EXP 	line2: autoDraw = True
195.2601 	EXP 	line3: autoDraw = True
195.2601 	EXP 	line4: autoDraw = True
195.2760 	EXP 	fixation: autoDraw = False
196.2600 	INFO 	Keyboard events cleared
196.2597 	EXP 	probe: autoDraw = True
196.7771 	EXP 	Device response: <KeyPress from None: t=196.77412890997948, value=x, duration=None>
196.7774 	EXP 	New trial (rep=21, index=1): <Trial 85 (1 in rep 21) data={'pos': np.int64(150), 'corr_resp': 'v', 'thisN': 85, 'thisTrialN': 1, 'thisRepN': 21}>
196.7796 	DATA 	Keypress: x
196.7856 	EXP 	fixation: autoDraw = False
196.7856 	EXP 	line1: autoDraw = False
196.7856 	EXP 	line2: autoDraw = False
196.7856 	EXP 	line3: autoDraw = False
196.7856 	EXP 	line4: autoDraw = False
196.7856 	EXP 	probe: autoDraw = False
196.7856 	EXP 	fixation: autoDraw = True
196.9365 	EXP 	Device response: <KeyPress from None: t=196.77412890997948, value=x, duration=0.1598313670256175>
197.7765 	EXP 	fixation: autoDraw = False
197.7765 	EXP 	line1: autoDraw = True
197.7765 	EXP 	line2: autoDraw = True
197.7765 	EXP 	line3: autoDraw = True
197.7765 	EXP 	line4: autoDraw = True
198.7695 	INFO 	Keyboard events cleared
198.7693 	EXP 	probe: autoDraw = True
199.0367 	EXP 	Device response: <KeyPress from None: t=199.02821391500765, value=v, duration=None>
199.0370 	EXP 	New trial (rep=21, index=2): <Trial 86 (2 in rep 21) data={'pos': np.int64(50), 'corr_resp': 'c', 'thisN': 86, 'thisTrialN': 2, 'thisRepN': 21}>
199.0392 	DATA 	Keypress: v
199.0446 	EXP 	fixation: autoDraw = False
199.0446 	EXP 	line1: autoDraw = False
199.0446 	EXP 	line2: autoDraw = False
199.0446 	EXP 	line3: autoDraw = False
199.0446 	EXP 	line4: autoDraw = False
199.0446 	EXP 	probe: autoDraw = False
199.0446 	EXP 	fixation: autoDraw = True
199.2263 	EXP 	Device response: <KeyPress from None: t=199.02821391500765, value=v, duration=0.19206920900614932>
200.0262 	EXP 	line1: autoDraw = True
200.0262 	EXP 	line2: autoDraw = True
200.0262 	EXP 	line3: autoDraw = True
200.0262 	EXP 	line4: autoDraw = True
200.0425 	EXP 	fixation: autoDraw = False
201.0268 	INFO 	Keyboard events cleared
201.0266 	EXP 	probe: autoDraw = True
201.3033 	EXP 	Device response: <KeyPress from None: t=201.29987597401487, value=c, duration=None>
201.3035 	EXP 	New trial (rep=21, index=3): <Trial 87 (3 in rep 21) data={'pos': np.int64(-150), 'corr_resp': 'z', 'thisN': 87, 'thisTrialN': 3, 'thisRepN': 21}>
201.3057 	DATA 	Keypress: c
201.3111 	EXP 	fixation: autoDraw = False
201.3111 	EXP 	line1: autoDraw = False
201.3111 	EXP 	line2: autoDraw = False
201.3111 	EXP 	line3: autoDraw = False
201.3111 	EXP 	line4: autoDraw = False
201.3111 	EXP 	probe: autoDraw = False
201.3111 	EXP 	fixation: autoDraw = True
201.4866 	EXP 	Device response: <KeyPress from None: t=201.29987597401487, value=c, duration=0.1841906210174784>
202.2931 	EXP 	line1: autoDraw = True
202.2931 	EXP 	line2: autoDraw = True
202.2931 	EXP 	line3: autoDraw = True
202.2931 	EXP 	line4: autoDraw = True
202.3092 	EXP 	fixation: autoDraw = False
203.2933 	INFO 	Keyboard events cleared
203.2931 	EXP 	probe: autoDraw = True
203.5605 	EXP 	Device response: <KeyPress from None: t=203.5579159029876, value=z, duration=None>
203.5608 	EXP 	New trial (rep=22, index=0): <Trial 88 (0 in rep 22) data={'pos': np.int64(-50), 'corr_resp': 'x', 'thisN': 88, 'thisTrialN': 0, 'thisRepN': 22}>
203.5691 	EXP 	fixation: autoDraw = False
203.5691 	EXP 	line1: autoDraw = False
203.5691 	EXP 	line2: autoDraw = False
203.5691 	EXP 	line3: autoDraw = False
203.5691 	EXP 	line4: autoDraw = False
203.5691 	EXP 	probe: autoDraw = False
203.5691 	EXP 	fixation: autoDraw = True
203.5720 	DATA 	Keypress: z
203.7600 	EXP 	Device response: <KeyPress from None: t=203.5579159029876, value=z, duration=0.19631062203552574>
204.5592 	EXP 	fixation: autoDraw = False
204.5592 	EXP 	line1: autoDraw = True
204.5592 	EXP 	line2: autoDraw = True
204.5592 	EXP 	line3: autoDraw = True
204.5592 	EXP 	line4: autoDraw = True
205.5594 	INFO 	Keyboard events cleared
205.5592 	EXP 	probe: autoDraw = True
205.7772 	EXP 	Device response: <KeyPress from None: t=205.77071205701213, value=x, duration=None>
205.7775 	EXP 	New trial (rep=22, index=1): <Trial 89 (1 in rep 22) data={'pos': np.int64(150), 'corr_resp': 'v', 'thisN': 89, 'thisTrialN': 1, 'thisRepN': 22}>
205.7797 	DATA 	Keypress: x
205.7854 	EXP 	fixation: autoDraw = False
205.7854 	EXP 	line1: autoDraw = False
205.7854 	EXP 	line2: autoDraw = False
205.7854 	EXP 	line3: autoDraw = False
205.7854 	EXP 	line4: autoDraw = False
205.7854 	EXP 	probe: autoDraw = False
205.7854 	EXP 	fixation: autoDraw = True
205.9532 	EXP 	Device response: <KeyPress from None: t=205.77071205701213, value=x, duration=0.18024840799625963>
206.7760 	EXP 	fixation: autoDraw = False
206.7760 	EXP 	line1: autoDraw = True
206.7760 	EXP 	line2: autoDraw = True
206.7760 	EXP 	line3: autoDraw = True
206.7760 	EXP 	line4: autoDraw = True
207.7768 	INFO 	Keyboard events cleared
207.7765 	EXP 	probe: autoDraw = True
208.0437 	EXP 	Device response: <KeyPress from None: t=208.03966179600684, value=v, duration=None>
208.0440 	EXP 	New trial (rep=22, index=2): <Trial 90 (2 in rep 22) data={'pos': np.int64(50), 'corr_resp': 'c', 'thisN': 90, 'thisTrialN': 2, 'thisRepN': 22}>
208.0462 	DATA 	Keypress: v
208.0519 	EXP 	fixation: autoDraw = False
208.0519 	EXP 	line1: autoDraw = False
208.0519 	EXP 	line2: autoDraw = False
208.0519 	EXP 	line3: autoDraw = False
208.0519 	EXP 	line4: autoDraw = False
208.0519 	EXP 	probe: autoDraw = False
208.0519 	EXP 	fixation: autoDraw = True
208.2366 	EXP 	Device response: <KeyPress from None: t=208.03966179600684, value=v, duration=0.19225237297359854>
209.0421 	EXP 	fixation: autoDraw = False
209.0421 	EXP 	line1: autoDraw = True
209.0421 	EXP 	line2: autoDraw = True
209.0421 	EXP 	line3: autoDraw = True
209.0421 	EXP 	line4: autoDraw = True
210.0427 	INFO 	Keyboard events cleared
210.0425 	EXP 	probe: autoDraw = True
210.3194 	EXP 	Device response: <KeyPress from None: t=210.31050748098642, value=c, duration=None>
210.3197 	EXP 	New trial (rep=22, index=3): <Trial 91 (3 in rep 22) data={'pos': np.int64(-150), 'corr_resp': 'z', 'thisN': 91, 'thisTrialN': 3, 'thisRepN': 22}>
210.3219 	DATA 	Keypress: c
210.3271 	EXP 	fixation: autoDraw = False
210.3271 	EXP 	line1: autoDraw = False
210.3271 	EXP 	line2: autoDraw = False
210.3271 	EXP 	line3: autoDraw = False
210.3271 	EXP 	line4: autoDraw = False
210.3271 	EXP 	probe: autoDraw = False
210.3271 	EXP 	fixation: autoDraw = True
210.5032 	EXP 	Device response: <KeyPress from None: t=210.31050748098642, value=c, duration=0.18813042400870472>
211.3081 	EXP 	line1: autoDraw = True
211.3081 	EXP 	line2: autoDraw = True
211.3081 	EXP 	line3: autoDraw = True
211.3081 	EXP 	line4: autoDraw = True
211.3247 	EXP 	fixation: autoDraw = False
212.3095 	INFO 	Keyboard events cleared
212.3092 	EXP 	probe: autoDraw = True
212.5697 	EXP 	Device response: <KeyPress from None: t=212.56370936299209, value=z, duration=None>
212.5699 	EXP 	New trial (rep=23, index=0): <Trial 92 (0 in rep 23) data={'pos': np.int64(-50), 'corr_resp': 'x', 'thisN': 92, 'thisTrialN': 0, 'thisRepN': 23}>
212.5722 	DATA 	Keypress: z
212.5775 	EXP 	fixation: autoDraw = False
212.5775 	EXP 	line1: autoDraw = False
212.5775 	EXP 	line2: autoDraw = False
212.5775 	EXP 	line3: autoDraw = False
212.5775 	EXP 	line4: autoDraw = False
212.5775 	EXP 	probe: autoDraw = False
212.5775 	EXP 	fixation: autoDraw = True
212.7361 	EXP 	Device response: <KeyPress from None: t=212.56370936299209, value=z, duration=0.16749019001144916>
213.5598 	EXP 	line1: autoDraw = True
213.5598 	EXP 	line2: autoDraw = True
213.5598 	EXP 	line3: autoDraw = True
213.5598 	EXP 	line4: autoDraw = True
213.5754 	EXP 	fixation: autoDraw = False
214.5595 	INFO 	Keyboard events cleared
214.5593 	EXP 	probe: autoDraw = True
214.8102 	EXP 	Device response: <KeyPress from None: t=214.80337527702795, value=x, duration=None>
214.8105 	EXP 	New trial (rep=23, index=1): <Trial 93 (1 in rep 23) data={'pos': np.int64(150), 'corr_resp': 'v', 'thisN': 93, 'thisTrialN': 1, 'thisRepN': 23}>
214.8128 	DATA 	Keypress: x
214.8183 	EXP 	fixation: autoDraw = False
214.8183 	EXP 	line1: autoDraw = False
214.8183 	EXP 	line2: autoDraw = False
214.8183 	EXP 	line3: autoDraw = False
214.8183 	EXP 	line4: autoDraw = False
214.8183 	EXP 	probe: autoDraw = False
214.8183 	EXP 	fixation: autoDraw = True
214.9694 	EXP 	Device response: <KeyPress from None: t=214.80337527702795, value=x, duration=0.16057119000470266>
215.8090 	EXP 	fixation: autoDraw = False
215.8090 	EXP 	line1: autoDraw = True
215.8090 	EXP 	line2: autoDraw = True
215.8090 	EXP 	line3: autoDraw = True
215.8090 	EXP 	line4: autoDraw = True
216.8096 	INFO 	Keyboard events cleared
216.8094 	EXP 	probe: autoDraw = True
217.0695 	EXP 	Device response: <KeyPress from None: t=217.0623998530209, value=v, duration=None>
217.0698 	EXP 	New trial (rep=23, index=2): <Trial 94 (2 in rep 23) data={'pos': np.int64(50), 'corr_resp': 'c', 'thisN': 94, 'thisTrialN': 2, 'thisRepN': 23}>
217.0720 	DATA 	Keypress: v
217.0772 	EXP 	fixation: autoDraw = False
217.0772 	EXP 	line1: autoDraw = False
217.0772 	EXP 	line2: autoDraw = False
217.0772 	EXP 	line3: autoDraw = False
217.0772 	EXP 	line4: autoDraw = False
217.0772 	EXP 	probe: autoDraw = False
217.0772 	EXP 	fixation: autoDraw = True
217.2193 	EXP 	Device response: <KeyPress from None: t=217.0623998530209, value=v, duration=0.15158019500086084>
218.0591 	EXP 	line1: autoDraw = True
218.0591 	EXP 	line2: autoDraw = True
218.0591 	EXP 	line3: autoDraw = True
218.0591 	EXP 	line4: autoDraw = True
218.0753 	EXP 	fixation: autoDraw = False
219.0594 	INFO 	Keyboard events cleared
219.0591 	EXP 	probe: autoDraw = True
219.3197 	EXP 	Device response: <KeyPress from None: t=219.3151752090198, value=c, duration=None>
219.3199 	EXP 	New trial (rep=23, index=3): <Trial 95 (3 in rep 23) data={'pos': np.int64(-150), 'corr_resp': 'z', 'thisN': 95, 'thisTrialN': 3, 'thisRepN': 23}>
219.3222 	DATA 	Keypress: c
219.3282 	EXP 	fixation: autoDraw = False
219.3282 	EXP 	line1: autoDraw = False
219.3282 	EXP 	line2: autoDraw = False
219.3282 	EXP 	line3: autoDraw = False
219.3282 	EXP 	line4: autoDraw = False
219.3282 	EXP 	probe: autoDraw = False
219.3282 	EXP 	fixation: autoDraw = True
219.4757 	EXP 	Device response: <KeyPress from None: t=219.3151752090198, value=c, duration=0.15623801300534979>
220.3095 	EXP 	line1: autoDraw = True
220.3095 	EXP 	line2: autoDraw = True
220.3095 	EXP 	line3: autoDraw = True
220.3095 	EXP 	line4: autoDraw = True
220.3255 	EXP 	fixation: autoDraw = False
221.3194 	INFO 	Keyboard events cleared
221.3191 	EXP 	probe: autoDraw = True
221.6032 	EXP 	Device response: <KeyPress from None: t=221.59604821901303, value=z, duration=None>
221.6035 	EXP 	New trial (rep=24, index=0): <Trial 96 (0 in rep 24) data={'pos': np.int64(-50), 'corr_resp': 'x', 'thisN': 96, 'thisTrialN': 0, 'thisRepN': 24}>
221.6058 	DATA 	Keypress: z
221.6121 	EXP 	fixation: autoDraw = False
221.6121 	EXP 	line1: autoDraw = False
221.6121 	EXP 	line2: autoDraw = False
221.6121 	EXP 	line3: autoDraw = False
221.6121 	EXP 	line4: autoDraw = False
221.6121 	EXP 	probe: autoDraw = False
221.6121 	EXP 	fixation: autoDraw = True
221.7698 	EXP 	Device response: <KeyPress from None: t=221.59604821901303, value=z, duration=0.16421255801105872>
222.5934 	EXP 	line1: autoDraw = True
222.5934 	EXP 	line2: autoDraw = True
222.5934 	EXP 	line3: autoDraw = True
222.5934 	EXP 	line4: autoDraw = True
222.6095 	EXP 	fixation: autoDraw = False
223.5937 	INFO 	Keyboard events cleared
223.5934 	EXP 	probe: autoDraw = True
223.8533 	EXP 	Device response: <KeyPress from None: t=223.85215055500157, value=x, duration=None>
223.8536 	EXP 	New trial (rep=24, index=1): <Trial 97 (1 in rep 24) data={'pos': np.int64(150), 'corr_resp': 'v', 'thisN': 97, 'thisTrialN': 1, 'thisRepN': 24}>
223.8595 	EXP 	fixation: autoDraw = False
223.8595 	EXP 	line1: autoDraw = False
223.8595 	EXP 	line2: autoDraw = False
223.8595 	EXP 	line3: autoDraw = False
223.8595 	EXP 	line4: autoDraw = False
223.8595 	EXP 	probe: autoDraw = False
223.8595 	EXP 	fixation: autoDraw = True
223.8625 	DATA 	Keypress: x
224.0097 	EXP 	Device response: <KeyPress from None: t=223.85215055500157, value=x, duration=0.15173925302224234>
224.8525 	EXP 	fixation: autoDraw = False
224.8525 	EXP 	line1: autoDraw = True
224.8525 	EXP 	line2: autoDraw = True
224.8525 	EXP 	line3: autoDraw = True
224.8525 	EXP 	line4: autoDraw = True
225.8527 	INFO 	Keyboard events cleared
225.8525 	EXP 	probe: autoDraw = True
226.0699 	EXP 	Device response: <KeyPress from None: t=226.05984087102115, value=v, duration=None>
226.0702 	EXP 	New trial (rep=24, index=2): <Trial 98 (2 in rep 24) data={'pos': np.int64(50), 'corr_resp': 'c', 'thisN': 98, 'thisTrialN': 2, 'thisRepN': 24}>
226.0728 	DATA 	Keypress: v
226.0786 	EXP 	fixation: autoDraw = False
226.0786 	EXP 	line1: autoDraw = False
226.0786 	EXP 	line2: autoDraw = False
226.0786 	EXP 	line3: autoDraw = False
226.0786 	EXP 	line4: autoDraw = False
226.0786 	EXP 	probe: autoDraw = False
226.0786 	EXP 	fixation: autoDraw = True
226.2366 	EXP 	Device response: <KeyPress from None: t=226.05984087102115, value=v, duration=0.16788160899886861>
227.0606 	EXP 	line1: autoDraw = True
227.0606 	EXP 	line2: autoDraw = True
227.0606 	EXP 	line3: autoDraw = True
227.0606 	EXP 	line4: autoDraw = True
227.0763 	EXP 	fixation: autoDraw = False
228.0694 	INFO 	Keyboard events cleared
228.0692 	EXP 	probe: autoDraw = True
228.3270 	EXP 	Device response: <KeyPress from None: t=228.31973966001533, value=c, duration=None>
228.3273 	EXP 	New trial (rep=24, index=3): <Trial 99 (3 in rep 24) data={'pos': np.int64(-150), 'corr_resp': 'z', 'thisN': 99, 'thisTrialN': 3, 'thisRepN': 24}>
228.3295 	DATA 	Keypress: c
228.3354 	EXP 	fixation: autoDraw = False
228.3354 	EXP 	line1: autoDraw = False
228.3354 	EXP 	line2: autoDraw = False
228.3354 	EXP 	line3: autoDraw = False
228.3354 	EXP 	line4: autoDraw = False
228.3354 	EXP 	probe: autoDraw = False
228.3354 	EXP 	fixation: autoDraw = True
228.4927 	EXP 	Device response: <KeyPress from None: t=228.31973966001533, value=c, duration=0.16835425700992346>
229.3259 	EXP 	fixation: autoDraw = False
229.3259 	EXP 	line1: autoDraw = True
229.3259 	EXP 	line2: autoDraw = True
229.3259 	EXP 	line3: autoDraw = True
229.3259 	EXP 	line4: autoDraw = True
230.3266 	INFO 	Keyboard events cleared
230.3264 	EXP 	probe: autoDraw = True
230.6695 	EXP 	Device response: <KeyPress from None: t=230.66563188500004, value=z, duration=None>
230.6731 	EXP 	Imported Motor sequence/sequence_con.csv as conditions, 4 conditions, 2 params
230.6741 	EXP 	New trial (rep=0, index=0): <Trial 0 (0 in rep 0) data={'pos': np.int64(150), 'corr_resp': 'v', 'thisN': 0, 'thisTrialN': 0, 'thisRepN': 0}>
230.6772 	DATA 	Keypress: z
230.6838 	EXP 	fixation: autoDraw = False
230.6838 	EXP 	line1: autoDraw = False
230.6838 	EXP 	line2: autoDraw = False
230.6838 	EXP 	line3: autoDraw = False
230.6838 	EXP 	line4: autoDraw = False
230.6838 	EXP 	probe: autoDraw = False
230.6838 	EXP 	Fixation: autoDraw = True
230.8925 	EXP 	Device response: <KeyPress from None: t=230.66563188500004, value=z, duration=0.22015071101486683>
231.6644 	EXP 	Line1: autoDraw = True
231.6644 	EXP 	Line2: autoDraw = True
231.6644 	EXP 	Line3: autoDraw = True
231.6644 	EXP 	Line4: autoDraw = True
231.6857 	EXP 	Fixation: autoDraw = False
232.6608 	INFO 	Keyboard events cleared
232.6605 	EXP 	Probe: autoDraw = True
233.1696 	EXP 	Device response: <KeyPress from None: t=233.1607360850321, value=v, duration=None>
233.1698 	EXP 	New trial (rep=0, index=1): <Trial 1 (1 in rep 0) data={'pos': np.int64(-150), 'corr_resp': 'z', 'thisN': 1, 'thisTrialN': 1, 'thisRepN': 0}>
233.1720 	DATA 	Keypress: v
233.1776 	EXP 	Fixation: autoDraw = False
233.1776 	EXP 	Line1: autoDraw = False
233.1776 	EXP 	Line2: autoDraw = False
233.1776 	EXP 	Line3: autoDraw = False
233.1776 	EXP 	Line4: autoDraw = False
233.1776 	EXP 	Probe: autoDraw = False
233.1776 	EXP 	Fixation: autoDraw = True
233.3360 	EXP 	Device response: <KeyPress from None: t=233.1607360850321, value=v, duration=0.16792893299134448>
234.1596 	EXP 	Line1: autoDraw = True
234.1596 	EXP 	Line2: autoDraw = True
234.1596 	EXP 	Line3: autoDraw = True
234.1596 	EXP 	Line4: autoDraw = True
234.1754 	EXP 	Fixation: autoDraw = False
235.1696 	INFO 	Keyboard events cleared
235.1695 	EXP 	Probe: autoDraw = True
235.6861 	EXP 	Device response: <KeyPress from None: t=235.67799428699072, value=z, duration=None>
235.6864 	EXP 	New trial (rep=1, index=2): <Trial 2 (2 in rep 1) data={'pos': np.int64(150), 'corr_resp': 'v', 'thisN': 2, 'thisTrialN': 2, 'thisRepN': 1}>
235.6888 	DATA 	Keypress: z
235.6942 	EXP 	Fixation: autoDraw = False
235.6942 	EXP 	Line1: autoDraw = False
235.6942 	EXP 	Line2: autoDraw = False
235.6942 	EXP 	Line3: autoDraw = False
235.6942 	EXP 	Line4: autoDraw = False
235.6942 	EXP 	Probe: autoDraw = False
235.6942 	EXP 	Fixation: autoDraw = True
235.8758 	EXP 	Device response: <KeyPress from None: t=235.67799428699072, value=z, duration=0.19647141604218632>
236.6753 	EXP 	Line1: autoDraw = True
236.6753 	EXP 	Line2: autoDraw = True
236.6753 	EXP 	Line3: autoDraw = True
236.6753 	EXP 	Line4: autoDraw = True
236.6916 	EXP 	Fixation: autoDraw = False
237.6764 	INFO 	Keyboard events cleared
237.6761 	EXP 	Probe: autoDraw = True
238.2697 	EXP 	Device response: <KeyPress from None: t=238.26826592098223, value=v, duration=None>
238.2700 	EXP 	New trial (rep=1, index=3): <Trial 3 (3 in rep 1) data={'pos': np.int64(-150), 'corr_resp': 'z', 'thisN': 3, 'thisTrialN': 3, 'thisRepN': 1}>
238.2757 	EXP 	Fixation: autoDraw = False
238.2757 	EXP 	Line1: autoDraw = False
238.2757 	EXP 	Line2: autoDraw = False
238.2757 	EXP 	Line3: autoDraw = False
238.2757 	EXP 	Line4: autoDraw = False
238.2757 	EXP 	Probe: autoDraw = False
238.2757 	EXP 	Fixation: autoDraw = True
238.2786 	DATA 	Keypress: v
238.4594 	EXP 	Device response: <KeyPress from None: t=238.26826592098223, value=v, duration=0.184337338025216>
239.2689 	EXP 	Line1: autoDraw = True
239.2689 	EXP 	Line2: autoDraw = True
239.2689 	EXP 	Line3: autoDraw = True
239.2689 	EXP 	Line4: autoDraw = True
239.2752 	EXP 	Fixation: autoDraw = False
240.2691 	INFO 	Keyboard events cleared
240.2689 	EXP 	Probe: autoDraw = True
240.6526 	EXP 	Device response: <KeyPress from None: t=240.649514077988, value=z, duration=None>
240.6529 	EXP 	New trial (rep=2, index=4): <Trial 4 (4 in rep 2) data={'pos': np.int64(-150), 'corr_resp': 'z', 'thisN': 4, 'thisTrialN': 4, 'thisRepN': 2}>
240.6550 	DATA 	Keypress: z
240.6605 	EXP 	Fixation: autoDraw = False
240.6605 	EXP 	Line1: autoDraw = False
240.6605 	EXP 	Line2: autoDraw = False
240.6605 	EXP 	Line3: autoDraw = False
240.6605 	EXP 	Line4: autoDraw = False
240.6605 	EXP 	Probe: autoDraw = False
240.6605 	EXP 	Fixation: autoDraw = True
240.8362 	EXP 	Device response: <KeyPress from None: t=240.649514077988, value=z, duration=0.18435940699419007>
241.6424 	EXP 	Line1: autoDraw = True
241.6424 	EXP 	Line2: autoDraw = True
241.6424 	EXP 	Line3: autoDraw = True
241.6424 	EXP 	Line4: autoDraw = True
241.6580 	EXP 	Fixation: autoDraw = False
242.6422 	INFO 	Keyboard events cleared
242.6419 	EXP 	Probe: autoDraw = True
243.3691 	EXP 	Device response: <KeyPress from None: t=243.36402482300764, value=z, duration=None>
243.3693 	EXP 	New trial (rep=3, index=5): <Trial 5 (5 in rep 3) data={'pos': np.int64(-150), 'corr_resp': 'z', 'thisN': 5, 'thisTrialN': 5, 'thisRepN': 3}>
243.3716 	DATA 	Keypress: z
243.3769 	EXP 	Fixation: autoDraw = False
243.3769 	EXP 	Line1: autoDraw = False
243.3769 	EXP 	Line2: autoDraw = False
243.3769 	EXP 	Line3: autoDraw = False
243.3769 	EXP 	Line4: autoDraw = False
243.3769 	EXP 	Probe: autoDraw = False
243.3769 	EXP 	Fixation: autoDraw = True
243.5522 	EXP 	Device response: <KeyPress from None: t=243.36402482300764, value=z, duration=0.18034674401860684>
244.3583 	EXP 	Line1: autoDraw = True
244.3583 	EXP 	Line2: autoDraw = True
244.3583 	EXP 	Line3: autoDraw = True
244.3583 	EXP 	Line4: autoDraw = True
244.3746 	EXP 	Fixation: autoDraw = False
245.3587 	INFO 	Keyboard events cleared
245.3584 	EXP 	Probe: autoDraw = True
245.9027 	EXP 	Device response: <KeyPress from None: t=245.89401615702081, value=z, duration=None>
245.9030 	EXP 	New trial (rep=0, index=6): <Trial 6 (6 in rep 0) data={'pos': np.int64(-50), 'corr_resp': 'x', 'thisN': 6, 'thisTrialN': 6, 'thisRepN': 0}>
245.9052 	DATA 	Keypress: z
245.9107 	EXP 	Fixation: autoDraw = False
245.9107 	EXP 	Line1: autoDraw = False
245.9107 	EXP 	Line2: autoDraw = False
245.9107 	EXP 	Line3: autoDraw = False
245.9107 	EXP 	Line4: autoDraw = False
245.9107 	EXP 	Probe: autoDraw = False
245.9107 	EXP 	Fixation: autoDraw = True
246.0357 	EXP 	Device response: <KeyPress from None: t=245.89401615702081, value=z, duration=0.1321552469744347>
246.9020 	EXP 	Line1: autoDraw = True
246.9020 	EXP 	Line2: autoDraw = True
246.9020 	EXP 	Line3: autoDraw = True
246.9020 	EXP 	Line4: autoDraw = True
246.9081 	EXP 	Fixation: autoDraw = False
247.9020 	INFO 	Keyboard events cleared
247.9019 	EXP 	Probe: autoDraw = True
248.2856 	EXP 	Device response: <KeyPress from None: t=248.27885638398584, value=x, duration=None>
248.2859 	EXP 	New trial (rep=2, index=7): <Trial 7 (7 in rep 2) data={'pos': np.int64(150), 'corr_resp': 'v', 'thisN': 7, 'thisTrialN': 7, 'thisRepN': 2}>
248.2881 	DATA 	Keypress: x
248.2940 	EXP 	Fixation: autoDraw = False
248.2940 	EXP 	Line1: autoDraw = False
248.2940 	EXP 	Line2: autoDraw = False
248.2940 	EXP 	Line3: autoDraw = False
248.2940 	EXP 	Line4: autoDraw = False
248.2940 	EXP 	Probe: autoDraw = False
248.2940 	EXP 	Fixation: autoDraw = True
248.4690 	EXP 	Device response: <KeyPress from None: t=248.27885638398584, value=x, duration=0.1801706040278077>
249.2748 	EXP 	Line1: autoDraw = True
249.2748 	EXP 	Line2: autoDraw = True
249.2748 	EXP 	Line3: autoDraw = True
249.2748 	EXP 	Line4: autoDraw = True
249.2913 	EXP 	Fixation: autoDraw = False
250.2760 	INFO 	Keyboard events cleared
250.2758 	EXP 	Probe: autoDraw = True
250.6860 	EXP 	Device response: <KeyPress from None: t=250.68177057697903, value=v, duration=None>
250.6863 	EXP 	New trial (rep=0, index=8): <Trial 8 (8 in rep 0) data={'pos': np.int64(50), 'corr_resp': 'c', 'thisN': 8, 'thisTrialN': 8, 'thisRepN': 0}>
250.6885 	DATA 	Keypress: v
250.6939 	EXP 	Fixation: autoDraw = False
250.6939 	EXP 	Line1: autoDraw = False
250.6939 	EXP 	Line2: autoDraw = False
250.6939 	EXP 	Line3: autoDraw = False
250.6939 	EXP 	Line4: autoDraw = False
250.6939 	EXP 	Probe: autoDraw = False
250.6939 	EXP 	Fixation: autoDraw = True
250.8760 	EXP 	Device response: <KeyPress from None: t=250.68177057697903, value=v, duration=0.18758983502630144>
251.6751 	EXP 	Line1: autoDraw = True
251.6751 	EXP 	Line2: autoDraw = True
251.6751 	EXP 	Line3: autoDraw = True
251.6751 	EXP 	Line4: autoDraw = True
251.6921 	EXP 	Fixation: autoDraw = False
252.6757 	INFO 	Keyboard events cleared
252.6754 	EXP 	Probe: autoDraw = True
253.1198 	EXP 	Device response: <KeyPress from None: t=253.11766789999092, value=c, duration=None>
253.1201 	EXP 	New trial (rep=1, index=9): <Trial 9 (9 in rep 1) data={'pos': np.int64(-50), 'corr_resp': 'x', 'thisN': 9, 'thisTrialN': 9, 'thisRepN': 1}>
253.1258 	EXP 	Fixation: autoDraw = False
253.1258 	EXP 	Line1: autoDraw = False
253.1258 	EXP 	Line2: autoDraw = False
253.1258 	EXP 	Line3: autoDraw = False
253.1258 	EXP 	Line4: autoDraw = False
253.1258 	EXP 	Probe: autoDraw = False
253.1258 	EXP 	Fixation: autoDraw = True
253.1287 	DATA 	Keypress: c
253.2757 	EXP 	Device response: <KeyPress from None: t=253.11766789999092, value=c, duration=0.1522017540410161>
254.1184 	EXP 	Line1: autoDraw = True
254.1184 	EXP 	Line2: autoDraw = True
254.1184 	EXP 	Line3: autoDraw = True
254.1184 	EXP 	Line4: autoDraw = True
254.1247 	EXP 	Fixation: autoDraw = False
255.1188 	INFO 	Keyboard events cleared
255.1186 	EXP 	Probe: autoDraw = True
255.4528 	EXP 	Device response: <KeyPress from None: t=255.44793627603212, value=x, duration=None>
255.4531 	EXP 	New trial (rep=4, index=10): <Trial 10 (10 in rep 4) data={'pos': np.int64(-150), 'corr_resp': 'z', 'thisN': 10, 'thisTrialN': 10, 'thisRepN': 4}>
255.4553 	DATA 	Keypress: x
255.4608 	EXP 	Fixation: autoDraw = False
255.4608 	EXP 	Line1: autoDraw = False
255.4608 	EXP 	Line2: autoDraw = False
255.4608 	EXP 	Line3: autoDraw = False
255.4608 	EXP 	Line4: autoDraw = False
255.4608 	EXP 	Probe: autoDraw = False
255.4608 	EXP 	Fixation: autoDraw = True
255.6189 	EXP 	Device response: <KeyPress from None: t=255.44793627603212, value=x, duration=0.16083976696245372>
256.4518 	EXP 	Line1: autoDraw = True
256.4518 	EXP 	Line2: autoDraw = True
256.4518 	EXP 	Line3: autoDraw = True
256.4518 	EXP 	Line4: autoDraw = True
256.4581 	EXP 	Fixation: autoDraw = False
257.4521 	INFO 	Keyboard events cleared
257.4519 	EXP 	Probe: autoDraw = True
257.9692 	EXP 	Device response: <KeyPress from None: t=257.96230159897823, value=z, duration=None>
257.9695 	EXP 	New trial (rep=2, index=11): <Trial 11 (11 in rep 2) data={'pos': np.int64(-50), 'corr_resp': 'x', 'thisN': 11, 'thisTrialN': 11, 'thisRepN': 2}>
257.9717 	DATA 	Keypress: z
257.9778 	EXP 	Fixation: autoDraw = False
257.9778 	EXP 	Line1: autoDraw = False
257.9778 	EXP 	Line2: autoDraw = False
257.9778 	EXP 	Line3: autoDraw = False
257.9778 	EXP 	Line4: autoDraw = False
257.9778 	EXP 	Probe: autoDraw = False
257.9778 	EXP 	Fixation: autoDraw = True
258.1760 	EXP 	Device response: <KeyPress from None: t=257.96230159897823, value=z, duration=0.20822850603144616>
258.9584 	EXP 	Line1: autoDraw = True
258.9584 	EXP 	Line2: autoDraw = True
258.9584 	EXP 	Line3: autoDraw = True
258.9584 	EXP 	Line4: autoDraw = True
258.9752 	EXP 	Fixation: autoDraw = False
259.9596 	INFO 	Keyboard events cleared
259.9594 	EXP 	Probe: autoDraw = True
260.2860 	EXP 	Device response: <KeyPress from None: t=260.2833444349817, value=x, duration=None>
260.2862 	EXP 	New trial (rep=1, index=12): <Trial 12 (12 in rep 1) data={'pos': np.int64(50), 'corr_resp': 'c', 'thisN': 12, 'thisTrialN': 12, 'thisRepN': 1}>
260.2884 	DATA 	Keypress: x
260.2939 	EXP 	Fixation: autoDraw = False
260.2939 	EXP 	Line1: autoDraw = False
260.2939 	EXP 	Line2: autoDraw = False
260.2939 	EXP 	Line3: autoDraw = False
260.2939 	EXP 	Line4: autoDraw = False
260.2939 	EXP 	Probe: autoDraw = False
260.2939 	EXP 	Fixation: autoDraw = True
260.4527 	EXP 	Device response: <KeyPress from None: t=260.2833444349817, value=x, duration=0.16817706503206864>
261.2754 	EXP 	Line1: autoDraw = True
261.2754 	EXP 	Line2: autoDraw = True
261.2754 	EXP 	Line3: autoDraw = True
261.2754 	EXP 	Line4: autoDraw = True
261.2913 	EXP 	Fixation: autoDraw = False
262.2760 	INFO 	Keyboard events cleared
262.2758 	EXP 	Probe: autoDraw = True
262.7602 	EXP 	Device response: <KeyPress from None: t=262.75719692901475, value=c, duration=None>
262.7605 	EXP 	New trial (rep=3, index=13): <Trial 13 (13 in rep 3) data={'pos': np.int64(-50), 'corr_resp': 'x', 'thisN': 13, 'thisTrialN': 13, 'thisRepN': 3}>
262.7628 	DATA 	Keypress: c
262.7691 	EXP 	Fixation: autoDraw = False
262.7691 	EXP 	Line1: autoDraw = False
262.7691 	EXP 	Line2: autoDraw = False
262.7691 	EXP 	Line3: autoDraw = False
262.7691 	EXP 	Line4: autoDraw = False
262.7691 	EXP 	Probe: autoDraw = False
262.7691 	EXP 	Fixation: autoDraw = True
262.9523 	EXP 	Device response: <KeyPress from None: t=262.75719692901475, value=c, duration=0.1884049570071511>
263.7586 	EXP 	Fixation: autoDraw = False
263.7586 	EXP 	Line1: autoDraw = True
263.7586 	EXP 	Line2: autoDraw = True
263.7586 	EXP 	Line3: autoDraw = True
263.7586 	EXP 	Line4: autoDraw = True
264.7587 	INFO 	Keyboard events cleared
264.7585 	EXP 	Probe: autoDraw = True
265.1690 	EXP 	Device response: <KeyPress from None: t=265.1621469500242, value=x, duration=None>
265.1693 	EXP 	New trial (rep=3, index=14): <Trial 14 (14 in rep 3) data={'pos': np.int64(150), 'corr_resp': 'v', 'thisN': 14, 'thisTrialN': 14, 'thisRepN': 3}>
265.1715 	DATA 	Keypress: x
265.1776 	EXP 	Fixation: autoDraw = False
265.1776 	EXP 	Line1: autoDraw = False
265.1776 	EXP 	Line2: autoDraw = False
265.1776 	EXP 	Line3: autoDraw = False
265.1776 	EXP 	Line4: autoDraw = False
265.1776 	EXP 	Probe: autoDraw = False
265.1776 	EXP 	Fixation: autoDraw = True
265.3252 	EXP 	Device response: <KeyPress from None: t=265.1621469500242, value=x, duration=0.16012252296786755>
266.1583 	EXP 	Line1: autoDraw = True
266.1583 	EXP 	Line2: autoDraw = True
266.1583 	EXP 	Line3: autoDraw = True
266.1583 	EXP 	Line4: autoDraw = True
266.1747 	EXP 	Fixation: autoDraw = False
267.1588 	INFO 	Keyboard events cleared
267.1585 	EXP 	Probe: autoDraw = True
267.5359 	EXP 	Device response: <KeyPress from None: t=267.5328938260209, value=v, duration=None>
267.5362 	EXP 	New trial (rep=2, index=15): <Trial 15 (15 in rep 2) data={'pos': np.int64(50), 'corr_resp': 'c', 'thisN': 15, 'thisTrialN': 15, 'thisRepN': 2}>
267.5384 	DATA 	Keypress: v
267.5444 	EXP 	Fixation: autoDraw = False
267.5444 	EXP 	Line1: autoDraw = False
267.5444 	EXP 	Line2: autoDraw = False
267.5444 	EXP 	Line3: autoDraw = False
267.5444 	EXP 	Line4: autoDraw = False
267.5444 	EXP 	Probe: autoDraw = False
267.5444 	EXP 	Fixation: autoDraw = True
267.7355 	EXP 	Device response: <KeyPress from None: t=267.5328938260209, value=v, duration=0.19240780698601156>
268.5350 	EXP 	Line1: autoDraw = True
268.5350 	EXP 	Line2: autoDraw = True
268.5350 	EXP 	Line3: autoDraw = True
268.5350 	EXP 	Line4: autoDraw = True
268.5413 	EXP 	Fixation: autoDraw = False
269.5354 	INFO 	Keyboard events cleared
269.5352 	EXP 	Probe: autoDraw = True
270.0522 	EXP 	Device response: <KeyPress from None: t=270.0429870610242, value=c, duration=None>
270.0524 	EXP 	New trial (rep=4, index=16): <Trial 16 (16 in rep 4) data={'pos': np.int64(-50), 'corr_resp': 'x', 'thisN': 16, 'thisTrialN': 16, 'thisRepN': 4}>
270.0546 	DATA 	Keypress: c
270.0608 	EXP 	Fixation: autoDraw = False
270.0608 	EXP 	Line1: autoDraw = False
270.0608 	EXP 	Line2: autoDraw = False
270.0608 	EXP 	Line3: autoDraw = False
270.0608 	EXP 	Line4: autoDraw = False
270.0608 	EXP 	Probe: autoDraw = False
270.0608 	EXP 	Fixation: autoDraw = True
270.2024 	EXP 	Device response: <KeyPress from None: t=270.0429870610242, value=c, duration=0.15603512595407665>
271.0425 	EXP 	Line1: autoDraw = True
271.0425 	EXP 	Line2: autoDraw = True
271.0425 	EXP 	Line3: autoDraw = True
271.0425 	EXP 	Line4: autoDraw = True
271.0578 	EXP 	Fixation: autoDraw = False
272.0422 	INFO 	Keyboard events cleared
272.0420 	EXP 	Probe: autoDraw = True
272.5358 	EXP 	Device response: <KeyPress from None: t=272.53279621200636, value=x, duration=None>
272.5361 	EXP 	New trial (rep=5, index=17): <Trial 17 (17 in rep 5) data={'pos': np.int64(-50), 'corr_resp': 'x', 'thisN': 17, 'thisTrialN': 17, 'thisRepN': 5}>
272.5383 	DATA 	Keypress: x
272.5444 	EXP 	Fixation: autoDraw = False
272.5444 	EXP 	Line1: autoDraw = False
272.5444 	EXP 	Line2: autoDraw = False
272.5444 	EXP 	Line3: autoDraw = False
272.5444 	EXP 	Line4: autoDraw = False
272.5444 	EXP 	Probe: autoDraw = False
272.5444 	EXP 	Fixation: autoDraw = True
272.7022 	EXP 	Device response: <KeyPress from None: t=272.53279621200636, value=x, duration=0.1634806229849346>
273.5252 	EXP 	Line1: autoDraw = True
273.5252 	EXP 	Line2: autoDraw = True
273.5252 	EXP 	Line3: autoDraw = True
273.5252 	EXP 	Line4: autoDraw = True
273.5411 	EXP 	Fixation: autoDraw = False
274.5351 	INFO 	Keyboard events cleared
274.5349 	EXP 	Probe: autoDraw = True
274.9693 	EXP 	Device response: <KeyPress from None: t=274.96470079402206, value=x, duration=None>
274.9696 	EXP 	New trial (rep=4, index=18): <Trial 18 (18 in rep 4) data={'pos': np.int64(150), 'corr_resp': 'v', 'thisN': 18, 'thisTrialN': 18, 'thisRepN': 4}>
274.9718 	DATA 	Keypress: x
274.9773 	EXP 	Fixation: autoDraw = False
274.9773 	EXP 	Line1: autoDraw = False
274.9773 	EXP 	Line2: autoDraw = False
274.9773 	EXP 	Line3: autoDraw = False
274.9773 	EXP 	Line4: autoDraw = False
274.9773 	EXP 	Probe: autoDraw = False
274.9773 	EXP 	Fixation: autoDraw = True
275.1354 	EXP 	Device response: <KeyPress from None: t=274.96470079402206, value=x, duration=0.1603149879956618>
275.9683 	EXP 	Line1: autoDraw = True
275.9683 	EXP 	Line2: autoDraw = True
275.9683 	EXP 	Line3: autoDraw = True
275.9683 	EXP 	Line4: autoDraw = True
275.9746 	EXP 	Fixation: autoDraw = False
276.9684 	INFO 	Keyboard events cleared
276.9682 	EXP 	Probe: autoDraw = True
277.3024 	EXP 	Device response: <KeyPress from None: t=277.2988420120091, value=v, duration=None>
277.3027 	EXP 	New trial (rep=6, index=19): <Trial 19 (19 in rep 6) data={'pos': np.int64(-50), 'corr_resp': 'x', 'thisN': 19, 'thisTrialN': 19, 'thisRepN': 6}>
277.3048 	DATA 	Keypress: v
277.3110 	EXP 	Fixation: autoDraw = False
277.3110 	EXP 	Line1: autoDraw = False
277.3110 	EXP 	Line2: autoDraw = False
277.3110 	EXP 	Line3: autoDraw = False
277.3110 	EXP 	Line4: autoDraw = False
277.3110 	EXP 	Probe: autoDraw = False
277.3110 	EXP 	Fixation: autoDraw = True
277.5023 	EXP 	Device response: <KeyPress from None: t=277.2988420120091, value=v, duration=0.20104741398245096>
278.3015 	EXP 	Line1: autoDraw = True
278.3015 	EXP 	Line2: autoDraw = True
278.3015 	EXP 	Line3: autoDraw = True
278.3015 	EXP 	Line4: autoDraw = True
278.3078 	EXP 	Fixation: autoDraw = False
279.3017 	INFO 	Keyboard events cleared
279.3015 	EXP 	Probe: autoDraw = True
279.6521 	EXP 	Device response: <KeyPress from None: t=279.6444240959827, value=x, duration=None>
279.6524 	EXP 	New trial (rep=3, index=20): <Trial 20 (20 in rep 3) data={'pos': np.int64(50), 'corr_resp': 'c', 'thisN': 20, 'thisTrialN': 20, 'thisRepN': 3}>
279.6546 	DATA 	Keypress: x
279.6606 	EXP 	Fixation: autoDraw = False
279.6606 	EXP 	Line1: autoDraw = False
279.6606 	EXP 	Line2: autoDraw = False
279.6606 	EXP 	Line3: autoDraw = False
279.6606 	EXP 	Line4: autoDraw = False
279.6606 	EXP 	Probe: autoDraw = False
279.6606 	EXP 	Fixation: autoDraw = True
279.8354 	EXP 	Device response: <KeyPress from None: t=279.6444240959827, value=x, duration=0.1803152710199356>
280.6413 	EXP 	Line1: autoDraw = True
280.6413 	EXP 	Line2: autoDraw = True
280.6413 	EXP 	Line3: autoDraw = True
280.6413 	EXP 	Line4: autoDraw = True
280.6583 	EXP 	Fixation: autoDraw = False
281.6419 	INFO 	Keyboard events cleared
281.6417 	EXP 	Probe: autoDraw = True
281.9591 	EXP 	Device response: <KeyPress from None: t=281.9542424120009, value=c, duration=None>
281.9594 	EXP 	New trial (rep=7, index=21): <Trial 21 (21 in rep 7) data={'pos': np.int64(-50), 'corr_resp': 'x', 'thisN': 21, 'thisTrialN': 21, 'thisRepN': 7}>
281.9617 	DATA 	Keypress: c
281.9675 	EXP 	Fixation: autoDraw = False
281.9675 	EXP 	Line1: autoDraw = False
281.9675 	EXP 	Line2: autoDraw = False
281.9675 	EXP 	Line3: autoDraw = False
281.9675 	EXP 	Line4: autoDraw = False
281.9675 	EXP 	Probe: autoDraw = False
281.9675 	EXP 	Fixation: autoDraw = True
282.1358 	EXP 	Device response: <KeyPress from None: t=281.9542424120009, value=c, duration=0.18036750803003088>
282.9583 	EXP 	Fixation: autoDraw = False
282.9583 	EXP 	Line1: autoDraw = True
282.9583 	EXP 	Line2: autoDraw = True
282.9583 	EXP 	Line3: autoDraw = True
282.9583 	EXP 	Line4: autoDraw = True
283.9585 	INFO 	Keyboard events cleared
283.9582 	EXP 	Probe: autoDraw = True
284.4426 	EXP 	Device response: <KeyPress from None: t=284.4366292359773, value=x, duration=None>
284.4429 	EXP 	New trial (rep=5, index=22): <Trial 22 (22 in rep 5) data={'pos': np.int64(150), 'corr_resp': 'v', 'thisN': 22, 'thisTrialN': 22, 'thisRepN': 5}>
284.4451 	DATA 	Keypress: x
284.4509 	EXP 	Fixation: autoDraw = False
284.4509 	EXP 	Line1: autoDraw = False
284.4509 	EXP 	Line2: autoDraw = False
284.4509 	EXP 	Line3: autoDraw = False
284.4509 	EXP 	Line4: autoDraw = False
284.4509 	EXP 	Probe: autoDraw = False
284.4509 	EXP 	Fixation: autoDraw = True
284.6254 	EXP 	Device response: <KeyPress from None: t=284.4366292359773, value=x, duration=0.18516273505520076>
285.4413 	EXP 	Fixation: autoDraw = False
285.4413 	EXP 	Line1: autoDraw = True
285.4413 	EXP 	Line2: autoDraw = True
285.4413 	EXP 	Line3: autoDraw = True
285.4413 	EXP 	Line4: autoDraw = True
286.4418 	INFO 	Keyboard events cleared
286.4416 	EXP 	Probe: autoDraw = True
286.9189 	EXP 	Device response: <KeyPress from None: t=286.915144640021, value=v, duration=None>
286.9191 	EXP 	New trial (rep=8, index=23): <Trial 23 (23 in rep 8) data={'pos': np.int64(-50), 'corr_resp': 'x', 'thisN': 23, 'thisTrialN': 23, 'thisRepN': 8}>
286.9213 	DATA 	Keypress: v
286.9268 	EXP 	Fixation: autoDraw = False
286.9268 	EXP 	Line1: autoDraw = False
286.9268 	EXP 	Line2: autoDraw = False
286.9268 	EXP 	Line3: autoDraw = False
286.9268 	EXP 	Line4: autoDraw = False
286.9268 	EXP 	Probe: autoDraw = False
286.9268 	EXP 	Fixation: autoDraw = True
287.1018 	EXP 	Device response: <KeyPress from None: t=286.915144640021, value=v, duration=0.18046306300675496>
287.9083 	EXP 	Line1: autoDraw = True
287.9083 	EXP 	Line2: autoDraw = True
287.9083 	EXP 	Line3: autoDraw = True
287.9083 	EXP 	Line4: autoDraw = True
287.9250 	EXP 	Fixation: autoDraw = False
288.9184 	INFO 	Keyboard events cleared
288.9181 	EXP 	Probe: autoDraw = True
289.8523 	EXP 	Device response: <KeyPress from None: t=289.8480630670092, value=x, duration=None>
289.8526 	EXP 	New trial (rep=5, index=24): <Trial 24 (24 in rep 5) data={'pos': np.int64(-150), 'corr_resp': 'z', 'thisN': 24, 'thisTrialN': 24, 'thisRepN': 5}>
289.8548 	DATA 	Keypress: x
289.8608 	EXP 	Fixation: autoDraw = False
289.8608 	EXP 	Line1: autoDraw = False
289.8608 	EXP 	Line2: autoDraw = False
289.8608 	EXP 	Line3: autoDraw = False
289.8608 	EXP 	Line4: autoDraw = False
289.8608 	EXP 	Probe: autoDraw = False
289.8608 	EXP 	Fixation: autoDraw = True
290.0419 	EXP 	Device response: <KeyPress from None: t=289.8480630670092, value=x, duration=0.18820330500602722>
290.8514 	EXP 	Line1: autoDraw = True
290.8514 	EXP 	Line2: autoDraw = True
290.8514 	EXP 	Line3: autoDraw = True
290.8514 	EXP 	Line4: autoDraw = True
290.8577 	EXP 	Fixation: autoDraw = False
291.8513 	INFO 	Keyboard events cleared
291.8512 	EXP 	Probe: autoDraw = True
292.5691 	EXP 	Device response: <KeyPress from None: t=292.5678996259812, value=z, duration=None>
292.5694 	EXP 	New trial (rep=6, index=25): <Trial 25 (25 in rep 6) data={'pos': np.int64(-150), 'corr_resp': 'z', 'thisN': 25, 'thisTrialN': 25, 'thisRepN': 6}>
292.5753 	EXP 	Fixation: autoDraw = False
292.5753 	EXP 	Line1: autoDraw = False
292.5753 	EXP 	Line2: autoDraw = False
292.5753 	EXP 	Line3: autoDraw = False
292.5753 	EXP 	Line4: autoDraw = False
292.5753 	EXP 	Probe: autoDraw = False
292.5753 	EXP 	Fixation: autoDraw = True
292.5782 	DATA 	Keypress: z
292.8352 	EXP 	Device response: <KeyPress from None: t=292.5678996259812, value=z, duration=0.2604321620310657>
293.5682 	EXP 	Fixation: autoDraw = False
293.5682 	EXP 	Line1: autoDraw = True
293.5682 	EXP 	Line2: autoDraw = True
293.5682 	EXP 	Line3: autoDraw = True
293.5682 	EXP 	Line4: autoDraw = True
294.5684 	INFO 	Keyboard events cleared
294.5682 	EXP 	Probe: autoDraw = True
295.6183 	EXP 	Device response: <KeyPress from None: t=295.61169230000814, value=z, duration=None>
295.6185 	EXP 	New trial (rep=6, index=26): <Trial 26 (26 in rep 6) data={'pos': np.int64(150), 'corr_resp': 'v', 'thisN': 26, 'thisTrialN': 26, 'thisRepN': 6}>
295.6208 	DATA 	Keypress: z
295.6267 	EXP 	Fixation: autoDraw = False
295.6267 	EXP 	Line1: autoDraw = False
295.6267 	EXP 	Line2: autoDraw = False
295.6267 	EXP 	Line3: autoDraw = False
295.6267 	EXP 	Line4: autoDraw = False
295.6267 	EXP 	Probe: autoDraw = False
295.6267 	EXP 	Fixation: autoDraw = True
295.7849 	EXP 	Device response: <KeyPress from None: t=295.61169230000814, value=z, duration=0.1682419860153459>
296.6076 	EXP 	Line1: autoDraw = True
296.6076 	EXP 	Line2: autoDraw = True
296.6076 	EXP 	Line3: autoDraw = True
296.6076 	EXP 	Line4: autoDraw = True
296.6239 	EXP 	Fixation: autoDraw = False
297.6081 	INFO 	Keyboard events cleared
297.6079 	EXP 	Probe: autoDraw = True
298.3184 	EXP 	Device response: <KeyPress from None: t=298.31101474002935, value=b, duration=None>
298.3186 	EXP 	New trial (rep=7, index=27): <Trial 27 (27 in rep 7) data={'pos': np.int64(-150), 'corr_resp': 'z', 'thisN': 27, 'thisTrialN': 27, 'thisRepN': 7}>
298.3209 	DATA 	Keypress: b
298.3262 	EXP 	Fixation: autoDraw = False
298.3262 	EXP 	Line1: autoDraw = False
298.3262 	EXP 	Line2: autoDraw = False
298.3262 	EXP 	Line3: autoDraw = False
298.3262 	EXP 	Line4: autoDraw = False
298.3262 	EXP 	Probe: autoDraw = False
298.3262 	EXP 	Fixation: autoDraw = True
298.5018 	EXP 	Device response: <KeyPress from None: t=298.31101474002935, value=b, duration=0.17989525897428393>
299.3092 	EXP 	Line1: autoDraw = True
299.3092 	EXP 	Line2: autoDraw = True
299.3092 	EXP 	Line3: autoDraw = True
299.3092 	EXP 	Line4: autoDraw = True
299.3182 	EXP 	Fixation: autoDraw = False
300.3091 	INFO 	Keyboard events cleared
300.3089 	EXP 	Probe: autoDraw = True
300.8854 	EXP 	Device response: <KeyPress from None: t=300.8755433980259, value=z, duration=None>
300.8857 	EXP 	New trial (rep=9, index=28): <Trial 28 (28 in rep 9) data={'pos': np.int64(-50), 'corr_resp': 'x', 'thisN': 28, 'thisTrialN': 28, 'thisRepN': 9}>
300.8880 	DATA 	Keypress: z
300.8944 	EXP 	Fixation: autoDraw = False
300.8944 	EXP 	Line1: autoDraw = False
300.8944 	EXP 	Line2: autoDraw = False
300.8944 	EXP 	Line3: autoDraw = False
300.8944 	EXP 	Line4: autoDraw = False
300.8944 	EXP 	Probe: autoDraw = False
300.8944 	EXP 	Fixation: autoDraw = True
301.0688 	EXP 	Device response: <KeyPress from None: t=300.8755433980259, value=z, duration=0.18824250699253753>
301.8753 	EXP 	Line1: autoDraw = True
301.8753 	EXP 	Line2: autoDraw = True
301.8753 	EXP 	Line3: autoDraw = True
301.8753 	EXP 	Line4: autoDraw = True
301.8917 	EXP 	Fixation: autoDraw = False
302.8762 	INFO 	Keyboard events cleared
302.8759 	EXP 	Probe: autoDraw = True
303.2191 	EXP 	Device response: <KeyPress from None: t=303.21241834701505, value=x, duration=None>
303.2194 	EXP 	New trial (rep=8, index=29): <Trial 29 (29 in rep 8) data={'pos': np.int64(-150), 'corr_resp': 'z', 'thisN': 29, 'thisTrialN': 29, 'thisRepN': 8}>
303.2216 	DATA 	Keypress: x
303.2281 	EXP 	Fixation: autoDraw = False
303.2281 	EXP 	Line1: autoDraw = False
303.2281 	EXP 	Line2: autoDraw = False
303.2281 	EXP 	Line3: autoDraw = False
303.2281 	EXP 	Line4: autoDraw = False
303.2281 	EXP 	Probe: autoDraw = False
303.2281 	EXP 	Fixation: autoDraw = True
303.3753 	EXP 	Device response: <KeyPress from None: t=303.21241834701505, value=x, duration=0.16022626997437328>
304.2184 	EXP 	Line1: autoDraw = True
304.2184 	EXP 	Line2: autoDraw = True
304.2184 	EXP 	Line3: autoDraw = True
304.2184 	EXP 	Line4: autoDraw = True
304.2269 	EXP 	Fixation: autoDraw = False
305.2180 	INFO 	Keyboard events cleared
305.2178 	EXP 	Probe: autoDraw = True
305.8188 	EXP 	Device response: <KeyPress from None: t=305.81032857397804, value=z, duration=None>
305.8190 	EXP 	New trial (rep=4, index=30): <Trial 30 (30 in rep 4) data={'pos': np.int64(50), 'corr_resp': 'c', 'thisN': 30, 'thisTrialN': 30, 'thisRepN': 4}>
305.8214 	DATA 	Keypress: z
305.8274 	EXP 	Fixation: autoDraw = False
305.8274 	EXP 	Line1: autoDraw = False
305.8274 	EXP 	Line2: autoDraw = False
305.8274 	EXP 	Line3: autoDraw = False
305.8274 	EXP 	Line4: autoDraw = False
305.8274 	EXP 	Probe: autoDraw = False
305.8274 	EXP 	Fixation: autoDraw = True
306.0184 	EXP 	Device response: <KeyPress from None: t=305.81032857397804, value=z, duration=0.19972126703942195>
306.8179 	EXP 	Line1: autoDraw = True
306.8179 	EXP 	Line2: autoDraw = True
306.8179 	EXP 	Line3: autoDraw = True
306.8179 	EXP 	Line4: autoDraw = True
306.8245 	EXP 	Fixation: autoDraw = False
307.8088 	INFO 	Keyboard events cleared
307.8086 	EXP 	Probe: autoDraw = True
308.7856 	EXP 	Device response: <KeyPress from None: t=308.7810969679849, value=c, duration=None>
308.7860 	EXP 	New trial (rep=5, index=31): <Trial 31 (31 in rep 5) data={'pos': np.int64(50), 'corr_resp': 'c', 'thisN': 31, 'thisTrialN': 31, 'thisRepN': 5}>
308.7891 	DATA 	Keypress: c
308.7954 	EXP 	Fixation: autoDraw = False
308.7954 	EXP 	Line1: autoDraw = False
308.7954 	EXP 	Line2: autoDraw = False
308.7954 	EXP 	Line3: autoDraw = False
308.7954 	EXP 	Line4: autoDraw = False
308.7954 	EXP 	Probe: autoDraw = False
308.7954 	EXP 	Fixation: autoDraw = True
308.9684 	EXP 	Device response: <KeyPress from None: t=308.7810969679849, value=c, duration=0.1756791429943405>
309.7843 	EXP 	Line1: autoDraw = True
309.7843 	EXP 	Line2: autoDraw = True
309.7843 	EXP 	Line3: autoDraw = True
309.7843 	EXP 	Line4: autoDraw = True
309.7906 	EXP 	Fixation: autoDraw = False
310.7841 	INFO 	Keyboard events cleared
310.7840 	EXP 	Probe: autoDraw = True
311.2350 	EXP 	Device response: <KeyPress from None: t=311.2292085799854, value=c, duration=None>
311.2352 	EXP 	New trial (rep=9, index=32): <Trial 32 (32 in rep 9) data={'pos': np.int64(-150), 'corr_resp': 'z', 'thisN': 32, 'thisTrialN': 32, 'thisRepN': 9}>
311.2375 	DATA 	Keypress: c
311.2435 	EXP 	Fixation: autoDraw = False
311.2435 	EXP 	Line1: autoDraw = False
311.2435 	EXP 	Line2: autoDraw = False
311.2435 	EXP 	Line3: autoDraw = False
311.2435 	EXP 	Line4: autoDraw = False
311.2435 	EXP 	Probe: autoDraw = False
311.2435 	EXP 	Fixation: autoDraw = True
311.3910 	EXP 	Device response: <KeyPress from None: t=311.2292085799854, value=c, duration=0.16012433200376108>
312.2238 	EXP 	Line1: autoDraw = True
312.2238 	EXP 	Line2: autoDraw = True
312.2238 	EXP 	Line3: autoDraw = True
312.2238 	EXP 	Line4: autoDraw = True
312.2402 	EXP 	Fixation: autoDraw = False
313.2245 	INFO 	Keyboard events cleared
313.2243 	EXP 	Probe: autoDraw = True
313.6352 	EXP 	Device response: <KeyPress from None: t=313.63398961903295, value=z, duration=None>
313.6354 	EXP 	New trial (rep=10, index=33): <Trial 33 (33 in rep 10) data={'pos': np.int64(-150), 'corr_resp': 'z', 'thisN': 33, 'thisTrialN': 33, 'thisRepN': 10}>
313.6410 	EXP 	Fixation: autoDraw = False
313.6410 	EXP 	Line1: autoDraw = False
313.6410 	EXP 	Line2: autoDraw = False
313.6410 	EXP 	Line3: autoDraw = False
313.6410 	EXP 	Line4: autoDraw = False
313.6410 	EXP 	Probe: autoDraw = False
313.6410 	EXP 	Fixation: autoDraw = True
313.6438 	DATA 	Keypress: z
313.8353 	EXP 	Device response: <KeyPress from None: t=313.63398961903295, value=z, duration=0.20022869698004797>
314.6244 	EXP 	Line1: autoDraw = True
314.6244 	EXP 	Line2: autoDraw = True
314.6244 	EXP 	Line3: autoDraw = True
314.6244 	EXP 	Line4: autoDraw = True
314.6342 	EXP 	Fixation: autoDraw = False
315.6344 	INFO 	Keyboard events cleared
315.6342 	EXP 	Probe: autoDraw = True
316.1513 	EXP 	Device response: <KeyPress from None: t=316.1418811510084, value=z, duration=None>
316.1516 	EXP 	New trial (rep=7, index=34): <Trial 34 (34 in rep 7) data={'pos': np.int64(150), 'corr_resp': 'v', 'thisN': 34, 'thisTrialN': 34, 'thisRepN': 7}>
316.1538 	DATA 	Keypress: z
316.1597 	EXP 	Fixation: autoDraw = False
316.1597 	EXP 	Line1: autoDraw = False
316.1597 	EXP 	Line2: autoDraw = False
316.1597 	EXP 	Line3: autoDraw = False
316.1597 	EXP 	Line4: autoDraw = False
316.1597 	EXP 	Probe: autoDraw = False
316.1597 	EXP 	Fixation: autoDraw = True
316.3349 	EXP 	Device response: <KeyPress from None: t=316.1418811510084, value=z, duration=0.18830092198913917>
317.1411 	EXP 	Line1: autoDraw = True
317.1411 	EXP 	Line2: autoDraw = True
317.1411 	EXP 	Line3: autoDraw = True
317.1411 	EXP 	Line4: autoDraw = True
317.1570 	EXP 	Fixation: autoDraw = False
318.1415 	INFO 	Keyboard events cleared
318.1413 	EXP 	Probe: autoDraw = True
319.0347 	EXP 	Device response: <KeyPress from None: t=319.0278665830265, value=v, duration=None>
319.0350 	EXP 	New trial (rep=10, index=35): <Trial 35 (35 in rep 10) data={'pos': np.int64(-50), 'corr_resp': 'x', 'thisN': 35, 'thisTrialN': 35, 'thisRepN': 10}>
319.0372 	DATA 	Keypress: v
319.0431 	EXP 	Fixation: autoDraw = False
319.0431 	EXP 	Line1: autoDraw = False
319.0431 	EXP 	Line2: autoDraw = False
319.0431 	EXP 	Line3: autoDraw = False
319.0431 	EXP 	Line4: autoDraw = False
319.0431 	EXP 	Probe: autoDraw = False
319.0431 	EXP 	Fixation: autoDraw = True
319.2350 	EXP 	Device response: <KeyPress from None: t=319.0278665830265, value=v, duration=0.20388216897845268>
320.0247 	EXP 	Line1: autoDraw = True
320.0247 	EXP 	Line2: autoDraw = True
320.0247 	EXP 	Line3: autoDraw = True
320.0247 	EXP 	Line4: autoDraw = True
320.0403 	EXP 	Fixation: autoDraw = False
321.0249 	INFO 	Keyboard events cleared
321.0247 	EXP 	Probe: autoDraw = True
321.4420 	EXP 	Device response: <KeyPress from None: t=321.4396243839874, value=x, duration=None>
321.4423 	EXP 	New trial (rep=11, index=36): <Trial 36 (36 in rep 11) data={'pos': np.int64(-50), 'corr_resp': 'x', 'thisN': 36, 'thisTrialN': 36, 'thisRepN': 11}>
321.4507 	EXP 	Fixation: autoDraw = False
321.4507 	EXP 	Line1: autoDraw = False
321.4507 	EXP 	Line2: autoDraw = False
321.4507 	EXP 	Line3: autoDraw = False
321.4507 	EXP 	Line4: autoDraw = False
321.4507 	EXP 	Probe: autoDraw = False
321.4507 	EXP 	Fixation: autoDraw = True
321.4532 	DATA 	Keypress: x
321.6183 	EXP 	Device response: <KeyPress from None: t=321.4396243839874, value=x, duration=0.17625835299259052>
322.4413 	EXP 	Fixation: autoDraw = False
322.4413 	EXP 	Line1: autoDraw = True
322.4413 	EXP 	Line2: autoDraw = True
322.4413 	EXP 	Line3: autoDraw = True
322.4413 	EXP 	Line4: autoDraw = True
323.4420 	INFO 	Keyboard events cleared
323.4418 	EXP 	Probe: autoDraw = True
325.5752 	EXP 	Device response: <KeyPress from None: t=325.5704296359909, value=x, duration=None>
325.5755 	EXP 	New trial (rep=6, index=37): <Trial 37 (37 in rep 6) data={'pos': np.int64(50), 'corr_resp': 'c', 'thisN': 37, 'thisTrialN': 37, 'thisRepN': 6}>
325.5780 	DATA 	Keypress: x
325.5838 	EXP 	Fixation: autoDraw = False
325.5838 	EXP 	Line1: autoDraw = False
325.5838 	EXP 	Line2: autoDraw = False
325.5838 	EXP 	Line3: autoDraw = False
325.5838 	EXP 	Line4: autoDraw = False
325.5838 	EXP 	Probe: autoDraw = False
325.5838 	EXP 	Fixation: autoDraw = True
325.7247 	EXP 	Device response: <KeyPress from None: t=325.5704296359909, value=x, duration=0.1522412709891796>
326.5739 	EXP 	Fixation: autoDraw = False
326.5739 	EXP 	Line1: autoDraw = True
326.5739 	EXP 	Line2: autoDraw = True
326.5739 	EXP 	Line3: autoDraw = True
326.5739 	EXP 	Line4: autoDraw = True
327.5752 	INFO 	Keyboard events cleared
327.5750 	EXP 	Probe: autoDraw = True
328.8258 	EXP 	Device response: <KeyPress from None: t=328.82131909398595, value=c, duration=None>
328.8261 	EXP 	New trial (rep=7, index=38): <Trial 38 (38 in rep 7) data={'pos': np.int64(50), 'corr_resp': 'c', 'thisN': 38, 'thisTrialN': 38, 'thisRepN': 7}>
328.8283 	DATA 	Keypress: c
328.8341 	EXP 	Fixation: autoDraw = False
328.8341 	EXP 	Line1: autoDraw = False
328.8341 	EXP 	Line2: autoDraw = False
328.8341 	EXP 	Line3: autoDraw = False
328.8341 	EXP 	Line4: autoDraw = False
328.8341 	EXP 	Probe: autoDraw = False
328.8341 	EXP 	Fixation: autoDraw = True
329.0180 	EXP 	Device response: <KeyPress from None: t=328.82131909398595, value=c, duration=0.18840867700055242>
329.8245 	EXP 	Fixation: autoDraw = False
329.8245 	EXP 	Line1: autoDraw = True
329.8245 	EXP 	Line2: autoDraw = True
329.8245 	EXP 	Line3: autoDraw = True
329.8245 	EXP 	Line4: autoDraw = True
330.8245 	INFO 	Keyboard events cleared
330.8243 	EXP 	Probe: autoDraw = True
331.2752 	EXP 	Device response: <KeyPress from None: t=331.2701493430068, value=c, duration=None>
331.2755 	EXP 	New trial (rep=11, index=39): <Trial 39 (39 in rep 11) data={'pos': np.int64(-150), 'corr_resp': 'z', 'thisN': 39, 'thisTrialN': 39, 'thisRepN': 11}>
331.2777 	DATA 	Keypress: c
331.2835 	EXP 	Fixation: autoDraw = False
331.2835 	EXP 	Line1: autoDraw = False
331.2835 	EXP 	Line2: autoDraw = False
331.2835 	EXP 	Line3: autoDraw = False
331.2835 	EXP 	Line4: autoDraw = False
331.2835 	EXP 	Probe: autoDraw = False
331.2835 	EXP 	Fixation: autoDraw = True
331.4413 	EXP 	Device response: <KeyPress from None: t=331.2701493430068, value=c, duration=0.16424712497973815>
332.2743 	EXP 	Fixation: autoDraw = False
332.2743 	EXP 	Line1: autoDraw = True
332.2743 	EXP 	Line2: autoDraw = True
332.2743 	EXP 	Line3: autoDraw = True
332.2743 	EXP 	Line4: autoDraw = True
333.2751 	INFO 	Keyboard events cleared
333.2749 	EXP 	Probe: autoDraw = True
333.7585 	EXP 	Device response: <KeyPress from None: t=333.75721866398817, value=z, duration=None>
333.7588 	EXP 	New trial (rep=8, index=40): <Trial 40 (40 in rep 8) data={'pos': np.int64(150), 'corr_resp': 'v', 'thisN': 40, 'thisTrialN': 40, 'thisRepN': 8}>
333.7672 	EXP 	Fixation: autoDraw = False
333.7672 	EXP 	Line1: autoDraw = False
333.7672 	EXP 	Line2: autoDraw = False
333.7672 	EXP 	Line3: autoDraw = False
333.7672 	EXP 	Line4: autoDraw = False
333.7672 	EXP 	Probe: autoDraw = False
333.7672 	EXP 	Fixation: autoDraw = True
333.7697 	DATA 	Keypress: z
333.9911 	EXP 	Device response: <KeyPress from None: t=333.75721866398817, value=z, duration=0.2322665800456889>
334.7576 	EXP 	Fixation: autoDraw = False
334.7576 	EXP 	Line1: autoDraw = True
334.7576 	EXP 	Line2: autoDraw = True
334.7576 	EXP 	Line3: autoDraw = True
334.7576 	EXP 	Line4: autoDraw = True
335.7577 	INFO 	Keyboard events cleared
335.7575 	EXP 	Probe: autoDraw = True
336.4014 	EXP 	Device response: <KeyPress from None: t=336.3989625230315, value=v, duration=None>
336.4017 	EXP 	New trial (rep=12, index=41): <Trial 41 (41 in rep 12) data={'pos': np.int64(-150), 'corr_resp': 'z', 'thisN': 41, 'thisTrialN': 41, 'thisRepN': 12}>
336.4039 	DATA 	Keypress: v
336.4094 	EXP 	Fixation: autoDraw = False
336.4094 	EXP 	Line1: autoDraw = False
336.4094 	EXP 	Line2: autoDraw = False
336.4094 	EXP 	Line3: autoDraw = False
336.4094 	EXP 	Line4: autoDraw = False
336.4094 	EXP 	Probe: autoDraw = False
336.4094 	EXP 	Fixation: autoDraw = True
336.6684 	EXP 	Device response: <KeyPress from None: t=336.3989625230315, value=v, duration=0.26826668198918924>
337.3913 	EXP 	Line1: autoDraw = True
337.3913 	EXP 	Line2: autoDraw = True
337.3913 	EXP 	Line3: autoDraw = True
337.3913 	EXP 	Line4: autoDraw = True
337.4075 	EXP 	Fixation: autoDraw = False
338.3910 	INFO 	Keyboard events cleared
338.3907 	EXP 	Probe: autoDraw = True
338.8847 	EXP 	Device response: <KeyPress from None: t=338.8798788919812, value=z, duration=None>
338.8850 	EXP 	New trial (rep=8, index=42): <Trial 42 (42 in rep 8) data={'pos': np.int64(50), 'corr_resp': 'c', 'thisN': 42, 'thisTrialN': 42, 'thisRepN': 8}>
338.8874 	DATA 	Keypress: z
338.8935 	EXP 	Fixation: autoDraw = False
338.8935 	EXP 	Line1: autoDraw = False
338.8935 	EXP 	Line2: autoDraw = False
338.8935 	EXP 	Line3: autoDraw = False
338.8935 	EXP 	Line4: autoDraw = False
338.8935 	EXP 	Probe: autoDraw = False
338.8935 	EXP 	Fixation: autoDraw = True
339.0511 	EXP 	Device response: <KeyPress from None: t=338.8798788919812, value=z, duration=0.1641396630438976>
339.8746 	EXP 	Line1: autoDraw = True
339.8746 	EXP 	Line2: autoDraw = True
339.8746 	EXP 	Line3: autoDraw = True
339.8746 	EXP 	Line4: autoDraw = True
339.8903 	EXP 	Fixation: autoDraw = False
340.8746 	INFO 	Keyboard events cleared
340.8744 	EXP 	Probe: autoDraw = True
341.4012 	EXP 	Device response: <KeyPress from None: t=341.39476279198425, value=c, duration=None>
341.4014 	EXP 	New trial (rep=9, index=43): <Trial 43 (43 in rep 9) data={'pos': np.int64(50), 'corr_resp': 'c', 'thisN': 43, 'thisTrialN': 43, 'thisRepN': 9}>
341.4037 	DATA 	Keypress: c
341.4097 	EXP 	Fixation: autoDraw = False
341.4097 	EXP 	Line1: autoDraw = False
341.4097 	EXP 	Line2: autoDraw = False
341.4097 	EXP 	Line3: autoDraw = False
341.4097 	EXP 	Line4: autoDraw = False
341.4097 	EXP 	Probe: autoDraw = False
341.4097 	EXP 	Fixation: autoDraw = True
341.5913 	EXP 	Device response: <KeyPress from None: t=341.39476279198425, value=c, duration=0.19227087800391018>
342.3911 	EXP 	Line1: autoDraw = True
342.3911 	EXP 	Line2: autoDraw = True
342.3911 	EXP 	Line3: autoDraw = True
342.3911 	EXP 	Line4: autoDraw = True
342.4069 	EXP 	Fixation: autoDraw = False
343.3912 	INFO 	Keyboard events cleared
343.3909 	EXP 	Probe: autoDraw = True
344.0752 	EXP 	Device response: <KeyPress from None: t=344.06890359701356, value=c, duration=None>
344.0755 	EXP 	New trial (rep=12, index=44): <Trial 44 (44 in rep 12) data={'pos': np.int64(-50), 'corr_resp': 'x', 'thisN': 44, 'thisTrialN': 44, 'thisRepN': 12}>
344.0778 	DATA 	Keypress: c
344.0836 	EXP 	Fixation: autoDraw = False
344.0836 	EXP 	Line1: autoDraw = False
344.0836 	EXP 	Line2: autoDraw = False
344.0836 	EXP 	Line3: autoDraw = False
344.0836 	EXP 	Line4: autoDraw = False
344.0836 	EXP 	Probe: autoDraw = False
344.0836 	EXP 	Fixation: autoDraw = True
344.2510 	EXP 	Device response: <KeyPress from None: t=344.06890359701356, value=c, duration=0.17298724496504292>
345.0742 	EXP 	Fixation: autoDraw = False
345.0742 	EXP 	Line1: autoDraw = True
345.0742 	EXP 	Line2: autoDraw = True
345.0742 	EXP 	Line3: autoDraw = True
345.0742 	EXP 	Line4: autoDraw = True
346.0744 	INFO 	Keyboard events cleared
346.0742 	EXP 	Probe: autoDraw = True
346.5349 	EXP 	Device response: <KeyPress from None: t=346.529686363996, value=x, duration=None>
346.5351 	EXP 	New trial (rep=13, index=45): <Trial 45 (45 in rep 13) data={'pos': np.int64(-50), 'corr_resp': 'x', 'thisN': 45, 'thisTrialN': 45, 'thisRepN': 13}>
346.5373 	DATA 	Keypress: x
346.5434 	EXP 	Fixation: autoDraw = False
346.5434 	EXP 	Line1: autoDraw = False
346.5434 	EXP 	Line2: autoDraw = False
346.5434 	EXP 	Line3: autoDraw = False
346.5434 	EXP 	Line4: autoDraw = False
346.5434 	EXP 	Probe: autoDraw = False
346.5434 	EXP 	Fixation: autoDraw = True
346.7244 	EXP 	Device response: <KeyPress from None: t=346.529686363996, value=x, duration=0.19204814499244094>
347.5340 	EXP 	Line1: autoDraw = True
347.5340 	EXP 	Line2: autoDraw = True
347.5340 	EXP 	Line3: autoDraw = True
347.5340 	EXP 	Line4: autoDraw = True
347.5409 	EXP 	Fixation: autoDraw = False
348.5341 	INFO 	Keyboard events cleared
348.5339 	EXP 	Probe: autoDraw = True
348.9682 	EXP 	Device response: <KeyPress from None: t=348.96342372801155, value=x, duration=None>
348.9685 	EXP 	New trial (rep=13, index=46): <Trial 46 (46 in rep 13) data={'pos': np.int64(-150), 'corr_resp': 'z', 'thisN': 46, 'thisTrialN': 46, 'thisRepN': 13}>
348.9707 	DATA 	Keypress: x
348.9761 	EXP 	Fixation: autoDraw = False
348.9761 	EXP 	Line1: autoDraw = False
348.9761 	EXP 	Line2: autoDraw = False
348.9761 	EXP 	Line3: autoDraw = False
348.9761 	EXP 	Line4: autoDraw = False
348.9761 	EXP 	Probe: autoDraw = False
348.9761 	EXP 	Fixation: autoDraw = True
349.1343 	EXP 	Device response: <KeyPress from None: t=348.96342372801155, value=x, duration=0.16015079099452123>
349.9673 	EXP 	Line1: autoDraw = True
349.9673 	EXP 	Line2: autoDraw = True
349.9673 	EXP 	Line3: autoDraw = True
349.9673 	EXP 	Line4: autoDraw = True
349.9736 	EXP 	Fixation: autoDraw = False
350.9675 	INFO 	Keyboard events cleared
350.9673 	EXP 	Probe: autoDraw = True
351.4241 	EXP 	Device response: <KeyPress from None: t=351.4222777769901, value=z, duration=None>
351.4243 	EXP 	New trial (rep=9, index=47): <Trial 47 (47 in rep 9) data={'pos': np.int64(150), 'corr_resp': 'v', 'thisN': 47, 'thisTrialN': 47, 'thisRepN': 9}>
351.4335 	EXP 	Fixation: autoDraw = False
351.4335 	EXP 	Line1: autoDraw = False
351.4335 	EXP 	Line2: autoDraw = False
351.4335 	EXP 	Line3: autoDraw = False
351.4335 	EXP 	Line4: autoDraw = False
351.4335 	EXP 	Probe: autoDraw = False
351.4335 	EXP 	Fixation: autoDraw = True
351.4356 	DATA 	Keypress: z
351.6405 	EXP 	Device response: <KeyPress from None: t=351.4222777769901, value=z, duration=0.2117676640045829>
352.4242 	EXP 	Fixation: autoDraw = False
352.4242 	EXP 	Line1: autoDraw = True
352.4242 	EXP 	Line2: autoDraw = True
352.4242 	EXP 	Line3: autoDraw = True
352.4242 	EXP 	Line4: autoDraw = True
353.4174 	INFO 	Keyboard events cleared
353.4173 	EXP 	Probe: autoDraw = True
354.0844 	EXP 	Device response: <KeyPress from None: t=354.07626217399957, value=v, duration=None>
354.0847 	EXP 	New trial (rep=14, index=48): <Trial 48 (48 in rep 14) data={'pos': np.int64(-50), 'corr_resp': 'x', 'thisN': 48, 'thisTrialN': 48, 'thisRepN': 14}>
354.0869 	DATA 	Keypress: v
354.0922 	EXP 	Fixation: autoDraw = False
354.0922 	EXP 	Line1: autoDraw = False
354.0922 	EXP 	Line2: autoDraw = False
354.0922 	EXP 	Line3: autoDraw = False
354.0922 	EXP 	Line4: autoDraw = False
354.0922 	EXP 	Probe: autoDraw = False
354.0922 	EXP 	Fixation: autoDraw = True
354.3181 	EXP 	Device response: <KeyPress from None: t=354.07626217399957, value=v, duration=0.24035395600367337>
355.0747 	EXP 	Line1: autoDraw = True
355.0747 	EXP 	Line2: autoDraw = True
355.0747 	EXP 	Line3: autoDraw = True
355.0747 	EXP 	Line4: autoDraw = True
355.0841 	EXP 	Fixation: autoDraw = False
356.0749 	INFO 	Keyboard events cleared
356.0747 	EXP 	Probe: autoDraw = True
356.7342 	EXP 	Device response: <KeyPress from None: t=356.7250023839879, value=x, duration=None>
356.7345 	EXP 	New trial (rep=10, index=49): <Trial 49 (49 in rep 10) data={'pos': np.int64(50), 'corr_resp': 'c', 'thisN': 49, 'thisTrialN': 49, 'thisRepN': 10}>
356.7367 	DATA 	Keypress: x
356.7428 	EXP 	Fixation: autoDraw = False
356.7428 	EXP 	Line1: autoDraw = False
356.7428 	EXP 	Line2: autoDraw = False
356.7428 	EXP 	Line3: autoDraw = False
356.7428 	EXP 	Line4: autoDraw = False
356.7428 	EXP 	Probe: autoDraw = False
356.7428 	EXP 	Fixation: autoDraw = True
356.9011 	EXP 	Device response: <KeyPress from None: t=356.7250023839879, value=x, duration=0.16834122402360663>
357.7241 	EXP 	Line1: autoDraw = True
357.7241 	EXP 	Line2: autoDraw = True
357.7241 	EXP 	Line3: autoDraw = True
357.7241 	EXP 	Line4: autoDraw = True
357.7402 	EXP 	Fixation: autoDraw = False
358.7250 	INFO 	Keyboard events cleared
358.7247 	EXP 	Probe: autoDraw = True
359.1419 	EXP 	Device response: <KeyPress from None: t=359.1400306019932, value=c, duration=None>
359.1422 	EXP 	New trial (rep=10, index=50): <Trial 50 (50 in rep 10) data={'pos': np.int64(150), 'corr_resp': 'v', 'thisN': 50, 'thisTrialN': 50, 'thisRepN': 10}>
359.1501 	EXP 	Fixation: autoDraw = False
359.1501 	EXP 	Line1: autoDraw = False
359.1501 	EXP 	Line2: autoDraw = False
359.1501 	EXP 	Line3: autoDraw = False
359.1501 	EXP 	Line4: autoDraw = False
359.1501 	EXP 	Probe: autoDraw = False
359.1501 	EXP 	Fixation: autoDraw = True
359.1523 	DATA 	Keypress: c
359.3011 	EXP 	Device response: <KeyPress from None: t=359.1400306019932, value=c, duration=0.15621465299045667>
360.1408 	EXP 	Fixation: autoDraw = False
360.1408 	EXP 	Line1: autoDraw = True
360.1408 	EXP 	Line2: autoDraw = True
360.1408 	EXP 	Line3: autoDraw = True
360.1408 	EXP 	Line4: autoDraw = True
361.1410 	INFO 	Keyboard events cleared
361.1407 	EXP 	Probe: autoDraw = True
361.8083 	EXP 	Device response: <KeyPress from None: t=361.8057107690256, value=v, duration=None>
361.8086 	EXP 	New trial (rep=11, index=51): <Trial 51 (51 in rep 11) data={'pos': np.int64(150), 'corr_resp': 'v', 'thisN': 51, 'thisTrialN': 51, 'thisRepN': 11}>
361.8169 	EXP 	Fixation: autoDraw = False
361.8169 	EXP 	Line1: autoDraw = False
361.8169 	EXP 	Line2: autoDraw = False
361.8169 	EXP 	Line3: autoDraw = False
361.8169 	EXP 	Line4: autoDraw = False
361.8169 	EXP 	Probe: autoDraw = False
361.8169 	EXP 	Fixation: autoDraw = True
361.8194 	DATA 	Keypress: v
362.0744 	EXP 	Device response: <KeyPress from None: t=361.8057107690256, value=v, duration=0.2644758469541557>
362.8076 	EXP 	Fixation: autoDraw = False
362.8076 	EXP 	Line1: autoDraw = True
362.8076 	EXP 	Line2: autoDraw = True
362.8076 	EXP 	Line3: autoDraw = True
362.8076 	EXP 	Line4: autoDraw = True
363.8077 	INFO 	Keyboard events cleared
363.8075 	EXP 	Probe: autoDraw = True
364.4679 	EXP 	Device response: <KeyPress from None: t=364.463825140032, value=v, duration=None>
364.4682 	EXP 	New trial (rep=11, index=52): <Trial 52 (52 in rep 11) data={'pos': np.int64(50), 'corr_resp': 'c', 'thisN': 52, 'thisTrialN': 52, 'thisRepN': 11}>
364.4704 	DATA 	Keypress: v
364.4765 	EXP 	Fixation: autoDraw = False
364.4765 	EXP 	Line1: autoDraw = False
364.4765 	EXP 	Line2: autoDraw = False
364.4765 	EXP 	Line3: autoDraw = False
364.4765 	EXP 	Line4: autoDraw = False
364.4765 	EXP 	Probe: autoDraw = False
364.4765 	EXP 	Fixation: autoDraw = True
364.6842 	EXP 	Device response: <KeyPress from None: t=364.463825140032, value=v, duration=0.21151545294560492>
365.4575 	EXP 	Line1: autoDraw = True
365.4575 	EXP 	Line2: autoDraw = True
365.4575 	EXP 	Line3: autoDraw = True
365.4575 	EXP 	Line4: autoDraw = True
365.4733 	EXP 	Fixation: autoDraw = False
366.4672 	INFO 	Keyboard events cleared
366.4670 	EXP 	Probe: autoDraw = True
367.0012 	EXP 	Device response: <KeyPress from None: t=366.99966268398566, value=c, duration=None>
367.0015 	EXP 	New trial (rep=15, index=53): <Trial 53 (53 in rep 15) data={'pos': np.int64(-50), 'corr_resp': 'x', 'thisN': 53, 'thisTrialN': 53, 'thisRepN': 15}>
367.0072 	EXP 	Fixation: autoDraw = False
367.0072 	EXP 	Line1: autoDraw = False
367.0072 	EXP 	Line2: autoDraw = False
367.0072 	EXP 	Line3: autoDraw = False
367.0072 	EXP 	Line4: autoDraw = False
367.0072 	EXP 	Probe: autoDraw = False
367.0072 	EXP 	Fixation: autoDraw = True
367.0101 	DATA 	Keypress: c
367.1682 	EXP 	Device response: <KeyPress from None: t=366.99966268398566, value=c, duration=0.16045215202029794>
368.0004 	EXP 	Line1: autoDraw = True
368.0004 	EXP 	Line2: autoDraw = True
368.0004 	EXP 	Line3: autoDraw = True
368.0004 	EXP 	Line4: autoDraw = True
368.0068 	EXP 	Fixation: autoDraw = False
369.0005 	INFO 	Keyboard events cleared
369.0003 	EXP 	Probe: autoDraw = True
369.3508 	EXP 	Device response: <KeyPress from None: t=369.3414938049973, value=x, duration=None>
369.3511 	EXP 	New trial (rep=16, index=54): <Trial 54 (54 in rep 16) data={'pos': np.int64(-50), 'corr_resp': 'x', 'thisN': 54, 'thisTrialN': 54, 'thisRepN': 16}>
369.3533 	DATA 	Keypress: x
369.3588 	EXP 	Fixation: autoDraw = False
369.3588 	EXP 	Line1: autoDraw = False
369.3588 	EXP 	Line2: autoDraw = False
369.3588 	EXP 	Line3: autoDraw = False
369.3588 	EXP 	Line4: autoDraw = False
369.3588 	EXP 	Probe: autoDraw = False
369.3588 	EXP 	Fixation: autoDraw = True
369.5178 	EXP 	Device response: <KeyPress from None: t=369.3414938049973, value=x, duration=0.17180392402224243>
370.3402 	EXP 	Line1: autoDraw = True
370.3402 	EXP 	Line2: autoDraw = True
370.3402 	EXP 	Line3: autoDraw = True
370.3402 	EXP 	Line4: autoDraw = True
370.3565 	EXP 	Fixation: autoDraw = False
371.3407 	INFO 	Keyboard events cleared
371.3405 	EXP 	Probe: autoDraw = True
371.8078 	EXP 	Device response: <KeyPress from None: t=371.80541252100375, value=x, duration=None>
371.8081 	EXP 	New trial (rep=12, index=55): <Trial 55 (55 in rep 12) data={'pos': np.int64(50), 'corr_resp': 'c', 'thisN': 55, 'thisTrialN': 55, 'thisRepN': 12}>
371.8169 	EXP 	Fixation: autoDraw = False
371.8169 	EXP 	Line1: autoDraw = False
371.8169 	EXP 	Line2: autoDraw = False
371.8169 	EXP 	Line3: autoDraw = False
371.8169 	EXP 	Line4: autoDraw = False
371.8169 	EXP 	Probe: autoDraw = False
371.8169 	EXP 	Fixation: autoDraw = True
371.8197 	DATA 	Keypress: x
371.9509 	EXP 	Device response: <KeyPress from None: t=371.80541252100375, value=x, duration=0.14381234598113224>
372.8072 	EXP 	Fixation: autoDraw = False
372.8072 	EXP 	Line1: autoDraw = True
372.8072 	EXP 	Line2: autoDraw = True
372.8072 	EXP 	Line3: autoDraw = True
372.8072 	EXP 	Line4: autoDraw = True
373.8079 	INFO 	Keyboard events cleared
373.8077 	EXP 	Probe: autoDraw = True
374.3675 	EXP 	Device response: <KeyPress from None: t=374.3572628389811, value=c, duration=None>
374.3678 	EXP 	New trial (rep=12, index=56): <Trial 56 (56 in rep 12) data={'pos': np.int64(150), 'corr_resp': 'v', 'thisN': 56, 'thisTrialN': 56, 'thisRepN': 12}>
374.3703 	DATA 	Keypress: c
374.3758 	EXP 	Fixation: autoDraw = False
374.3758 	EXP 	Line1: autoDraw = False
374.3758 	EXP 	Line2: autoDraw = False
374.3758 	EXP 	Line3: autoDraw = False
374.3758 	EXP 	Line4: autoDraw = False
374.3758 	EXP 	Probe: autoDraw = False
374.3758 	EXP 	Fixation: autoDraw = True
374.5508 	EXP 	Device response: <KeyPress from None: t=374.3572628389811, value=c, duration=0.1836906120297499>
375.3584 	EXP 	Line1: autoDraw = True
375.3584 	EXP 	Line2: autoDraw = True
375.3584 	EXP 	Line3: autoDraw = True
375.3584 	EXP 	Line4: autoDraw = True
375.3678 	EXP 	Fixation: autoDraw = False
376.3587 	INFO 	Keyboard events cleared
376.3585 	EXP 	Probe: autoDraw = True
377.1510 	EXP 	Device response: <KeyPress from None: t=377.14410437102197, value=v, duration=None>
377.1513 	EXP 	New trial (rep=13, index=57): <Trial 57 (57 in rep 13) data={'pos': np.int64(150), 'corr_resp': 'v', 'thisN': 57, 'thisTrialN': 57, 'thisRepN': 13}>
377.1535 	DATA 	Keypress: v
377.1599 	EXP 	Fixation: autoDraw = False
377.1599 	EXP 	Line1: autoDraw = False
377.1599 	EXP 	Line2: autoDraw = False
377.1599 	EXP 	Line3: autoDraw = False
377.1599 	EXP 	Line4: autoDraw = False
377.1599 	EXP 	Probe: autoDraw = False
377.1599 	EXP 	Fixation: autoDraw = True
377.3416 	EXP 	Device response: <KeyPress from None: t=377.14410437102197, value=v, duration=0.1923188449582085>
378.1417 	EXP 	Line1: autoDraw = True
378.1417 	EXP 	Line2: autoDraw = True
378.1417 	EXP 	Line3: autoDraw = True
378.1417 	EXP 	Line4: autoDraw = True
378.1577 	EXP 	Fixation: autoDraw = False
379.1423 	INFO 	Keyboard events cleared
379.1420 	EXP 	Probe: autoDraw = True
379.6683 	EXP 	Device response: <KeyPress from None: t=379.6640537410276, value=v, duration=None>
379.6686 	EXP 	New trial (rep=13, index=58): <Trial 58 (58 in rep 13) data={'pos': np.int64(50), 'corr_resp': 'c', 'thisN': 58, 'thisTrialN': 58, 'thisRepN': 13}>
379.6708 	DATA 	Keypress: v
379.6774 	EXP 	Fixation: autoDraw = False
379.6774 	EXP 	Line1: autoDraw = False
379.6774 	EXP 	Line2: autoDraw = False
379.6774 	EXP 	Line3: autoDraw = False
379.6774 	EXP 	Line4: autoDraw = False
379.6774 	EXP 	Probe: autoDraw = False
379.6774 	EXP 	Fixation: autoDraw = True
379.8754 	EXP 	Device response: <KeyPress from None: t=379.6640537410276, value=v, duration=0.20360609597992152>
380.6672 	EXP 	Line1: autoDraw = True
380.6672 	EXP 	Line2: autoDraw = True
380.6672 	EXP 	Line3: autoDraw = True
380.6672 	EXP 	Line4: autoDraw = True
380.6739 	EXP 	Fixation: autoDraw = False
381.6673 	INFO 	Keyboard events cleared
381.6671 	EXP 	Probe: autoDraw = True
382.0589 	EXP 	Device response: <KeyPress from None: t=382.05697102000704, value=c, duration=None>
382.0592 	EXP 	New trial (rep=17, index=59): <Trial 59 (59 in rep 17) data={'pos': np.int64(-50), 'corr_resp': 'x', 'thisN': 59, 'thisTrialN': 59, 'thisRepN': 17}>
382.0669 	EXP 	Fixation: autoDraw = False
382.0669 	EXP 	Line1: autoDraw = False
382.0669 	EXP 	Line2: autoDraw = False
382.0669 	EXP 	Line3: autoDraw = False
382.0669 	EXP 	Line4: autoDraw = False
382.0669 	EXP 	Probe: autoDraw = False
382.0669 	EXP 	Fixation: autoDraw = True
382.0691 	DATA 	Keypress: c
382.2183 	EXP 	Device response: <KeyPress from None: t=382.05697102000704, value=c, duration=0.16016528400359675>
383.0578 	EXP 	Fixation: autoDraw = False
383.0578 	EXP 	Line1: autoDraw = True
383.0578 	EXP 	Line2: autoDraw = True
383.0578 	EXP 	Line3: autoDraw = True
383.0578 	EXP 	Line4: autoDraw = True
384.0584 	INFO 	Keyboard events cleared
384.0581 	EXP 	Probe: autoDraw = True
384.4512 	EXP 	Device response: <KeyPress from None: t=384.4469370560255, value=x, duration=None>
384.4515 	EXP 	New trial (rep=14, index=60): <Trial 60 (60 in rep 14) data={'pos': np.int64(50), 'corr_resp': 'c', 'thisN': 60, 'thisTrialN': 60, 'thisRepN': 14}>
384.4536 	DATA 	Keypress: x
384.4601 	EXP 	Fixation: autoDraw = False
384.4601 	EXP 	Line1: autoDraw = False
384.4601 	EXP 	Line2: autoDraw = False
384.4601 	EXP 	Line3: autoDraw = False
384.4601 	EXP 	Line4: autoDraw = False
384.4601 	EXP 	Probe: autoDraw = False
384.4601 	EXP 	Fixation: autoDraw = True
384.6013 	EXP 	Device response: <KeyPress from None: t=384.4469370560255, value=x, duration=0.15221200900850818>
385.4504 	EXP 	Line1: autoDraw = True
385.4504 	EXP 	Line2: autoDraw = True
385.4504 	EXP 	Line3: autoDraw = True
385.4504 	EXP 	Line4: autoDraw = True
385.4572 	EXP 	Fixation: autoDraw = False
386.4504 	INFO 	Keyboard events cleared
386.4503 	EXP 	Probe: autoDraw = True
387.3580 	EXP 	Device response: <KeyPress from None: t=387.35678361402825, value=c, duration=None>
387.3583 	EXP 	New trial (rep=15, index=61): <Trial 61 (61 in rep 15) data={'pos': np.int64(50), 'corr_resp': 'c', 'thisN': 61, 'thisTrialN': 61, 'thisRepN': 15}>
387.3667 	EXP 	Fixation: autoDraw = False
387.3667 	EXP 	Line1: autoDraw = False
387.3667 	EXP 	Line2: autoDraw = False
387.3667 	EXP 	Line3: autoDraw = False
387.3667 	EXP 	Line4: autoDraw = False
387.3667 	EXP 	Probe: autoDraw = False
387.3667 	EXP 	Fixation: autoDraw = True
387.3691 	DATA 	Keypress: c
387.5405 	EXP 	Device response: <KeyPress from None: t=387.35678361402825, value=c, duration=0.18023220996838063>
388.3573 	EXP 	Fixation: autoDraw = False
388.3573 	EXP 	Line1: autoDraw = True
388.3573 	EXP 	Line2: autoDraw = True
388.3573 	EXP 	Line3: autoDraw = True
388.3573 	EXP 	Line4: autoDraw = True
389.3580 	INFO 	Keyboard events cleared
389.3577 	EXP 	Probe: autoDraw = True
389.8008 	EXP 	Device response: <KeyPress from None: t=389.79138428199803, value=c, duration=None>
389.8011 	EXP 	New trial (rep=14, index=62): <Trial 62 (62 in rep 14) data={'pos': np.int64(-150), 'corr_resp': 'z', 'thisN': 62, 'thisTrialN': 62, 'thisRepN': 14}>
389.8035 	DATA 	Keypress: c
389.8097 	EXP 	Fixation: autoDraw = False
389.8097 	EXP 	Line1: autoDraw = False
389.8097 	EXP 	Line2: autoDraw = False
389.8097 	EXP 	Line3: autoDraw = False
389.8097 	EXP 	Line4: autoDraw = False
389.8097 	EXP 	Probe: autoDraw = False
389.8097 	EXP 	Fixation: autoDraw = True
389.9739 	EXP 	Device response: <KeyPress from None: t=389.79138428199803, value=c, duration=0.18033827102044597>
390.7908 	EXP 	Line1: autoDraw = True
390.7908 	EXP 	Line2: autoDraw = True
390.7908 	EXP 	Line3: autoDraw = True
390.7908 	EXP 	Line4: autoDraw = True
390.8067 	EXP 	Fixation: autoDraw = False
391.7917 	INFO 	Keyboard events cleared
391.7915 	EXP 	Probe: autoDraw = True
392.5513 	EXP 	Device response: <KeyPress from None: t=392.54954749299213, value=z, duration=None>
392.5516 	EXP 	New trial (rep=15, index=63): <Trial 63 (63 in rep 15) data={'pos': np.int64(-150), 'corr_resp': 'z', 'thisN': 63, 'thisTrialN': 63, 'thisRepN': 15}>
392.5576 	EXP 	Fixation: autoDraw = False
392.5576 	EXP 	Line1: autoDraw = False
392.5576 	EXP 	Line2: autoDraw = False
392.5576 	EXP 	Line3: autoDraw = False
392.5576 	EXP 	Line4: autoDraw = False
392.5576 	EXP 	Probe: autoDraw = False
392.5576 	EXP 	Fixation: autoDraw = True
392.5605 	DATA 	Keypress: z
392.7414 	EXP 	Device response: <KeyPress from None: t=392.54954749299213, value=z, duration=0.1874924940057099>
393.5505 	EXP 	Fixation: autoDraw = False
393.5505 	EXP 	Line1: autoDraw = True
393.5505 	EXP 	Line2: autoDraw = True
393.5505 	EXP 	Line3: autoDraw = True
393.5505 	EXP 	Line4: autoDraw = True
394.5507 	INFO 	Keyboard events cleared
394.5504 	EXP 	Probe: autoDraw = True
395.0674 	EXP 	Device response: <KeyPress from None: t=395.05842716398183, value=z, duration=None>
395.0677 	EXP 	New trial (rep=14, index=64): <Trial 64 (64 in rep 14) data={'pos': np.int64(150), 'corr_resp': 'v', 'thisN': 64, 'thisTrialN': 64, 'thisRepN': 14}>
395.0700 	DATA 	Keypress: z
395.0757 	EXP 	Fixation: autoDraw = False
395.0757 	EXP 	Line1: autoDraw = False
395.0757 	EXP 	Line2: autoDraw = False
395.0757 	EXP 	Line3: autoDraw = False
395.0757 	EXP 	Line4: autoDraw = False
395.0757 	EXP 	Probe: autoDraw = False
395.0757 	EXP 	Fixation: autoDraw = True
395.2406 	EXP 	Device response: <KeyPress from None: t=395.05842716398183, value=z, duration=0.17612395202741027>
396.0575 	EXP 	Line1: autoDraw = True
396.0575 	EXP 	Line2: autoDraw = True
396.0575 	EXP 	Line3: autoDraw = True
396.0575 	EXP 	Line4: autoDraw = True
396.0740 	EXP 	Fixation: autoDraw = False
397.0581 	INFO 	Keyboard events cleared
397.0579 	EXP 	Probe: autoDraw = True
397.8092 	EXP 	Device response: <KeyPress from None: t=397.7944770780159, value=v, duration=None>
397.8094 	EXP 	New trial (rep=16, index=65): <Trial 65 (65 in rep 16) data={'pos': np.int64(50), 'corr_resp': 'c', 'thisN': 65, 'thisTrialN': 65, 'thisRepN': 16}>
397.8117 	DATA 	Keypress: v
397.8171 	EXP 	Fixation: autoDraw = False
397.8171 	EXP 	Line1: autoDraw = False
397.8171 	EXP 	Line2: autoDraw = False
397.8171 	EXP 	Line3: autoDraw = False
397.8171 	EXP 	Line4: autoDraw = False
397.8171 	EXP 	Probe: autoDraw = False
397.8171 	EXP 	Fixation: autoDraw = True
398.0171 	EXP 	Device response: <KeyPress from None: t=397.7944770780159, value=v, duration=0.2120832939981483>
398.8072 	EXP 	Fixation: autoDraw = False
398.8072 	EXP 	Line1: autoDraw = True
398.8072 	EXP 	Line2: autoDraw = True
398.8072 	EXP 	Line3: autoDraw = True
398.8072 	EXP 	Line4: autoDraw = True
399.8074 	INFO 	Keyboard events cleared
399.8071 	EXP 	Probe: autoDraw = True
400.2911 	EXP 	Device response: <KeyPress from None: t=400.2861177769955, value=c, duration=None>
400.2914 	EXP 	New trial (rep=15, index=66): <Trial 66 (66 in rep 15) data={'pos': np.int64(150), 'corr_resp': 'v', 'thisN': 66, 'thisTrialN': 66, 'thisRepN': 15}>
400.2937 	DATA 	Keypress: c
400.2996 	EXP 	Fixation: autoDraw = False
400.2996 	EXP 	Line1: autoDraw = False
400.2996 	EXP 	Line2: autoDraw = False
400.2996 	EXP 	Line3: autoDraw = False
400.2996 	EXP 	Line4: autoDraw = False
400.2996 	EXP 	Probe: autoDraw = False
400.2996 	EXP 	Fixation: autoDraw = True
400.4736 	EXP 	Device response: <KeyPress from None: t=400.2861177769955, value=c, duration=0.1843154900125228>
401.2904 	EXP 	Fixation: autoDraw = False
401.2904 	EXP 	Line1: autoDraw = True
401.2904 	EXP 	Line2: autoDraw = True
401.2904 	EXP 	Line3: autoDraw = True
401.2904 	EXP 	Line4: autoDraw = True
402.2905 	INFO 	Keyboard events cleared
402.2903 	EXP 	Probe: autoDraw = True
402.8842 	EXP 	Device response: <KeyPress from None: t=402.8819877320202, value=v, duration=None>
402.8845 	EXP 	New trial (rep=18, index=67): <Trial 67 (67 in rep 18) data={'pos': np.int64(-50), 'corr_resp': 'x', 'thisN': 67, 'thisTrialN': 67, 'thisRepN': 18}>
402.8868 	DATA 	Keypress: v
402.8931 	EXP 	Fixation: autoDraw = False
402.8931 	EXP 	Line1: autoDraw = False
402.8931 	EXP 	Line2: autoDraw = False
402.8931 	EXP 	Line3: autoDraw = False
402.8931 	EXP 	Line4: autoDraw = False
402.8931 	EXP 	Probe: autoDraw = False
402.8931 	EXP 	Fixation: autoDraw = True
403.0673 	EXP 	Device response: <KeyPress from None: t=402.8819877320202, value=v, duration=0.18034906400134787>
403.8741 	EXP 	Line1: autoDraw = True
403.8741 	EXP 	Line2: autoDraw = True
403.8741 	EXP 	Line3: autoDraw = True
403.8741 	EXP 	Line4: autoDraw = True
403.8905 	EXP 	Fixation: autoDraw = False
404.8745 	INFO 	Keyboard events cleared
404.8742 	EXP 	Probe: autoDraw = True
405.2173 	EXP 	Device response: <KeyPress from None: t=405.2099657590152, value=x, duration=None>
405.2175 	EXP 	New trial (rep=17, index=68): <Trial 68 (68 in rep 17) data={'pos': np.int64(50), 'corr_resp': 'c', 'thisN': 68, 'thisTrialN': 68, 'thisRepN': 17}>
405.2197 	DATA 	Keypress: x
405.2253 	EXP 	Fixation: autoDraw = False
405.2253 	EXP 	Line1: autoDraw = False
405.2253 	EXP 	Line2: autoDraw = False
405.2253 	EXP 	Line3: autoDraw = False
405.2253 	EXP 	Line4: autoDraw = False
405.2253 	EXP 	Probe: autoDraw = False
405.2253 	EXP 	Fixation: autoDraw = True
405.4006 	EXP 	Device response: <KeyPress from None: t=405.2099657590152, value=x, duration=0.1799076829920523>
406.2072 	EXP 	Line1: autoDraw = True
406.2072 	EXP 	Line2: autoDraw = True
406.2072 	EXP 	Line3: autoDraw = True
406.2072 	EXP 	Line4: autoDraw = True
406.2231 	EXP 	Fixation: autoDraw = False
407.2081 	INFO 	Keyboard events cleared
407.2079 	EXP 	Probe: autoDraw = True
407.5007 	EXP 	Device response: <KeyPress from None: t=407.4968100489932, value=c, duration=None>
407.5010 	EXP 	New trial (rep=16, index=69): <Trial 69 (69 in rep 16) data={'pos': np.int64(-150), 'corr_resp': 'z', 'thisN': 69, 'thisTrialN': 69, 'thisRepN': 16}>
407.5032 	DATA 	Keypress: c
407.5094 	EXP 	Fixation: autoDraw = False
407.5094 	EXP 	Line1: autoDraw = False
407.5094 	EXP 	Line2: autoDraw = False
407.5094 	EXP 	Line3: autoDraw = False
407.5094 	EXP 	Line4: autoDraw = False
407.5094 	EXP 	Probe: autoDraw = False
407.5094 	EXP 	Fixation: autoDraw = True
407.6905 	EXP 	Device response: <KeyPress from None: t=407.4968100489932, value=c, duration=0.19245176401454955>
408.4907 	EXP 	Line1: autoDraw = True
408.4907 	EXP 	Line2: autoDraw = True
408.4907 	EXP 	Line3: autoDraw = True
408.4907 	EXP 	Line4: autoDraw = True
408.5064 	EXP 	Fixation: autoDraw = False
409.4905 	INFO 	Keyboard events cleared
409.4903 	EXP 	Probe: autoDraw = True
410.1671 	EXP 	Device response: <KeyPress from None: t=410.1617505020113, value=z, duration=None>
410.1674 	EXP 	New trial (rep=17, index=70): <Trial 70 (70 in rep 17) data={'pos': np.int64(-150), 'corr_resp': 'z', 'thisN': 70, 'thisTrialN': 70, 'thisRepN': 17}>
410.1696 	DATA 	Keypress: z
410.1758 	EXP 	Fixation: autoDraw = False
410.1758 	EXP 	Line1: autoDraw = False
410.1758 	EXP 	Line2: autoDraw = False
410.1758 	EXP 	Line3: autoDraw = False
410.1758 	EXP 	Line4: autoDraw = False
410.1758 	EXP 	Probe: autoDraw = False
410.1758 	EXP 	Fixation: autoDraw = True
410.3339 	EXP 	Device response: <KeyPress from None: t=410.1617505020113, value=z, duration=0.16417359496699646>
411.1572 	EXP 	Line1: autoDraw = True
411.1572 	EXP 	Line2: autoDraw = True
411.1572 	EXP 	Line3: autoDraw = True
411.1572 	EXP 	Line4: autoDraw = True
411.1730 	EXP 	Fixation: autoDraw = False
412.1579 	INFO 	Keyboard events cleared
412.1576 	EXP 	Probe: autoDraw = True
412.6422 	EXP 	Device response: <KeyPress from None: t=412.63663542998256, value=z, duration=None>
412.6425 	EXP 	New trial (rep=19, index=71): <Trial 71 (71 in rep 19) data={'pos': np.int64(-50), 'corr_resp': 'x', 'thisN': 71, 'thisTrialN': 71, 'thisRepN': 19}>
412.6448 	DATA 	Keypress: z
412.6512 	EXP 	Fixation: autoDraw = False
412.6512 	EXP 	Line1: autoDraw = False
412.6512 	EXP 	Line2: autoDraw = False
412.6512 	EXP 	Line3: autoDraw = False
412.6512 	EXP 	Line4: autoDraw = False
412.6512 	EXP 	Probe: autoDraw = False
412.6512 	EXP 	Fixation: autoDraw = True
412.8343 	EXP 	Device response: <KeyPress from None: t=412.63663542998256, value=z, duration=0.1922508249990642>
413.6412 	EXP 	Fixation: autoDraw = False
413.6412 	EXP 	Line1: autoDraw = True
413.6412 	EXP 	Line2: autoDraw = True
413.6412 	EXP 	Line3: autoDraw = True
413.6412 	EXP 	Line4: autoDraw = True
414.6420 	INFO 	Keyboard events cleared
414.6418 	EXP 	Probe: autoDraw = True
414.9340 	EXP 	Device response: <KeyPress from None: t=414.92635304899886, value=x, duration=None>
414.9343 	EXP 	New trial (rep=18, index=72): <Trial 72 (72 in rep 18) data={'pos': np.int64(50), 'corr_resp': 'c', 'thisN': 72, 'thisTrialN': 72, 'thisRepN': 18}>
414.9366 	DATA 	Keypress: x
414.9429 	EXP 	Fixation: autoDraw = False
414.9429 	EXP 	Line1: autoDraw = False
414.9429 	EXP 	Line2: autoDraw = False
414.9429 	EXP 	Line3: autoDraw = False
414.9429 	EXP 	Line4: autoDraw = False
414.9429 	EXP 	Probe: autoDraw = False
414.9429 	EXP 	Fixation: autoDraw = True
415.0845 	EXP 	Device response: <KeyPress from None: t=414.92635304899886, value=x, duration=0.15634106699144468>
415.9328 	EXP 	Line1: autoDraw = True
415.9328 	EXP 	Line2: autoDraw = True
415.9328 	EXP 	Line3: autoDraw = True
415.9328 	EXP 	Line4: autoDraw = True
415.9392 	EXP 	Fixation: autoDraw = False
416.9329 	INFO 	Keyboard events cleared
416.9327 	EXP 	Probe: autoDraw = True
417.6168 	EXP 	Device response: <KeyPress from None: t=417.6073601350072, value=c, duration=None>
417.6171 	EXP 	New trial (rep=19, index=73): <Trial 73 (73 in rep 19) data={'pos': np.int64(50), 'corr_resp': 'c', 'thisN': 73, 'thisTrialN': 73, 'thisRepN': 19}>
417.6195 	DATA 	Keypress: c
417.6256 	EXP 	Fixation: autoDraw = False
417.6256 	EXP 	Line1: autoDraw = False
417.6256 	EXP 	Line2: autoDraw = False
417.6256 	EXP 	Line3: autoDraw = False
417.6256 	EXP 	Line4: autoDraw = False
417.6256 	EXP 	Probe: autoDraw = False
417.6256 	EXP 	Fixation: autoDraw = True
417.8002 	EXP 	Device response: <KeyPress from None: t=417.6073601350072, value=c, duration=0.18414168199524283>
418.6062 	EXP 	Line1: autoDraw = True
418.6062 	EXP 	Line2: autoDraw = True
418.6062 	EXP 	Line3: autoDraw = True
418.6062 	EXP 	Line4: autoDraw = True
418.6226 	EXP 	Fixation: autoDraw = False
419.6071 	INFO 	Keyboard events cleared
419.6069 	EXP 	Probe: autoDraw = True
420.2838 	EXP 	Device response: <KeyPress from None: t=420.27917549200356, value=c, duration=None>
420.2841 	EXP 	New trial (rep=20, index=74): <Trial 74 (74 in rep 20) data={'pos': np.int64(-50), 'corr_resp': 'x', 'thisN': 74, 'thisTrialN': 74, 'thisRepN': 20}>
420.2863 	DATA 	Keypress: c
420.2917 	EXP 	Fixation: autoDraw = False
420.2917 	EXP 	Line1: autoDraw = False
420.2917 	EXP 	Line2: autoDraw = False
420.2917 	EXP 	Line3: autoDraw = False
420.2917 	EXP 	Line4: autoDraw = False
420.2917 	EXP 	Probe: autoDraw = False
420.2917 	EXP 	Fixation: autoDraw = True
420.4735 	EXP 	Device response: <KeyPress from None: t=420.27917549200356, value=c, duration=0.1884367450256832>
421.2733 	EXP 	Line1: autoDraw = True
421.2733 	EXP 	Line2: autoDraw = True
421.2733 	EXP 	Line3: autoDraw = True
421.2733 	EXP 	Line4: autoDraw = True
421.2891 	EXP 	Fixation: autoDraw = False
422.2830 	INFO 	Keyboard events cleared
422.2829 	EXP 	Probe: autoDraw = True
422.7834 	EXP 	Device response: <KeyPress from None: t=422.7772974880063, value=x, duration=None>
422.7836 	EXP 	New trial (rep=16, index=75): <Trial 75 (75 in rep 16) data={'pos': np.int64(150), 'corr_resp': 'v', 'thisN': 75, 'thisTrialN': 75, 'thisRepN': 16}>
422.7858 	DATA 	Keypress: x
422.7911 	EXP 	Fixation: autoDraw = False
422.7911 	EXP 	Line1: autoDraw = False
422.7911 	EXP 	Line2: autoDraw = False
422.7911 	EXP 	Line3: autoDraw = False
422.7911 	EXP 	Line4: autoDraw = False
422.7911 	EXP 	Probe: autoDraw = False
422.7911 	EXP 	Fixation: autoDraw = True
422.9501 	EXP 	Device response: <KeyPress from None: t=422.7772974880063, value=x, duration=0.16500082501443103>
423.7732 	EXP 	Line1: autoDraw = True
423.7732 	EXP 	Line2: autoDraw = True
423.7732 	EXP 	Line3: autoDraw = True
423.7732 	EXP 	Line4: autoDraw = True
423.7893 	EXP 	Fixation: autoDraw = False
424.7732 	INFO 	Keyboard events cleared
424.7730 	EXP 	Probe: autoDraw = True
425.5409 	EXP 	Device response: <KeyPress from None: t=425.5389831640059, value=v, duration=None>
425.5412 	EXP 	New trial (rep=18, index=76): <Trial 76 (76 in rep 18) data={'pos': np.int64(-150), 'corr_resp': 'z', 'thisN': 76, 'thisTrialN': 76, 'thisRepN': 18}>
425.5493 	EXP 	Fixation: autoDraw = False
425.5493 	EXP 	Line1: autoDraw = False
425.5493 	EXP 	Line2: autoDraw = False
425.5493 	EXP 	Line3: autoDraw = False
425.5493 	EXP 	Line4: autoDraw = False
425.5493 	EXP 	Probe: autoDraw = False
425.5493 	EXP 	Fixation: autoDraw = True
425.5515 	DATA 	Keypress: v
425.7834 	EXP 	Device response: <KeyPress from None: t=425.5389831640059, value=v, duration=0.23639693902805448>
426.5399 	EXP 	Fixation: autoDraw = False
426.5399 	EXP 	Line1: autoDraw = True
426.5399 	EXP 	Line2: autoDraw = True
426.5399 	EXP 	Line3: autoDraw = True
426.5399 	EXP 	Line4: autoDraw = True
427.5403 	INFO 	Keyboard events cleared
427.5401 	EXP 	Probe: autoDraw = True
428.0242 	EXP 	Device response: <KeyPress from None: t=428.01786146103404, value=z, duration=None>
428.0245 	EXP 	New trial (rep=17, index=77): <Trial 77 (77 in rep 17) data={'pos': np.int64(150), 'corr_resp': 'v', 'thisN': 77, 'thisTrialN': 77, 'thisRepN': 17}>
428.0267 	DATA 	Keypress: z
428.0326 	EXP 	Fixation: autoDraw = False
428.0326 	EXP 	Line1: autoDraw = False
428.0326 	EXP 	Line2: autoDraw = False
428.0326 	EXP 	Line3: autoDraw = False
428.0326 	EXP 	Line4: autoDraw = False
428.0326 	EXP 	Probe: autoDraw = False
428.0326 	EXP 	Fixation: autoDraw = True
428.2237 	EXP 	Device response: <KeyPress from None: t=428.01786146103404, value=z, duration=0.20024584396742284>
429.0234 	EXP 	Fixation: autoDraw = False
429.0234 	EXP 	Line1: autoDraw = True
429.0234 	EXP 	Line2: autoDraw = True
429.0234 	EXP 	Line3: autoDraw = True
429.0234 	EXP 	Line4: autoDraw = True
430.0239 	INFO 	Keyboard events cleared
430.0237 	EXP 	Probe: autoDraw = True
430.5670 	EXP 	Device response: <KeyPress from None: t=430.56480503600324, value=v, duration=None>
430.5672 	EXP 	New trial (rep=19, index=78): <Trial 78 (78 in rep 19) data={'pos': np.int64(-150), 'corr_resp': 'z', 'thisN': 78, 'thisTrialN': 78, 'thisRepN': 19}>
430.5695 	DATA 	Keypress: v
430.5750 	EXP 	Fixation: autoDraw = False
430.5750 	EXP 	Line1: autoDraw = False
430.5750 	EXP 	Line2: autoDraw = False
430.5750 	EXP 	Line3: autoDraw = False
430.5750 	EXP 	Line4: autoDraw = False
430.5750 	EXP 	Probe: autoDraw = False
430.5750 	EXP 	Fixation: autoDraw = True
430.7671 	EXP 	Device response: <KeyPress from None: t=430.56480503600324, value=v, duration=0.20025095902383327>
431.5566 	EXP 	Line1: autoDraw = True
431.5566 	EXP 	Line2: autoDraw = True
431.5566 	EXP 	Line3: autoDraw = True
431.5566 	EXP 	Line4: autoDraw = True
431.5724 	EXP 	Fixation: autoDraw = False
432.5567 	INFO 	Keyboard events cleared
432.5565 	EXP 	Probe: autoDraw = True
433.0570 	EXP 	Device response: <KeyPress from None: t=433.0545699010254, value=z, duration=None>
433.0573 	EXP 	New trial (rep=20, index=79): <Trial 79 (79 in rep 20) data={'pos': np.int64(50), 'corr_resp': 'c', 'thisN': 79, 'thisTrialN': 79, 'thisRepN': 20}>
433.0660 	EXP 	Fixation: autoDraw = False
433.0660 	EXP 	Line1: autoDraw = False
433.0660 	EXP 	Line2: autoDraw = False
433.0660 	EXP 	Line3: autoDraw = False
433.0660 	EXP 	Line4: autoDraw = False
433.0660 	EXP 	Probe: autoDraw = False
433.0660 	EXP 	Fixation: autoDraw = True
433.0686 	DATA 	Keypress: z
433.2500 	EXP 	Device response: <KeyPress from None: t=433.0545699010254, value=z, duration=0.18425655795726925>
434.0563 	EXP 	Fixation: autoDraw = False
434.0563 	EXP 	Line1: autoDraw = True
434.0563 	EXP 	Line2: autoDraw = True
434.0563 	EXP 	Line3: autoDraw = True
434.0563 	EXP 	Line4: autoDraw = True
435.0571 	INFO 	Keyboard events cleared
435.0569 	EXP 	Probe: autoDraw = True
435.6166 	EXP 	Device response: <KeyPress from None: t=435.6075534460251, value=c, duration=None>
435.6169 	EXP 	New trial (rep=18, index=80): <Trial 80 (80 in rep 18) data={'pos': np.int64(150), 'corr_resp': 'v', 'thisN': 80, 'thisTrialN': 80, 'thisRepN': 18}>
435.6192 	DATA 	Keypress: c
435.6253 	EXP 	Fixation: autoDraw = False
435.6253 	EXP 	Line1: autoDraw = False
435.6253 	EXP 	Line2: autoDraw = False
435.6253 	EXP 	Line3: autoDraw = False
435.6253 	EXP 	Line4: autoDraw = False
435.6253 	EXP 	Probe: autoDraw = False
435.6253 	EXP 	Fixation: autoDraw = True
435.8004 	EXP 	Device response: <KeyPress from None: t=435.6075534460251, value=c, duration=0.1883422159589827>
436.6064 	EXP 	Line1: autoDraw = True
436.6064 	EXP 	Line2: autoDraw = True
436.6064 	EXP 	Line3: autoDraw = True
436.6064 	EXP 	Line4: autoDraw = True
436.6223 	EXP 	Fixation: autoDraw = False
437.6065 	INFO 	Keyboard events cleared
437.6063 	EXP 	Probe: autoDraw = True
438.3336 	EXP 	Device response: <KeyPress from None: t=438.3244840319967, value=v, duration=None>
438.3339 	EXP 	New trial (rep=21, index=81): <Trial 81 (81 in rep 21) data={'pos': np.int64(50), 'corr_resp': 'c', 'thisN': 81, 'thisTrialN': 81, 'thisRepN': 21}>
438.3364 	DATA 	Keypress: v
438.3426 	EXP 	Fixation: autoDraw = False
438.3426 	EXP 	Line1: autoDraw = False
438.3426 	EXP 	Line2: autoDraw = False
438.3426 	EXP 	Line3: autoDraw = False
438.3426 	EXP 	Line4: autoDraw = False
438.3426 	EXP 	Probe: autoDraw = False
438.3426 	EXP 	Fixation: autoDraw = True
438.5229 	EXP 	Device response: <KeyPress from None: t=438.3244840319967, value=v, duration=0.19621738500427455>
439.3233 	EXP 	Line1: autoDraw = True
439.3233 	EXP 	Line2: autoDraw = True
439.3233 	EXP 	Line3: autoDraw = True
439.3233 	EXP 	Line4: autoDraw = True
439.3389 	EXP 	Fixation: autoDraw = False
440.3240 	INFO 	Keyboard events cleared
440.3237 	EXP 	Probe: autoDraw = True
441.2908 	EXP 	Device response: <KeyPress from None: t=441.2892800050322, value=c, duration=None>
441.2911 	EXP 	New trial (rep=22, index=82): <Trial 82 (82 in rep 22) data={'pos': np.int64(50), 'corr_resp': 'c', 'thisN': 82, 'thisTrialN': 82, 'thisRepN': 22}>
441.2992 	EXP 	Fixation: autoDraw = False
441.2992 	EXP 	Line1: autoDraw = False
441.2992 	EXP 	Line2: autoDraw = False
441.2992 	EXP 	Line3: autoDraw = False
441.2992 	EXP 	Line4: autoDraw = False
441.2992 	EXP 	Probe: autoDraw = False
441.2992 	EXP 	Fixation: autoDraw = True
441.3016 	DATA 	Keypress: c
441.5002 	EXP 	Device response: <KeyPress from None: t=441.2892800050322, value=c, duration=0.20829919195966795>
442.2896 	EXP 	Fixation: autoDraw = False
442.2896 	EXP 	Line1: autoDraw = True
442.2896 	EXP 	Line2: autoDraw = True
442.2896 	EXP 	Line3: autoDraw = True
442.2896 	EXP 	Line4: autoDraw = True
443.2905 	INFO 	Keyboard events cleared
443.2902 	EXP 	Probe: autoDraw = True
443.8835 	EXP 	Device response: <KeyPress from None: t=443.8796564320219, value=c, duration=None>
443.8838 	EXP 	New trial (rep=21, index=83): <Trial 83 (83 in rep 21) data={'pos': np.int64(-50), 'corr_resp': 'x', 'thisN': 83, 'thisTrialN': 83, 'thisRepN': 21}>
443.8860 	DATA 	Keypress: c
443.8914 	EXP 	Fixation: autoDraw = False
443.8914 	EXP 	Line1: autoDraw = False
443.8914 	EXP 	Line2: autoDraw = False
443.8914 	EXP 	Line3: autoDraw = False
443.8914 	EXP 	Line4: autoDraw = False
443.8914 	EXP 	Probe: autoDraw = False
443.8914 	EXP 	Fixation: autoDraw = True
444.0830 	EXP 	Device response: <KeyPress from None: t=443.8796564320219, value=c, duration=0.1962560229585506>
444.8726 	EXP 	Line1: autoDraw = True
444.8726 	EXP 	Line2: autoDraw = True
444.8726 	EXP 	Line3: autoDraw = True
444.8726 	EXP 	Line4: autoDraw = True
444.8887 	EXP 	Fixation: autoDraw = False
445.8828 	INFO 	Keyboard events cleared
445.8826 	EXP 	Probe: autoDraw = True
447.1832 	EXP 	Device response: <KeyPress from None: t=447.1740555600263, value=x, duration=None>
447.1835 	EXP 	New trial (rep=19, index=84): <Trial 84 (84 in rep 19) data={'pos': np.int64(150), 'corr_resp': 'v', 'thisN': 84, 'thisTrialN': 84, 'thisRepN': 19}>
447.1859 	DATA 	Keypress: x
447.1913 	EXP 	Fixation: autoDraw = False
447.1913 	EXP 	Line1: autoDraw = False
447.1913 	EXP 	Line2: autoDraw = False
447.1913 	EXP 	Line3: autoDraw = False
447.1913 	EXP 	Line4: autoDraw = False
447.1913 	EXP 	Probe: autoDraw = False
447.1913 	EXP 	Fixation: autoDraw = True
447.3496 	EXP 	Device response: <KeyPress from None: t=447.1740555600263, value=x, duration=0.16842202295083553>
448.1729 	EXP 	Line1: autoDraw = True
448.1729 	EXP 	Line2: autoDraw = True
448.1729 	EXP 	Line3: autoDraw = True
448.1729 	EXP 	Line4: autoDraw = True
448.1893 	EXP 	Fixation: autoDraw = False
449.1731 	INFO 	Keyboard events cleared
449.1729 	EXP 	Probe: autoDraw = True
449.5663 	EXP 	Device response: <KeyPress from None: t=449.55709493299946, value=v, duration=None>
449.5666 	EXP 	New trial (rep=20, index=85): <Trial 85 (85 in rep 20) data={'pos': np.int64(-150), 'corr_resp': 'z', 'thisN': 85, 'thisTrialN': 85, 'thisRepN': 20}>
449.5690 	DATA 	Keypress: v
449.5745 	EXP 	Fixation: autoDraw = False
449.5745 	EXP 	Line1: autoDraw = False
449.5745 	EXP 	Line2: autoDraw = False
449.5745 	EXP 	Line3: autoDraw = False
449.5745 	EXP 	Line4: autoDraw = False
449.5745 	EXP 	Probe: autoDraw = False
449.5745 	EXP 	Fixation: autoDraw = True
449.7733 	EXP 	Device response: <KeyPress from None: t=449.55709493299946, value=v, duration=0.2122107819886878>
450.5557 	EXP 	Line1: autoDraw = True
450.5557 	EXP 	Line2: autoDraw = True
450.5557 	EXP 	Line3: autoDraw = True
450.5557 	EXP 	Line4: autoDraw = True
450.5722 	EXP 	Fixation: autoDraw = False
451.5568 	INFO 	Keyboard events cleared
451.5565 	EXP 	Probe: autoDraw = True
452.1171 	EXP 	Device response: <KeyPress from None: t=452.11585633602226, value=z, duration=None>
452.1174 	EXP 	New trial (rep=20, index=86): <Trial 86 (86 in rep 20) data={'pos': np.int64(150), 'corr_resp': 'v', 'thisN': 86, 'thisTrialN': 86, 'thisRepN': 20}>
452.1234 	EXP 	Fixation: autoDraw = False
452.1234 	EXP 	Line1: autoDraw = False
452.1234 	EXP 	Line2: autoDraw = False
452.1234 	EXP 	Line3: autoDraw = False
452.1234 	EXP 	Line4: autoDraw = False
452.1234 	EXP 	Probe: autoDraw = False
452.1234 	EXP 	Fixation: autoDraw = True
452.1263 	DATA 	Keypress: z
452.2997 	EXP 	Device response: <KeyPress from None: t=452.11585633602226, value=z, duration=0.17645492200972512>
452.8501 	EXP 	Device response: <KeyPress from None: t=452.84896939300233, value=v, duration=None>
452.8582 	DATA 	Keypress: v
453.0668 	EXP 	Device response: <KeyPress from None: t=452.84896939300233, value=v, duration=0.21309179300442338>
453.1159 	EXP 	Line1: autoDraw = True
453.1159 	EXP 	Line2: autoDraw = True
453.1159 	EXP 	Line3: autoDraw = True
453.1159 	EXP 	Line4: autoDraw = True
453.1223 	EXP 	Fixation: autoDraw = False
454.1161 	INFO 	Keyboard events cleared
454.1159 	EXP 	Probe: autoDraw = True
454.6497 	EXP 	Device response: <KeyPress from None: t=454.63967843103455, value=v, duration=None>
454.6500 	EXP 	New trial (rep=21, index=87): <Trial 87 (87 in rep 21) data={'pos': np.int64(150), 'corr_resp': 'v', 'thisN': 87, 'thisTrialN': 87, 'thisRepN': 21}>
454.6523 	DATA 	Keypress: v
454.6578 	EXP 	Fixation: autoDraw = False
454.6578 	EXP 	Line1: autoDraw = False
454.6578 	EXP 	Line2: autoDraw = False
454.6578 	EXP 	Line3: autoDraw = False
454.6578 	EXP 	Line4: autoDraw = False
454.6578 	EXP 	Probe: autoDraw = False
454.6578 	EXP 	Fixation: autoDraw = True
454.8498 	EXP 	Device response: <KeyPress from None: t=454.63967843103455, value=v, duration=0.2042932709446177>
455.6396 	EXP 	Line1: autoDraw = True
455.6396 	EXP 	Line2: autoDraw = True
455.6396 	EXP 	Line3: autoDraw = True
455.6396 	EXP 	Line4: autoDraw = True
455.6555 	EXP 	Fixation: autoDraw = False
456.6400 	INFO 	Keyboard events cleared
456.6397 	EXP 	Probe: autoDraw = True
457.2737 	EXP 	Device response: <KeyPress from None: t=457.2666023320053, value=v, duration=None>
457.2740 	EXP 	New trial (rep=21, index=88): <Trial 88 (88 in rep 21) data={'pos': np.int64(-150), 'corr_resp': 'z', 'thisN': 88, 'thisTrialN': 88, 'thisRepN': 21}>
457.2764 	DATA 	Keypress: v
457.2821 	EXP 	Fixation: autoDraw = False
457.2821 	EXP 	Line1: autoDraw = False
457.2821 	EXP 	Line2: autoDraw = False
457.2821 	EXP 	Line3: autoDraw = False
457.2821 	EXP 	Line4: autoDraw = False
457.2821 	EXP 	Probe: autoDraw = False
457.2821 	EXP 	Fixation: autoDraw = True
457.4999 	EXP 	Device response: <KeyPress from None: t=457.2666023320053, value=v, duration=0.22833665198413655>
458.2722 	EXP 	Fixation: autoDraw = False
458.2722 	EXP 	Line1: autoDraw = True
458.2722 	EXP 	Line2: autoDraw = True
458.2722 	EXP 	Line3: autoDraw = True
458.2722 	EXP 	Line4: autoDraw = True
459.2729 	INFO 	Keyboard events cleared
459.2727 	EXP 	Probe: autoDraw = True
459.9239 	EXP 	Device response: <KeyPress from None: t=459.91851547401166, value=z, duration=None>
459.9242 	EXP 	New trial (rep=22, index=89): <Trial 89 (89 in rep 22) data={'pos': np.int64(-50), 'corr_resp': 'x', 'thisN': 89, 'thisTrialN': 89, 'thisRepN': 22}>
459.9265 	DATA 	Keypress: z
459.9323 	EXP 	Fixation: autoDraw = False
459.9323 	EXP 	Line1: autoDraw = False
459.9323 	EXP 	Line2: autoDraw = False
459.9323 	EXP 	Line3: autoDraw = False
459.9323 	EXP 	Line4: autoDraw = False
459.9323 	EXP 	Probe: autoDraw = False
459.9323 	EXP 	Fixation: autoDraw = True
460.0829 	EXP 	Device response: <KeyPress from None: t=459.91851547401166, value=z, duration=0.1562770900200121>
460.9225 	EXP 	Fixation: autoDraw = False
460.9225 	EXP 	Line1: autoDraw = True
460.9225 	EXP 	Line2: autoDraw = True
460.9225 	EXP 	Line3: autoDraw = True
460.9225 	EXP 	Line4: autoDraw = True
461.9229 	INFO 	Keyboard events cleared
461.9227 	EXP 	Probe: autoDraw = True
462.2662 	EXP 	Device response: <KeyPress from None: t=462.2605091530131, value=x, duration=None>
462.2665 	EXP 	New trial (rep=22, index=90): <Trial 90 (90 in rep 22) data={'pos': np.int64(150), 'corr_resp': 'v', 'thisN': 90, 'thisTrialN': 90, 'thisRepN': 22}>
462.2687 	DATA 	Keypress: x
462.2748 	EXP 	Fixation: autoDraw = False
462.2748 	EXP 	Line1: autoDraw = False
462.2748 	EXP 	Line2: autoDraw = False
462.2748 	EXP 	Line3: autoDraw = False
462.2748 	EXP 	Line4: autoDraw = False
462.2748 	EXP 	Probe: autoDraw = False
462.2748 	EXP 	Fixation: autoDraw = True
462.4159 	EXP 	Device response: <KeyPress from None: t=462.2605091530131, value=x, duration=0.15191718802088872>
463.2555 	EXP 	Line1: autoDraw = True
463.2555 	EXP 	Line2: autoDraw = True
463.2555 	EXP 	Line3: autoDraw = True
463.2555 	EXP 	Line4: autoDraw = True
463.2720 	EXP 	Fixation: autoDraw = False
464.2569 	INFO 	Keyboard events cleared
464.2567 	EXP 	Probe: autoDraw = True
464.7333 	EXP 	Device response: <KeyPress from None: t=464.73228715598816, value=v, duration=None>
464.7335 	EXP 	New trial (rep=23, index=91): <Trial 91 (91 in rep 23) data={'pos': np.int64(50), 'corr_resp': 'c', 'thisN': 91, 'thisTrialN': 91, 'thisRepN': 23}>
464.7394 	EXP 	Fixation: autoDraw = False
464.7394 	EXP 	Line1: autoDraw = False
464.7394 	EXP 	Line2: autoDraw = False
464.7394 	EXP 	Line3: autoDraw = False
464.7394 	EXP 	Line4: autoDraw = False
464.7394 	EXP 	Probe: autoDraw = False
464.7394 	EXP 	Fixation: autoDraw = True
464.7420 	DATA 	Keypress: v
464.9497 	EXP 	Device response: <KeyPress from None: t=464.73228715598816, value=v, duration=0.2124112659948878>
465.7224 	EXP 	Line1: autoDraw = True
465.7224 	EXP 	Line2: autoDraw = True
465.7224 	EXP 	Line3: autoDraw = True
465.7224 	EXP 	Line4: autoDraw = True
465.7324 	EXP 	Fixation: autoDraw = False
466.7229 	INFO 	Keyboard events cleared
466.7227 	EXP 	Probe: autoDraw = True
467.4832 	EXP 	Device response: <KeyPress from None: t=467.4802665769821, value=c, duration=None>
467.4834 	EXP 	New trial (rep=23, index=92): <Trial 92 (92 in rep 23) data={'pos': np.int64(-50), 'corr_resp': 'x', 'thisN': 92, 'thisTrialN': 92, 'thisRepN': 23}>
467.4857 	DATA 	Keypress: c
467.4918 	EXP 	Fixation: autoDraw = False
467.4918 	EXP 	Line1: autoDraw = False
467.4918 	EXP 	Line2: autoDraw = False
467.4918 	EXP 	Line3: autoDraw = False
467.4918 	EXP 	Line4: autoDraw = False
467.4918 	EXP 	Probe: autoDraw = False
467.4918 	EXP 	Fixation: autoDraw = True
467.6664 	EXP 	Device response: <KeyPress from None: t=467.4802665769821, value=c, duration=0.18400824500713497>
468.4729 	EXP 	Line1: autoDraw = True
468.4729 	EXP 	Line2: autoDraw = True
468.4729 	EXP 	Line3: autoDraw = True
468.4729 	EXP 	Line4: autoDraw = True
468.4886 	EXP 	Fixation: autoDraw = False
469.4730 	INFO 	Keyboard events cleared
469.4727 	EXP 	Probe: autoDraw = True
470.0237 	EXP 	Device response: <KeyPress from None: t=470.0180772119784, value=x, duration=None>
470.0240 	EXP 	New trial (rep=24, index=93): <Trial 93 (93 in rep 24) data={'pos': np.int64(-50), 'corr_resp': 'x', 'thisN': 93, 'thisTrialN': 93, 'thisRepN': 24}>
470.0262 	DATA 	Keypress: x
470.0320 	EXP 	Fixation: autoDraw = False
470.0320 	EXP 	Line1: autoDraw = False
470.0320 	EXP 	Line2: autoDraw = False
470.0320 	EXP 	Line3: autoDraw = False
470.0320 	EXP 	Line4: autoDraw = False
470.0320 	EXP 	Probe: autoDraw = False
470.0320 	EXP 	Fixation: autoDraw = True
470.1727 	EXP 	Device response: <KeyPress from None: t=470.0180772119784, value=x, duration=0.1522209370159544>
471.0227 	EXP 	Fixation: autoDraw = False
471.0227 	EXP 	Line1: autoDraw = True
471.0227 	EXP 	Line2: autoDraw = True
471.0227 	EXP 	Line3: autoDraw = True
471.0227 	EXP 	Line4: autoDraw = True
472.0233 	INFO 	Keyboard events cleared
472.0230 	EXP 	Probe: autoDraw = True
472.5070 	EXP 	Device response: <KeyPress from None: t=472.5029133859789, value=x, duration=None>
472.5072 	EXP 	New trial (rep=23, index=94): <Trial 94 (94 in rep 23) data={'pos': np.int64(150), 'corr_resp': 'v', 'thisN': 94, 'thisTrialN': 94, 'thisRepN': 23}>
472.5095 	DATA 	Keypress: x
472.5156 	EXP 	Fixation: autoDraw = False
472.5156 	EXP 	Line1: autoDraw = False
472.5156 	EXP 	Line2: autoDraw = False
472.5156 	EXP 	Line3: autoDraw = False
472.5156 	EXP 	Line4: autoDraw = False
472.5156 	EXP 	Probe: autoDraw = False
472.5156 	EXP 	Fixation: autoDraw = True
472.6827 	EXP 	Device response: <KeyPress from None: t=472.5029133859789, value=x, duration=0.17233922105515376>
473.5058 	EXP 	Fixation: autoDraw = False
473.5058 	EXP 	Line1: autoDraw = True
473.5058 	EXP 	Line2: autoDraw = True
473.5058 	EXP 	Line3: autoDraw = True
473.5058 	EXP 	Line4: autoDraw = True
474.4999 	INFO 	Keyboard events cleared
474.4997 	EXP 	Probe: autoDraw = True
474.9579 	EXP 	Device response: <KeyPress from None: t=474.9507896709838, value=v, duration=None>
474.9582 	EXP 	New trial (rep=22, index=95): <Trial 95 (95 in rep 22) data={'pos': np.int64(-150), 'corr_resp': 'z', 'thisN': 95, 'thisTrialN': 95, 'thisRepN': 22}>
474.9605 	DATA 	Keypress: v
474.9669 	EXP 	Fixation: autoDraw = False
474.9669 	EXP 	Line1: autoDraw = False
474.9669 	EXP 	Line2: autoDraw = False
474.9669 	EXP 	Line3: autoDraw = False
474.9669 	EXP 	Line4: autoDraw = False
474.9669 	EXP 	Probe: autoDraw = False
474.9669 	EXP 	Fixation: autoDraw = True
475.1897 	EXP 	Device response: <KeyPress from None: t=474.9507896709838, value=v, duration=0.23625549499411136>
475.9563 	EXP 	Line1: autoDraw = True
475.9563 	EXP 	Line2: autoDraw = True
475.9563 	EXP 	Line3: autoDraw = True
475.9563 	EXP 	Line4: autoDraw = True
475.9657 	EXP 	Fixation: autoDraw = False
476.9568 	INFO 	Keyboard events cleared
476.9566 	EXP 	Probe: autoDraw = True
477.6067 	EXP 	Device response: <KeyPress from None: t=477.60466692299815, value=z, duration=None>
477.6070 	EXP 	New trial (rep=23, index=96): <Trial 96 (96 in rep 23) data={'pos': np.int64(-150), 'corr_resp': 'z', 'thisN': 96, 'thisTrialN': 96, 'thisRepN': 23}>
477.6154 	EXP 	Fixation: autoDraw = False
477.6154 	EXP 	Line1: autoDraw = False
477.6154 	EXP 	Line2: autoDraw = False
477.6154 	EXP 	Line3: autoDraw = False
477.6154 	EXP 	Line4: autoDraw = False
477.6154 	EXP 	Probe: autoDraw = False
477.6154 	EXP 	Fixation: autoDraw = True
477.6179 	DATA 	Keypress: z
477.7995 	EXP 	Device response: <KeyPress from None: t=477.60466692299815, value=z, duration=0.18815281603019685>
478.6061 	EXP 	Fixation: autoDraw = False
478.6061 	EXP 	Line1: autoDraw = True
478.6061 	EXP 	Line2: autoDraw = True
478.6061 	EXP 	Line3: autoDraw = True
478.6061 	EXP 	Line4: autoDraw = True
479.6059 	INFO 	Keyboard events cleared
479.6057 	EXP 	Probe: autoDraw = True
480.3162 	EXP 	Device response: <KeyPress from None: t=480.3068114760099, value=z, duration=None>
480.3165 	EXP 	New trial (rep=24, index=97): <Trial 97 (97 in rep 24) data={'pos': np.int64(150), 'corr_resp': 'v', 'thisN': 97, 'thisTrialN': 97, 'thisRepN': 24}>
480.3187 	DATA 	Keypress: z
480.3250 	EXP 	Fixation: autoDraw = False
480.3250 	EXP 	Line1: autoDraw = False
480.3250 	EXP 	Line2: autoDraw = False
480.3250 	EXP 	Line3: autoDraw = False
480.3250 	EXP 	Line4: autoDraw = False
480.3250 	EXP 	Probe: autoDraw = False
480.3250 	EXP 	Fixation: autoDraw = True
480.5398 	EXP 	Device response: <KeyPress from None: t=480.3068114760099, value=z, duration=0.22809437999967486>
481.3063 	EXP 	Line1: autoDraw = True
481.3063 	EXP 	Line2: autoDraw = True
481.3063 	EXP 	Line3: autoDraw = True
481.3063 	EXP 	Line4: autoDraw = True
481.3218 	EXP 	Fixation: autoDraw = False
482.3070 	INFO 	Keyboard events cleared
482.3067 	EXP 	Probe: autoDraw = True
482.9570 	EXP 	Device response: <KeyPress from None: t=482.9524857160286, value=v, duration=None>
482.9573 	EXP 	New trial (rep=24, index=98): <Trial 98 (98 in rep 24) data={'pos': np.int64(-150), 'corr_resp': 'z', 'thisN': 98, 'thisTrialN': 98, 'thisRepN': 24}>
482.9595 	DATA 	Keypress: v
482.9656 	EXP 	Fixation: autoDraw = False
482.9656 	EXP 	Line1: autoDraw = False
482.9656 	EXP 	Line2: autoDraw = False
482.9656 	EXP 	Line3: autoDraw = False
482.9656 	EXP 	Line4: autoDraw = False
482.9656 	EXP 	Probe: autoDraw = False
482.9656 	EXP 	Fixation: autoDraw = True
483.1662 	EXP 	Device response: <KeyPress from None: t=482.9524857160286, value=v, duration=0.20435305294813588>
483.9558 	EXP 	Fixation: autoDraw = False
483.9558 	EXP 	Line1: autoDraw = True
483.9558 	EXP 	Line2: autoDraw = True
483.9558 	EXP 	Line3: autoDraw = True
483.9558 	EXP 	Line4: autoDraw = True
484.9567 	INFO 	Keyboard events cleared
484.9565 	EXP 	Probe: autoDraw = True
485.6569 	EXP 	Device response: <KeyPress from None: t=485.6523271360202, value=z, duration=None>
485.6571 	EXP 	New trial (rep=24, index=99): <Trial 99 (99 in rep 24) data={'pos': np.int64(50), 'corr_resp': 'c', 'thisN': 99, 'thisTrialN': 99, 'thisRepN': 24}>
485.6594 	DATA 	Keypress: z
485.6654 	EXP 	Fixation: autoDraw = False
485.6654 	EXP 	Line1: autoDraw = False
485.6654 	EXP 	Line2: autoDraw = False
485.6654 	EXP 	Line3: autoDraw = False
485.6654 	EXP 	Line4: autoDraw = False
485.6654 	EXP 	Probe: autoDraw = False
485.6654 	EXP 	Fixation: autoDraw = True
485.8493 	EXP 	Device response: <KeyPress from None: t=485.6523271360202, value=z, duration=0.1883296399610117>
486.6559 	EXP 	Fixation: autoDraw = False
486.6559 	EXP 	Line1: autoDraw = True
486.6559 	EXP 	Line2: autoDraw = True
486.6559 	EXP 	Line3: autoDraw = True
486.6559 	EXP 	Line4: autoDraw = True
487.6567 	INFO 	Keyboard events cleared
487.6565 	EXP 	Probe: autoDraw = True
488.2164 	EXP 	Device response: <KeyPress from None: t=488.2132576869917, value=c, duration=None>
488.2185 	DATA 	Keypress: c
488.2248 	EXP 	Fixation: autoDraw = False
488.2248 	EXP 	Line1: autoDraw = False
488.2248 	EXP 	Line2: autoDraw = False
488.2248 	EXP 	Line3: autoDraw = False
488.2248 	EXP 	Line4: autoDraw = False
488.2248 	EXP 	Probe: autoDraw = False
488.2249 	EXP 	Motor Sequence Learning: status = STOPPED
488.2851 	INFO 	saved data to '/Users/ayk-j/Desktop/data/0001_Motor Sequence Learning_2025-10-02_15h26.15.473.csv'
488.2868 	INFO 	saved data to /Users/ayk-j/Desktop/data/0001_Motor Sequence Learning_2025-10-02_15h26.15.473.psydat
489.1062 	WARNING 	Stopping key buffers but this could be dangerous ifother keyboards rely on the same.
489.1064 	WARNING 	Stopping key buffers but this could be dangerous ifother keyboards rely on the same.
489.1064 	WARNING 	Stopping key buffers but this could be dangerous ifother keyboards rely on the same.
