21.7231 	WARNING 	Font Manager failed to load file /System/Library/PrivateFrameworks/FontServices.framework/Resources/Reserved/PingFangUI.ttc
21.8951 	WARNING 	Font Manager failed to load file /System/Library/PrivateFrameworks/FontServices.framework/Resources/Reserved/PingFangUI.ttc
26.0715 	INFO 	Loaded monitor calibration from ['2025_08_12 09:40']
26.0810 	WARNING 	User requested fullscreen with size [1024  768], but screen is actually [1440, 900]. Using actual size
26.3114 	INFO 	Using renderer 'Intel(R) Iris(TM) Plus Graphics 655' for graphics
26.3114 	INFO 	OpenGL version supported by driver is 2..
26.3262 	EXP 	Created window1 = Window(allowGUI=False, allowStencil=False, autoLog=True, backendConf=UNKNOWN, backgroundFit=<method-wrapper '__getattribute__' of attributeSetter object at 0x1391e17e0>, backgroundImage=<method-wrapper '__getattribute__' of attributeSetter object at 0x1391e1780>, bitsMode=UNKNOWN, blendMode='avg', bpc=(8, 8, 8), color=array([0, 0, 0]), colorSpace='rgb', depthBits=8, fullscr=True, gamma=None, gammaErrorPolicy='raise', infoMsg=UNKNOWN, lms=UNKNOWN, monitor=<psychopy.monitors.calibTools.Monitor object at 0x1392038b0>, multiSample=False, name='window1', numSamples=2, pos=[np.float64(0.0), np.float64(0.0)], screen=0, size=array([2880, 1800]), stencilBits=0, stereo=False, title='PsychoPy', units='height', useFBO=True, useRetina=True, viewOri=0.0, viewPos=None, viewScale=None, waitBlanking=True, winType='pyglet')
26.3262 	EXP 	window1: backgroundImage = ''
26.3262 	EXP 	window1: backgroundFit = 'none'
26.6921 	EXP 	window1: Attempting to measure frame rate of screen (0) ...
26.6921 	EXP 	window1: recordFrameIntervals = False
27.1528 	EXP 	window1: recordFrameIntervals = True
27.2860 	WARNING 	t of last frame was 21.81ms (=1/45)
27.4225 	EXP 	Screen (0) actual frame rate measured at 89.44Hz
27.4225 	EXP 	window1: recordFrameIntervals = False
29.2230 	INFO 	keyboard.Keyboard is using ptb backend.
29.5206 	INFO 	keyboard.Keyboard is using ptb backend.
29.8164 	INFO 	keyboard.Keyboard is using ptb backend.
29.8165 	EXP 	Motor Sequence Learning: status = STARTED
29.8270 	EXP 	Created fixation = ShapeStim(__class__=<class 'psychopy.visual.shape.ShapeStim'>, anchor=('center', 'center'), autoDraw=False, autoLog=True, closeShape=True, color=method-wrapper(...), colorSpace='rgb', contrast=None, depth=0.0, draggable=False, fillColor=array([-0.2549,  0.2392,  0.2549]), fillColorSpace='rgb', fillRGB=array([-0.2549,  0.2392,  0.2549]), interpolate=True, lineColor=array([1., 1., 1.]), lineColorSpace='rgb', lineRGB=array([1, 1, 1]), lineWidth=1.0, name='fixation', opacity=1, ori=0.0, pos=array([0., 0.]), size=array([10., 10.]), units='pix', vertices=ndarray(...), win=Window(...), windingRule=None)
29.8287 	EXP 	Created line1 = Rect(__class__=<class 'psychopy.visual.rect.Rect'>, anchor=('center', 'center'), autoDraw=False, autoLog=True, closeShape=True, color=method-wrapper(...), colorSpace='rgb', contrast=None, depth=-1.0, draggable=False, fillColor=array([1, 1, 1]), fillColorSpace='rgb', fillRGB=array([1, 1, 1]), interpolate=True, lineColor=array([1., 1., 1.]), lineColorSpace='rgb', lineRGB=array([1, 1, 1]), lineWidth=1.0, name='line1', opacity=1, ori=90.0, pos=array([-150.,    0.]), size=array([100.,  10.]), units='pix', vertices=ndarray(...), win=Window(...))
29.8304 	EXP 	Created line2 = Rect(__class__=<class 'psychopy.visual.rect.Rect'>, anchor=('center', 'center'), autoDraw=False, autoLog=True, closeShape=True, color=method-wrapper(...), colorSpace='rgb', contrast=None, depth=-2.0, draggable=False, fillColor=array([1, 1, 1]), fillColorSpace='rgb', fillRGB=array([1, 1, 1]), interpolate=True, lineColor=array([1., 1., 1.]), lineColorSpace='rgb', lineRGB=array([1, 1, 1]), lineWidth=1.0, name='line2', opacity=1, ori=90.0, pos=array([-50.,   0.]), size=array([100.,  10.]), units='pix', vertices=ndarray(...), win=Window(...))
29.8320 	EXP 	Created line3 = Rect(__class__=<class 'psychopy.visual.rect.Rect'>, anchor=('center', 'center'), autoDraw=False, autoLog=True, closeShape=True, color=method-wrapper(...), colorSpace='rgb', contrast=None, depth=-3.0, draggable=True, fillColor=array([1, 1, 1]), fillColorSpace='rgb', fillRGB=array([1, 1, 1]), interpolate=True, lineColor=array([1., 1., 1.]), lineColorSpace='rgb', lineRGB=array([1, 1, 1]), lineWidth=1.0, name='line3', opacity=1, ori=90.0, pos=array([50.,  0.]), size=array([100.,  10.]), units='pix', vertices=ndarray(...), win=Window(...))
29.8334 	EXP 	Created line4 = Rect(__class__=<class 'psychopy.visual.rect.Rect'>, anchor=('center', 'center'), autoDraw=False, autoLog=True, closeShape=True, color=method-wrapper(...), colorSpace='rgb', contrast=None, depth=-4.0, draggable=False, fillColor=array([1, 1, 1]), fillColorSpace='rgb', fillRGB=array([1, 1, 1]), interpolate=True, lineColor=array([1., 1., 1.]), lineColorSpace='rgb', lineRGB=array([1, 1, 1]), lineWidth=1.0, name='line4', opacity=1, ori=90.0, pos=array([150.,   0.]), size=array([100.,  10.]), units='pix', vertices=ndarray(...), win=Window(...))
29.8349 	EXP 	Created probe = ShapeStim(__class__=<class 'psychopy.visual.shape.ShapeStim'>, anchor=('center', 'center'), autoDraw=False, autoLog=True, closeShape=True, color=method-wrapper(...), colorSpace='rgb', contrast=None, depth=-5.0, draggable=False, fillColor=array([1, 1, 1]), fillColorSpace='rgb', fillRGB=array([1, 1, 1]), interpolate=True, lineColor=array([1., 1., 1.]), lineColorSpace='rgb', lineRGB=array([1, 1, 1]), lineWidth=1.0, name='probe', opacity=1, ori=0.0, pos=array([0., 0.]), size=array([10., 10.]), units='pix', vertices=ndarray(...), win=Window(...), windingRule=None)
29.8365 	EXP 	Created Fixation = ShapeStim(__class__=<class 'psychopy.visual.shape.ShapeStim'>, anchor=('center', 'center'), autoDraw=False, autoLog=True, closeShape=True, color=method-wrapper(...), colorSpace='rgb', contrast=None, depth=0.0, draggable=False, fillColor=array([1, 1, 1]), fillColorSpace='rgb', fillRGB=array([1, 1, 1]), interpolate=True, lineColor=array([1., 1., 1.]), lineColorSpace='rgb', lineRGB=array([1, 1, 1]), lineWidth=1.0, name='Fixation', opacity=1, ori=0.0, pos=array([0., 0.]), size=array([10., 10.]), units='pix', vertices=ndarray(...), win=Window(...), windingRule=None)
29.8378 	EXP 	Created Line1 = Rect(__class__=<class 'psychopy.visual.rect.Rect'>, anchor=('center', 'center'), autoDraw=False, autoLog=True, closeShape=True, color=method-wrapper(...), colorSpace='rgb', contrast=None, depth=-1.0, draggable=False, fillColor=array([1, 1, 1]), fillColorSpace='rgb', fillRGB=array([1, 1, 1]), interpolate=True, lineColor=array([1., 1., 1.]), lineColorSpace='rgb', lineRGB=array([1, 1, 1]), lineWidth=1.0, name='Line1', opacity=1, ori=90.0, pos=array([-150.,    0.]), size=array([100.,  10.]), units='pix', vertices=ndarray(...), win=Window(...))
29.8392 	EXP 	Created Line2 = Rect(__class__=<class 'psychopy.visual.rect.Rect'>, anchor=('center', 'center'), autoDraw=False, autoLog=True, closeShape=True, color=method-wrapper(...), colorSpace='rgb', contrast=None, depth=-2.0, draggable=False, fillColor=array([1, 1, 1]), fillColorSpace='rgb', fillRGB=array([1, 1, 1]), interpolate=True, lineColor=array([1., 1., 1.]), lineColorSpace='rgb', lineRGB=array([1, 1, 1]), lineWidth=1.0, name='Line2', opacity=1, ori=90.0, pos=array([-50.,   0.]), size=array([100.,  10.]), units='pix', vertices=ndarray(...), win=Window(...))
29.8408 	EXP 	Created Line3 = Rect(__class__=<class 'psychopy.visual.rect.Rect'>, anchor=('center', 'center'), autoDraw=False, autoLog=True, closeShape=True, color=method-wrapper(...), colorSpace='rgb', contrast=None, depth=-3.0, draggable=False, fillColor=array([1, 1, 1]), fillColorSpace='rgb', fillRGB=array([1, 1, 1]), interpolate=True, lineColor=array([1., 1., 1.]), lineColorSpace='rgb', lineRGB=array([1, 1, 1]), lineWidth=1.0, name='Line3', opacity=1, ori=90.0, pos=array([50.,  0.]), size=array([100.,  10.]), units='pix', vertices=ndarray(...), win=Window(...))
29.8425 	EXP 	Created Line4 = Rect(__class__=<class 'psychopy.visual.rect.Rect'>, anchor=('center', 'center'), autoDraw=False, autoLog=True, closeShape=True, color=method-wrapper(...), colorSpace='rgb', contrast=None, depth=-4.0, draggable=False, fillColor=array([1, 1, 1]), fillColorSpace='rgb', fillRGB=array([1, 1, 1]), interpolate=True, lineColor=array([1., 1., 1.]), lineColorSpace='rgb', lineRGB=array([1, 1, 1]), lineWidth=1.0, name='Line4', opacity=1, ori=90.0, pos=array([150.,   0.]), size=array([100.,  10.]), units='pix', vertices=ndarray(...), win=Window(...))
29.8443 	EXP 	Created Probe = ShapeStim(__class__=<class 'psychopy.visual.shape.ShapeStim'>, anchor=('center', 'center'), autoDraw=False, autoLog=True, closeShape=True, color=method-wrapper(...), colorSpace='rgb', contrast=None, depth=-5.0, draggable=False, fillColor=array([1, 1, 1]), fillColorSpace='rgb', fillRGB=array([1, 1, 1]), interpolate=True, lineColor=array([1., 1., 1.]), lineColorSpace='rgb', lineRGB=array([1, 1, 1]), lineWidth=1.0, name='Probe', opacity=1, ori=0.0, pos=array([0., 0.]), size=array([10., 10.]), units='pix', vertices=ndarray(...), win=Window(...), windingRule=None)
0.0299 	EXP 	Imported Motor sequence/sequence_con.csv as conditions, 4 conditions, 2 params
0.0311 	EXP 	New trial (rep=0, index=0): <Trial 0 (0 in rep 0) data={'pos': np.int64(-50), 'corr_resp': 'x', 'thisN': 0, 'thisTrialN': 0, 'thisRepN': 0}>
0.0539 	EXP 	fixation: autoDraw = True
0.9951 	EXP 	line1: autoDraw = True
0.9951 	EXP 	line2: autoDraw = True
0.9951 	EXP 	line3: autoDraw = True
0.9951 	EXP 	line4: autoDraw = True
1.0499 	EXP 	fixation: autoDraw = False
1.9911 	INFO 	Keyboard events cleared
1.9908 	EXP 	probe: autoDraw = True
2.6461 	EXP 	Device response: <KeyPress from None: t=2.3741369870258495, value=x, duration=None>
2.6464 	EXP 	Device response: <KeyPress from None: t=2.3741369870258495, value=x, duration=0.18129770399536937>
2.6465 	EXP 	New trial (rep=0, index=1): <Trial 1 (1 in rep 0) data={'pos': np.int64(150), 'corr_resp': 'v', 'thisN': 1, 'thisTrialN': 1, 'thisRepN': 0}>
2.6508 	DATA 	Keypress: x
2.6599 	EXP 	fixation: autoDraw = False
2.6599 	EXP 	line1: autoDraw = False
2.6599 	EXP 	line2: autoDraw = False
2.6599 	EXP 	line3: autoDraw = False
2.6599 	EXP 	line4: autoDraw = False
2.6599 	EXP 	probe: autoDraw = False
2.6599 	EXP 	fixation: autoDraw = True
3.6397 	EXP 	line1: autoDraw = True
3.6397 	EXP 	line2: autoDraw = True
3.6397 	EXP 	line3: autoDraw = True
3.6397 	EXP 	line4: autoDraw = True
3.6561 	EXP 	fixation: autoDraw = False
4.6406 	INFO 	Keyboard events cleared
4.6404 	EXP 	probe: autoDraw = True
4.9005 	EXP 	Device response: <KeyPress from None: t=4.897035695030354, value=v, duration=None>
4.9008 	EXP 	New trial (rep=0, index=2): <Trial 2 (2 in rep 0) data={'pos': np.int64(50), 'corr_resp': 'c', 'thisN': 2, 'thisTrialN': 2, 'thisRepN': 0}>
4.9031 	DATA 	Keypress: v
4.9087 	EXP 	fixation: autoDraw = False
4.9087 	EXP 	line1: autoDraw = False
4.9087 	EXP 	line2: autoDraw = False
4.9087 	EXP 	line3: autoDraw = False
4.9087 	EXP 	line4: autoDraw = False
4.9087 	EXP 	probe: autoDraw = False
4.9087 	EXP 	fixation: autoDraw = True
5.2902 	EXP 	Device response: <KeyPress from None: t=4.897035695030354, value=v, duration=0.388235509977676>
5.8996 	EXP 	line1: autoDraw = True
5.8996 	EXP 	line2: autoDraw = True
5.8996 	EXP 	line3: autoDraw = True
5.8996 	EXP 	line4: autoDraw = True
5.9063 	EXP 	fixation: autoDraw = False
6.8997 	INFO 	Keyboard events cleared
6.8995 	EXP 	probe: autoDraw = True
7.1504 	EXP 	Device response: <KeyPress from None: t=7.145611266023479, value=c, duration=None>
7.1506 	EXP 	New trial (rep=0, index=3): <Trial 3 (3 in rep 0) data={'pos': np.int64(-150), 'corr_resp': 'z', 'thisN': 3, 'thisTrialN': 3, 'thisRepN': 0}>
7.1529 	DATA 	Keypress: c
7.1583 	EXP 	fixation: autoDraw = False
7.1583 	EXP 	line1: autoDraw = False
7.1583 	EXP 	line2: autoDraw = False
7.1583 	EXP 	line3: autoDraw = False
7.1583 	EXP 	line4: autoDraw = False
7.1583 	EXP 	probe: autoDraw = False
7.1583 	EXP 	fixation: autoDraw = True
7.3232 	EXP 	Device response: <KeyPress from None: t=7.145611266023479, value=c, duration=0.17625444801524282>
8.1403 	EXP 	line1: autoDraw = True
8.1403 	EXP 	line2: autoDraw = True
8.1403 	EXP 	line3: autoDraw = True
8.1403 	EXP 	line4: autoDraw = True
8.1561 	EXP 	fixation: autoDraw = False
9.1495 	INFO 	Keyboard events cleared
9.1493 	EXP 	probe: autoDraw = True
9.4665 	EXP 	Device response: <KeyPress from None: t=9.457440225989558, value=z, duration=None>
9.4668 	EXP 	New trial (rep=1, index=0): <Trial 4 (0 in rep 1) data={'pos': np.int64(-50), 'corr_resp': 'x', 'thisN': 4, 'thisTrialN': 0, 'thisRepN': 1}>
9.4691 	DATA 	Keypress: z
9.4746 	EXP 	fixation: autoDraw = False
9.4746 	EXP 	line1: autoDraw = False
9.4746 	EXP 	line2: autoDraw = False
9.4746 	EXP 	line3: autoDraw = False
9.4746 	EXP 	line4: autoDraw = False
9.4746 	EXP 	probe: autoDraw = False
9.4746 	EXP 	fixation: autoDraw = True
9.7069 	EXP 	Device response: <KeyPress from None: t=9.457440225989558, value=z, duration=0.24470155901508406>
10.4566 	EXP 	line1: autoDraw = True
10.4566 	EXP 	line2: autoDraw = True
10.4566 	EXP 	line3: autoDraw = True
10.4566 	EXP 	line4: autoDraw = True
10.4729 	EXP 	fixation: autoDraw = False
11.4569 	INFO 	Keyboard events cleared
11.4567 	EXP 	probe: autoDraw = True
11.8573 	EXP 	Device response: <KeyPress from None: t=11.854400310025085, value=x, duration=None>
11.8576 	EXP 	New trial (rep=1, index=1): <Trial 5 (1 in rep 1) data={'pos': np.int64(150), 'corr_resp': 'v', 'thisN': 5, 'thisTrialN': 1, 'thisRepN': 1}>
11.8599 	DATA 	Keypress: x
11.8658 	EXP 	fixation: autoDraw = False
11.8658 	EXP 	line1: autoDraw = False
11.8658 	EXP 	line2: autoDraw = False
11.8658 	EXP 	line3: autoDraw = False
11.8658 	EXP 	line4: autoDraw = False
11.8658 	EXP 	probe: autoDraw = False
11.8658 	EXP 	fixation: autoDraw = True
12.0336 	EXP 	Device response: <KeyPress from None: t=11.854400310025085, value=x, duration=0.17622731399023905>
12.8567 	EXP 	fixation: autoDraw = False
12.8567 	EXP 	line1: autoDraw = True
12.8567 	EXP 	line2: autoDraw = True
12.8567 	EXP 	line3: autoDraw = True
12.8567 	EXP 	line4: autoDraw = True
13.8569 	INFO 	Keyboard events cleared
13.8567 	EXP 	probe: autoDraw = True
14.1169 	EXP 	Device response: <KeyPress from None: t=14.114272307022475, value=v, duration=None>
14.1171 	EXP 	New trial (rep=1, index=2): <Trial 6 (2 in rep 1) data={'pos': np.int64(50), 'corr_resp': 'c', 'thisN': 6, 'thisTrialN': 2, 'thisRepN': 1}>
14.1193 	DATA 	Keypress: v
14.1255 	EXP 	fixation: autoDraw = False
14.1255 	EXP 	line1: autoDraw = False
14.1255 	EXP 	line2: autoDraw = False
14.1255 	EXP 	line3: autoDraw = False
14.1255 	EXP 	line4: autoDraw = False
14.1255 	EXP 	probe: autoDraw = False
14.1255 	EXP 	fixation: autoDraw = True
14.2833 	EXP 	Device response: <KeyPress from None: t=14.114272307022475, value=v, duration=0.16040967899607494>
15.1069 	EXP 	line1: autoDraw = True
15.1069 	EXP 	line2: autoDraw = True
15.1069 	EXP 	line3: autoDraw = True
15.1069 	EXP 	line4: autoDraw = True
15.1227 	EXP 	fixation: autoDraw = False
16.1074 	INFO 	Keyboard events cleared
16.1072 	EXP 	probe: autoDraw = True
16.3502 	EXP 	Device response: <KeyPress from None: t=16.349170847039204, value=c, duration=None>
16.3505 	EXP 	New trial (rep=1, index=3): <Trial 7 (3 in rep 1) data={'pos': np.int64(-150), 'corr_resp': 'z', 'thisN': 7, 'thisTrialN': 3, 'thisRepN': 1}>
16.3563 	EXP 	fixation: autoDraw = False
16.3563 	EXP 	line1: autoDraw = False
16.3563 	EXP 	line2: autoDraw = False
16.3563 	EXP 	line3: autoDraw = False
16.3563 	EXP 	line4: autoDraw = False
16.3563 	EXP 	probe: autoDraw = False
16.3563 	EXP 	fixation: autoDraw = True
16.3591 	DATA 	Keypress: c
16.5172 	EXP 	Device response: <KeyPress from None: t=16.349170847039204, value=c, duration=0.1642083289916627>
17.3398 	EXP 	line1: autoDraw = True
17.3398 	EXP 	line2: autoDraw = True
17.3398 	EXP 	line3: autoDraw = True
17.3398 	EXP 	line4: autoDraw = True
17.3493 	EXP 	fixation: autoDraw = False
18.3405 	INFO 	Keyboard events cleared
18.3402 	EXP 	probe: autoDraw = True
18.6665 	EXP 	Device response: <KeyPress from None: t=18.65803654701449, value=z, duration=None>
18.6668 	EXP 	New trial (rep=2, index=0): <Trial 8 (0 in rep 2) data={'pos': np.int64(-50), 'corr_resp': 'x', 'thisN': 8, 'thisTrialN': 0, 'thisRepN': 2}>
18.6692 	DATA 	Keypress: z
18.6746 	EXP 	fixation: autoDraw = False
18.6746 	EXP 	line1: autoDraw = False
18.6746 	EXP 	line2: autoDraw = False
18.6746 	EXP 	line3: autoDraw = False
18.6746 	EXP 	line4: autoDraw = False
18.6746 	EXP 	probe: autoDraw = False
18.6746 	EXP 	fixation: autoDraw = True
18.8834 	EXP 	Device response: <KeyPress from None: t=18.65803654701449, value=z, duration=0.220458502008114>
19.6568 	EXP 	line1: autoDraw = True
19.6568 	EXP 	line2: autoDraw = True
19.6568 	EXP 	line3: autoDraw = True
19.6568 	EXP 	line4: autoDraw = True
19.6726 	EXP 	fixation: autoDraw = False
20.6574 	INFO 	Keyboard events cleared
20.6572 	EXP 	probe: autoDraw = True
21.0073 	EXP 	Device response: <KeyPress from None: t=21.004440120013896, value=x, duration=None>
21.0076 	EXP 	New trial (rep=2, index=1): <Trial 9 (1 in rep 2) data={'pos': np.int64(150), 'corr_resp': 'v', 'thisN': 9, 'thisTrialN': 1, 'thisRepN': 2}>
21.0159 	EXP 	fixation: autoDraw = False
21.0159 	EXP 	line1: autoDraw = False
21.0159 	EXP 	line2: autoDraw = False
21.0159 	EXP 	line3: autoDraw = False
21.0159 	EXP 	line4: autoDraw = False
21.0159 	EXP 	probe: autoDraw = False
21.0159 	EXP 	fixation: autoDraw = True
21.0191 	DATA 	Keypress: x
21.1998 	EXP 	Device response: <KeyPress from None: t=21.004440120013896, value=x, duration=0.18736941297538579>
22.0060 	EXP 	fixation: autoDraw = False
22.0060 	EXP 	line1: autoDraw = True
22.0060 	EXP 	line2: autoDraw = True
22.0060 	EXP 	line3: autoDraw = True
22.0060 	EXP 	line4: autoDraw = True
23.0075 	INFO 	Keyboard events cleared
23.0073 	EXP 	probe: autoDraw = True
23.4998 	EXP 	Device response: <KeyPress from None: t=23.489878199005034, value=v, duration=None>
23.5001 	EXP 	New trial (rep=2, index=2): <Trial 10 (2 in rep 2) data={'pos': np.int64(50), 'corr_resp': 'c', 'thisN': 10, 'thisTrialN': 2, 'thisRepN': 2}>
23.5025 	DATA 	Keypress: v
23.5079 	EXP 	fixation: autoDraw = False
23.5079 	EXP 	line1: autoDraw = False
23.5079 	EXP 	line2: autoDraw = False
23.5079 	EXP 	line3: autoDraw = False
23.5079 	EXP 	line4: autoDraw = False
23.5079 	EXP 	probe: autoDraw = False
23.5079 	EXP 	fixation: autoDraw = True
23.6998 	EXP 	Device response: <KeyPress from None: t=23.489878199005034, value=v, duration=0.2002420150092803>
24.4901 	EXP 	line1: autoDraw = True
24.4901 	EXP 	line2: autoDraw = True
24.4901 	EXP 	line3: autoDraw = True
24.4901 	EXP 	line4: autoDraw = True
24.5058 	EXP 	fixation: autoDraw = False
25.4906 	INFO 	Keyboard events cleared
25.4904 	EXP 	probe: autoDraw = True
25.7337 	EXP 	Device response: <KeyPress from None: t=25.73273521399824, value=c, duration=None>
25.7340 	EXP 	New trial (rep=2, index=3): <Trial 11 (3 in rep 2) data={'pos': np.int64(-150), 'corr_resp': 'z', 'thisN': 11, 'thisTrialN': 3, 'thisRepN': 2}>
25.7398 	EXP 	fixation: autoDraw = False
25.7398 	EXP 	line1: autoDraw = False
25.7398 	EXP 	line2: autoDraw = False
25.7398 	EXP 	line3: autoDraw = False
25.7398 	EXP 	line4: autoDraw = False
25.7398 	EXP 	probe: autoDraw = False
25.7398 	EXP 	fixation: autoDraw = True
25.7427 	DATA 	Keypress: c
25.9168 	EXP 	Device response: <KeyPress from None: t=25.73273521399824, value=c, duration=0.17966417502611876>
26.7326 	EXP 	line1: autoDraw = True
26.7326 	EXP 	line2: autoDraw = True
26.7326 	EXP 	line3: autoDraw = True
26.7326 	EXP 	line4: autoDraw = True
26.7393 	EXP 	fixation: autoDraw = False
27.7328 	INFO 	Keyboard events cleared
27.7326 	EXP 	probe: autoDraw = True
28.0071 	EXP 	Device response: <KeyPress from None: t=27.999945443996694, value=z, duration=None>
28.0074 	EXP 	New trial (rep=3, index=0): <Trial 12 (0 in rep 3) data={'pos': np.int64(-50), 'corr_resp': 'x', 'thisN': 12, 'thisTrialN': 0, 'thisRepN': 3}>
28.0097 	DATA 	Keypress: z
28.0154 	EXP 	fixation: autoDraw = False
28.0154 	EXP 	line1: autoDraw = False
28.0154 	EXP 	line2: autoDraw = False
28.0154 	EXP 	line3: autoDraw = False
28.0154 	EXP 	line4: autoDraw = False
28.0154 	EXP 	probe: autoDraw = False
28.0154 	EXP 	fixation: autoDraw = True
28.2168 	EXP 	Device response: <KeyPress from None: t=27.999945443996694, value=z, duration=0.21299902600003406>
29.0054 	EXP 	fixation: autoDraw = False
29.0054 	EXP 	line1: autoDraw = True
29.0054 	EXP 	line2: autoDraw = True
29.0054 	EXP 	line3: autoDraw = True
29.0054 	EXP 	line4: autoDraw = True
30.0068 	INFO 	Keyboard events cleared
30.0066 	EXP 	probe: autoDraw = True
30.3337 	EXP 	Device response: <KeyPress from None: t=30.331637277035043, value=x, duration=None>
30.3339 	EXP 	New trial (rep=3, index=1): <Trial 13 (1 in rep 3) data={'pos': np.int64(150), 'corr_resp': 'v', 'thisN': 13, 'thisTrialN': 1, 'thisRepN': 3}>
30.3404 	EXP 	fixation: autoDraw = False
30.3404 	EXP 	line1: autoDraw = False
30.3404 	EXP 	line2: autoDraw = False
30.3404 	EXP 	line3: autoDraw = False
30.3404 	EXP 	line4: autoDraw = False
30.3404 	EXP 	probe: autoDraw = False
30.3404 	EXP 	fixation: autoDraw = True
30.3437 	DATA 	Keypress: x
30.5226 	EXP 	Device response: <KeyPress from None: t=30.331637277035043, value=x, duration=0.18810976896202192>
31.3326 	EXP 	line1: autoDraw = True
31.3326 	EXP 	line2: autoDraw = True
31.3326 	EXP 	line3: autoDraw = True
31.3326 	EXP 	line4: autoDraw = True
31.3400 	EXP 	fixation: autoDraw = False
32.3162 	EXP 	Device response: <KeyPress from None: t=32.30747723998502, value=v, duration=None>
32.3183 	DATA 	Keypress: v
32.3326 	INFO 	Keyboard events cleared
32.3325 	EXP 	probe: autoDraw = True
32.5000 	EXP 	Device response: <KeyPress from None: t=32.30747723998502, value=v, duration=0.1881211810396053>
32.9073 	EXP 	Device response: <KeyPress from None: t=32.90146249101963, value=v, duration=None>
32.9076 	EXP 	New trial (rep=3, index=2): <Trial 14 (2 in rep 3) data={'pos': np.int64(50), 'corr_resp': 'c', 'thisN': 14, 'thisTrialN': 2, 'thisRepN': 3}>
32.9131 	DATA 	Keypress: v
32.9203 	EXP 	fixation: autoDraw = False
32.9203 	EXP 	line1: autoDraw = False
32.9203 	EXP 	line2: autoDraw = False
32.9203 	EXP 	line3: autoDraw = False
32.9203 	EXP 	line4: autoDraw = False
32.9203 	EXP 	probe: autoDraw = False
32.9203 	EXP 	fixation: autoDraw = True
33.0723 	EXP 	Device response: <KeyPress from None: t=32.90146249101963, value=v, duration=0.16813983296742663>
33.9069 	EXP 	line1: autoDraw = True
33.9069 	EXP 	line2: autoDraw = True
33.9069 	EXP 	line3: autoDraw = True
33.9069 	EXP 	line4: autoDraw = True
33.9151 	EXP 	fixation: autoDraw = False
34.8988 	INFO 	Keyboard events cleared
34.8986 	EXP 	probe: autoDraw = True
35.0739 	EXP 	Device response: <KeyPress from None: t=35.07125667500077, value=c, duration=None>
35.0742 	EXP 	New trial (rep=3, index=3): <Trial 15 (3 in rep 3) data={'pos': np.int64(-150), 'corr_resp': 'z', 'thisN': 15, 'thisTrialN': 3, 'thisRepN': 3}>
35.0824 	EXP 	fixation: autoDraw = False
35.0824 	EXP 	line1: autoDraw = False
35.0824 	EXP 	line2: autoDraw = False
35.0824 	EXP 	line3: autoDraw = False
35.0824 	EXP 	line4: autoDraw = False
35.0824 	EXP 	probe: autoDraw = False
35.0824 	EXP 	fixation: autoDraw = True
35.0852 	DATA 	Keypress: c
35.2834 	EXP 	Device response: <KeyPress from None: t=35.07125667500077, value=c, duration=0.20854622399201617>
36.0737 	EXP 	fixation: autoDraw = False
36.0737 	EXP 	line1: autoDraw = True
36.0737 	EXP 	line2: autoDraw = True
36.0737 	EXP 	line3: autoDraw = True
36.0737 	EXP 	line4: autoDraw = True
37.0654 	INFO 	Keyboard events cleared
37.0652 	EXP 	probe: autoDraw = True
37.1333 	EXP 	Device response: <KeyPress from None: t=37.128223991021514, value=z, duration=None>
37.1336 	EXP 	New trial (rep=4, index=0): <Trial 16 (0 in rep 4) data={'pos': np.int64(-50), 'corr_resp': 'x', 'thisN': 16, 'thisTrialN': 0, 'thisRepN': 4}>
37.1357 	DATA 	Keypress: z
37.1420 	EXP 	fixation: autoDraw = False
37.1420 	EXP 	line1: autoDraw = False
37.1420 	EXP 	line2: autoDraw = False
37.1420 	EXP 	line3: autoDraw = False
37.1420 	EXP 	line4: autoDraw = False
37.1420 	EXP 	probe: autoDraw = False
37.1420 	EXP 	fixation: autoDraw = True
37.3232 	EXP 	Device response: <KeyPress from None: t=37.128223991021514, value=z, duration=0.19177110999589786>
38.1233 	EXP 	line1: autoDraw = True
38.1233 	EXP 	line2: autoDraw = True
38.1233 	EXP 	line3: autoDraw = True
38.1233 	EXP 	line4: autoDraw = True
38.1388 	EXP 	fixation: autoDraw = False
39.0572 	EXP 	Device response: <KeyPress from None: t=39.05350094602909, value=x, duration=None>
39.0593 	DATA 	Keypress: x
39.1238 	INFO 	Keyboard events cleared
39.1235 	EXP 	probe: autoDraw = True
39.2575 	EXP 	Device response: <KeyPress from None: t=39.05350094602909, value=x, duration=0.196961895970162>
39.8165 	EXP 	Device response: <KeyPress from None: t=39.80830904998584, value=x, duration=None>
39.8168 	EXP 	New trial (rep=4, index=1): <Trial 17 (1 in rep 4) data={'pos': np.int64(150), 'corr_resp': 'v', 'thisN': 17, 'thisTrialN': 1, 'thisRepN': 4}>
39.8190 	DATA 	Keypress: x
39.8245 	EXP 	fixation: autoDraw = False
39.8245 	EXP 	line1: autoDraw = False
39.8245 	EXP 	line2: autoDraw = False
39.8245 	EXP 	line3: autoDraw = False
39.8245 	EXP 	line4: autoDraw = False
39.8245 	EXP 	probe: autoDraw = False
39.8245 	EXP 	fixation: autoDraw = True
40.0168 	EXP 	Device response: <KeyPress from None: t=39.80830904998584, value=x, duration=0.204167653049808>
40.8069 	EXP 	line1: autoDraw = True
40.8069 	EXP 	line2: autoDraw = True
40.8069 	EXP 	line3: autoDraw = True
40.8069 	EXP 	line4: autoDraw = True
40.8148 	EXP 	fixation: autoDraw = False
41.8069 	INFO 	Keyboard events cleared
41.8067 	EXP 	probe: autoDraw = True
42.1834 	EXP 	Device response: <KeyPress from None: t=42.17841811903054, value=v, duration=None>
42.1837 	EXP 	New trial (rep=4, index=2): <Trial 18 (2 in rep 4) data={'pos': np.int64(50), 'corr_resp': 'c', 'thisN': 18, 'thisTrialN': 2, 'thisRepN': 4}>
42.1859 	DATA 	Keypress: v
42.1915 	EXP 	fixation: autoDraw = False
42.1915 	EXP 	line1: autoDraw = False
42.1915 	EXP 	line2: autoDraw = False
42.1915 	EXP 	line3: autoDraw = False
42.1915 	EXP 	line4: autoDraw = False
42.1915 	EXP 	probe: autoDraw = False
42.1915 	EXP 	fixation: autoDraw = True
42.3836 	EXP 	Device response: <KeyPress from None: t=42.17841811903054, value=v, duration=0.20411120500648394>
43.1826 	EXP 	line1: autoDraw = True
43.1826 	EXP 	line2: autoDraw = True
43.1826 	EXP 	line3: autoDraw = True
43.1826 	EXP 	line4: autoDraw = True
43.1901 	EXP 	fixation: autoDraw = False
44.1826 	INFO 	Keyboard events cleared
44.1824 	EXP 	probe: autoDraw = True
44.3905 	EXP 	Device response: <KeyPress from None: t=44.388018009020016, value=c, duration=None>
44.3908 	EXP 	New trial (rep=4, index=3): <Trial 19 (3 in rep 4) data={'pos': np.int64(-150), 'corr_resp': 'z', 'thisN': 19, 'thisTrialN': 3, 'thisRepN': 4}>
44.3931 	DATA 	Keypress: c
44.3992 	EXP 	fixation: autoDraw = False
44.3992 	EXP 	line1: autoDraw = False
44.3992 	EXP 	line2: autoDraw = False
44.3992 	EXP 	line3: autoDraw = False
44.3992 	EXP 	line4: autoDraw = False
44.3992 	EXP 	probe: autoDraw = False
44.3992 	EXP 	fixation: autoDraw = True
44.5734 	EXP 	Device response: <KeyPress from None: t=44.388018009020016, value=c, duration=0.18013103096745908>
45.3902 	EXP 	fixation: autoDraw = False
45.3902 	EXP 	line1: autoDraw = True
45.3902 	EXP 	line2: autoDraw = True
45.3902 	EXP 	line3: autoDraw = True
45.3902 	EXP 	line4: autoDraw = True
46.3900 	INFO 	Keyboard events cleared
46.3898 	EXP 	probe: autoDraw = True
46.6915 	EXP 	Device response: <KeyPress from None: t=46.686874860024545, value=z, duration=None>
46.6918 	EXP 	New trial (rep=5, index=0): <Trial 20 (0 in rep 5) data={'pos': np.int64(-50), 'corr_resp': 'x', 'thisN': 20, 'thisTrialN': 0, 'thisRepN': 5}>
46.6940 	DATA 	Keypress: z
46.7000 	EXP 	fixation: autoDraw = False
46.7000 	EXP 	line1: autoDraw = False
46.7000 	EXP 	line2: autoDraw = False
46.7000 	EXP 	line3: autoDraw = False
46.7000 	EXP 	line4: autoDraw = False
46.7000 	EXP 	probe: autoDraw = False
46.7000 	EXP 	fixation: autoDraw = True
46.8665 	EXP 	Device response: <KeyPress from None: t=46.686874860024545, value=z, duration=0.1683220349950716>
47.6901 	EXP 	fixation: autoDraw = False
47.6901 	EXP 	line1: autoDraw = True
47.6901 	EXP 	line2: autoDraw = True
47.6901 	EXP 	line3: autoDraw = True
47.6901 	EXP 	line4: autoDraw = True
48.6902 	INFO 	Keyboard events cleared
48.6900 	EXP 	probe: autoDraw = True
48.9997 	EXP 	Device response: <KeyPress from None: t=48.99179205199471, value=x, duration=None>
49.0000 	EXP 	New trial (rep=5, index=1): <Trial 21 (1 in rep 5) data={'pos': np.int64(150), 'corr_resp': 'v', 'thisN': 21, 'thisTrialN': 1, 'thisRepN': 5}>
49.0022 	DATA 	Keypress: x
49.0084 	EXP 	fixation: autoDraw = False
49.0084 	EXP 	line1: autoDraw = False
49.0084 	EXP 	line2: autoDraw = False
49.0084 	EXP 	line3: autoDraw = False
49.0084 	EXP 	line4: autoDraw = False
49.0084 	EXP 	probe: autoDraw = False
49.0084 	EXP 	fixation: autoDraw = True
49.2167 	EXP 	Device response: <KeyPress from None: t=48.99179205199471, value=x, duration=0.22026846499647945>
49.9903 	EXP 	line1: autoDraw = True
49.9903 	EXP 	line2: autoDraw = True
49.9903 	EXP 	line3: autoDraw = True
49.9903 	EXP 	line4: autoDraw = True
50.0060 	EXP 	fixation: autoDraw = False
50.9901 	INFO 	Keyboard events cleared
50.9898 	EXP 	probe: autoDraw = True
51.6906 	EXP 	Device response: <KeyPress from None: t=51.68557884002803, value=v, duration=None>
51.6909 	EXP 	New trial (rep=5, index=2): <Trial 22 (2 in rep 5) data={'pos': np.int64(50), 'corr_resp': 'c', 'thisN': 22, 'thisTrialN': 2, 'thisRepN': 5}>
51.6932 	DATA 	Keypress: v
51.6993 	EXP 	fixation: autoDraw = False
51.6993 	EXP 	line1: autoDraw = False
51.6993 	EXP 	line2: autoDraw = False
51.6993 	EXP 	line3: autoDraw = False
51.6993 	EXP 	line4: autoDraw = False
51.6993 	EXP 	probe: autoDraw = False
51.6993 	EXP 	fixation: autoDraw = True
51.8394 	EXP 	Device response: <KeyPress from None: t=51.68557884002803, value=v, duration=0.1475502349785529>
52.6900 	EXP 	fixation: autoDraw = False
52.6900 	EXP 	line1: autoDraw = True
52.6900 	EXP 	line2: autoDraw = True
52.6900 	EXP 	line3: autoDraw = True
52.6900 	EXP 	line4: autoDraw = True
53.6901 	INFO 	Keyboard events cleared
53.6899 	EXP 	probe: autoDraw = True
54.2168 	EXP 	Device response: <KeyPress from None: t=54.21441934298491, value=c, duration=None>
54.2171 	EXP 	New trial (rep=5, index=3): <Trial 23 (3 in rep 5) data={'pos': np.int64(-150), 'corr_resp': 'z', 'thisN': 23, 'thisTrialN': 3, 'thisRepN': 5}>
54.2193 	DATA 	Keypress: c
54.2256 	EXP 	fixation: autoDraw = False
54.2256 	EXP 	line1: autoDraw = False
54.2256 	EXP 	line2: autoDraw = False
54.2256 	EXP 	line3: autoDraw = False
54.2256 	EXP 	line4: autoDraw = False
54.2256 	EXP 	probe: autoDraw = False
54.2256 	EXP 	fixation: autoDraw = True
54.3489 	EXP 	Device response: <KeyPress from None: t=54.21441934298491, value=c, duration=0.1283006599987857>
55.2157 	EXP 	line1: autoDraw = True
55.2157 	EXP 	line2: autoDraw = True
55.2157 	EXP 	line3: autoDraw = True
55.2157 	EXP 	line4: autoDraw = True
55.2230 	EXP 	fixation: autoDraw = False
56.2154 	INFO 	Keyboard events cleared
56.2153 	EXP 	probe: autoDraw = True
56.4828 	EXP 	Device response: <KeyPress from None: t=56.473422204027884, value=z, duration=None>
56.4831 	EXP 	New trial (rep=6, index=0): <Trial 24 (0 in rep 6) data={'pos': np.int64(-50), 'corr_resp': 'x', 'thisN': 24, 'thisTrialN': 0, 'thisRepN': 6}>
56.4853 	DATA 	Keypress: z
56.4908 	EXP 	fixation: autoDraw = False
56.4908 	EXP 	line1: autoDraw = False
56.4908 	EXP 	line2: autoDraw = False
56.4908 	EXP 	line3: autoDraw = False
56.4908 	EXP 	line4: autoDraw = False
56.4908 	EXP 	probe: autoDraw = False
56.4908 	EXP 	fixation: autoDraw = True
56.6559 	EXP 	Device response: <KeyPress from None: t=56.473422204027884, value=z, duration=0.18022526596905664>
57.4732 	EXP 	line1: autoDraw = True
57.4732 	EXP 	line2: autoDraw = True
57.4732 	EXP 	line3: autoDraw = True
57.4732 	EXP 	line4: autoDraw = True
57.4813 	EXP 	fixation: autoDraw = False
58.4733 	INFO 	Keyboard events cleared
58.4730 	EXP 	probe: autoDraw = True
58.9500 	EXP 	Device response: <KeyPress from None: t=58.9452771479846, value=x, duration=None>
58.9502 	EXP 	New trial (rep=6, index=1): <Trial 25 (1 in rep 6) data={'pos': np.int64(150), 'corr_resp': 'v', 'thisN': 25, 'thisTrialN': 1, 'thisRepN': 6}>
58.9524 	DATA 	Keypress: x
58.9586 	EXP 	fixation: autoDraw = False
58.9586 	EXP 	line1: autoDraw = False
58.9586 	EXP 	line2: autoDraw = False
58.9586 	EXP 	line3: autoDraw = False
58.9586 	EXP 	line4: autoDraw = False
58.9586 	EXP 	probe: autoDraw = False
58.9586 	EXP 	fixation: autoDraw = True
59.1399 	EXP 	Device response: <KeyPress from None: t=58.9452771479846, value=x, duration=0.1882815120043233>
59.9490 	EXP 	line1: autoDraw = True
59.9490 	EXP 	line2: autoDraw = True
59.9490 	EXP 	line3: autoDraw = True
59.9490 	EXP 	line4: autoDraw = True
59.9563 	EXP 	fixation: autoDraw = False
60.9491 	INFO 	Keyboard events cleared
60.9489 	EXP 	probe: autoDraw = True
62.0235 	EXP 	Device response: <KeyPress from None: t=62.02222452999558, value=v, duration=None>
62.0238 	EXP 	New trial (rep=6, index=2): <Trial 26 (2 in rep 6) data={'pos': np.int64(50), 'corr_resp': 'c', 'thisN': 26, 'thisTrialN': 2, 'thisRepN': 6}>
62.0321 	EXP 	fixation: autoDraw = False
62.0321 	EXP 	line1: autoDraw = False
62.0321 	EXP 	line2: autoDraw = False
62.0321 	EXP 	line3: autoDraw = False
62.0321 	EXP 	line4: autoDraw = False
62.0321 	EXP 	probe: autoDraw = False
62.0321 	EXP 	fixation: autoDraw = True
62.0346 	DATA 	Keypress: v
62.2494 	EXP 	Device response: <KeyPress from None: t=62.02222452999558, value=v, duration=0.22032693802611902>
63.0232 	EXP 	fixation: autoDraw = False
63.0232 	EXP 	line1: autoDraw = True
63.0232 	EXP 	line2: autoDraw = True
63.0232 	EXP 	line3: autoDraw = True
63.0232 	EXP 	line4: autoDraw = True
64.0236 	INFO 	Keyboard events cleared
64.0234 	EXP 	probe: autoDraw = True
64.3330 	EXP 	Device response: <KeyPress from None: t=64.32944480300648, value=c, duration=None>
64.3333 	EXP 	New trial (rep=6, index=3): <Trial 27 (3 in rep 6) data={'pos': np.int64(-150), 'corr_resp': 'z', 'thisN': 27, 'thisTrialN': 3, 'thisRepN': 6}>
64.3355 	DATA 	Keypress: c
64.3410 	EXP 	fixation: autoDraw = False
64.3410 	EXP 	line1: autoDraw = False
64.3410 	EXP 	line2: autoDraw = False
64.3410 	EXP 	line3: autoDraw = False
64.3410 	EXP 	line4: autoDraw = False
64.3410 	EXP 	probe: autoDraw = False
64.3410 	EXP 	fixation: autoDraw = True
64.4997 	EXP 	Device response: <KeyPress from None: t=64.32944480300648, value=c, duration=0.1688688889844343>
65.3231 	EXP 	line1: autoDraw = True
65.3231 	EXP 	line2: autoDraw = True
65.3231 	EXP 	line3: autoDraw = True
65.3231 	EXP 	line4: autoDraw = True
65.3387 	EXP 	fixation: autoDraw = False
66.3234 	INFO 	Keyboard events cleared
66.3231 	EXP 	probe: autoDraw = True
66.6739 	EXP 	Device response: <KeyPress from None: t=66.6659628720372, value=x, duration=None>
66.6742 	EXP 	New trial (rep=7, index=0): <Trial 28 (0 in rep 7) data={'pos': np.int64(-50), 'corr_resp': 'x', 'thisN': 28, 'thisTrialN': 0, 'thisRepN': 7}>
66.6764 	DATA 	Keypress: x
66.6818 	EXP 	fixation: autoDraw = False
66.6818 	EXP 	line1: autoDraw = False
66.6818 	EXP 	line2: autoDraw = False
66.6818 	EXP 	line3: autoDraw = False
66.6818 	EXP 	line4: autoDraw = False
66.6818 	EXP 	probe: autoDraw = False
66.6818 	EXP 	fixation: autoDraw = True
66.8994 	EXP 	Device response: <KeyPress from None: t=66.6659628720372, value=x, duration=0.22450103395385668>
67.6730 	EXP 	fixation: autoDraw = False
67.6730 	EXP 	line1: autoDraw = True
67.6730 	EXP 	line2: autoDraw = True
67.6730 	EXP 	line3: autoDraw = True
67.6730 	EXP 	line4: autoDraw = True
68.6729 	INFO 	Keyboard events cleared
68.6727 	EXP 	probe: autoDraw = True
68.9997 	EXP 	Device response: <KeyPress from None: t=68.99589354399359, value=x, duration=None>
69.0000 	EXP 	New trial (rep=7, index=1): <Trial 29 (1 in rep 7) data={'pos': np.int64(150), 'corr_resp': 'v', 'thisN': 29, 'thisTrialN': 1, 'thisRepN': 7}>
69.0022 	DATA 	Keypress: x
69.0079 	EXP 	fixation: autoDraw = False
69.0079 	EXP 	line1: autoDraw = False
69.0079 	EXP 	line2: autoDraw = False
69.0079 	EXP 	line3: autoDraw = False
69.0079 	EXP 	line4: autoDraw = False
69.0079 	EXP 	probe: autoDraw = False
69.0079 	EXP 	fixation: autoDraw = True
69.1496 	EXP 	Device response: <KeyPress from None: t=68.99589354399359, value=x, duration=0.15210178401321173>
69.9988 	EXP 	line1: autoDraw = True
69.9988 	EXP 	line2: autoDraw = True
69.9988 	EXP 	line3: autoDraw = True
69.9988 	EXP 	line4: autoDraw = True
70.0057 	EXP 	fixation: autoDraw = False
70.9985 	INFO 	Keyboard events cleared
70.9983 	EXP 	probe: autoDraw = True
71.4069 	EXP 	Device response: <KeyPress from None: t=71.40283182403073, value=v, duration=None>
71.4072 	EXP 	New trial (rep=7, index=2): <Trial 30 (2 in rep 7) data={'pos': np.int64(50), 'corr_resp': 'c', 'thisN': 30, 'thisTrialN': 2, 'thisRepN': 7}>
71.4094 	DATA 	Keypress: v
71.4154 	EXP 	fixation: autoDraw = False
71.4154 	EXP 	line1: autoDraw = False
71.4154 	EXP 	line2: autoDraw = False
71.4154 	EXP 	line3: autoDraw = False
71.4154 	EXP 	line4: autoDraw = False
71.4154 	EXP 	probe: autoDraw = False
71.4154 	EXP 	fixation: autoDraw = True
71.5997 	EXP 	Device response: <KeyPress from None: t=71.40283182403073, value=v, duration=0.19232378498418257>
72.4061 	EXP 	fixation: autoDraw = False
72.4061 	EXP 	line1: autoDraw = True
72.4061 	EXP 	line2: autoDraw = True
72.4061 	EXP 	line3: autoDraw = True
72.4061 	EXP 	line4: autoDraw = True
73.4063 	INFO 	Keyboard events cleared
73.4061 	EXP 	probe: autoDraw = True
73.6737 	EXP 	Device response: <KeyPress from None: t=73.6687268189853, value=c, duration=None>
73.6740 	EXP 	New trial (rep=7, index=3): <Trial 31 (3 in rep 7) data={'pos': np.int64(-150), 'corr_resp': 'z', 'thisN': 31, 'thisTrialN': 3, 'thisRepN': 7}>
73.6763 	DATA 	Keypress: c
73.6823 	EXP 	fixation: autoDraw = False
73.6823 	EXP 	line1: autoDraw = False
73.6823 	EXP 	line2: autoDraw = False
73.6823 	EXP 	line3: autoDraw = False
73.6823 	EXP 	line4: autoDraw = False
73.6823 	EXP 	probe: autoDraw = False
73.6823 	EXP 	fixation: autoDraw = True
73.8060 	EXP 	Device response: <KeyPress from None: t=73.6687268189853, value=c, duration=0.13209858402842656>
74.6729 	EXP 	fixation: autoDraw = False
74.6729 	EXP 	line1: autoDraw = True
74.6729 	EXP 	line2: autoDraw = True
74.6729 	EXP 	line3: autoDraw = True
74.6729 	EXP 	line4: autoDraw = True
75.6735 	INFO 	Keyboard events cleared
75.6733 	EXP 	probe: autoDraw = True
76.0330 	EXP 	Device response: <KeyPress from None: t=76.03057357401121, value=z, duration=None>
76.0333 	EXP 	New trial (rep=8, index=0): <Trial 32 (0 in rep 8) data={'pos': np.int64(-50), 'corr_resp': 'x', 'thisN': 32, 'thisTrialN': 0, 'thisRepN': 8}>
76.0355 	DATA 	Keypress: z
76.0412 	EXP 	fixation: autoDraw = False
76.0412 	EXP 	line1: autoDraw = False
76.0412 	EXP 	line2: autoDraw = False
76.0412 	EXP 	line3: autoDraw = False
76.0412 	EXP 	line4: autoDraw = False
76.0412 	EXP 	probe: autoDraw = False
76.0412 	EXP 	fixation: autoDraw = True
76.2830 	EXP 	Device response: <KeyPress from None: t=76.03057357401121, value=z, duration=0.24827704799827188>
77.0322 	EXP 	line1: autoDraw = True
77.0322 	EXP 	line2: autoDraw = True
77.0322 	EXP 	line3: autoDraw = True
77.0322 	EXP 	line4: autoDraw = True
77.0397 	EXP 	fixation: autoDraw = False
78.0321 	INFO 	Keyboard events cleared
78.0319 	EXP 	probe: autoDraw = True
78.3327 	EXP 	Device response: <KeyPress from None: t=78.32440367899835, value=x, duration=None>
78.3330 	EXP 	New trial (rep=8, index=1): <Trial 33 (1 in rep 8) data={'pos': np.int64(150), 'corr_resp': 'v', 'thisN': 33, 'thisTrialN': 1, 'thisRepN': 8}>
78.3356 	DATA 	Keypress: x
78.3412 	EXP 	fixation: autoDraw = False
78.3412 	EXP 	line1: autoDraw = False
78.3412 	EXP 	line2: autoDraw = False
78.3412 	EXP 	line3: autoDraw = False
78.3412 	EXP 	line4: autoDraw = False
78.3412 	EXP 	probe: autoDraw = False
78.3412 	EXP 	fixation: autoDraw = True
78.5496 	EXP 	Device response: <KeyPress from None: t=78.32440367899835, value=x, duration=0.2202859460376203>
79.3231 	EXP 	line1: autoDraw = True
79.3231 	EXP 	line2: autoDraw = True
79.3231 	EXP 	line3: autoDraw = True
79.3231 	EXP 	line4: autoDraw = True
79.3384 	EXP 	fixation: autoDraw = False
80.3235 	INFO 	Keyboard events cleared
80.3233 	EXP 	probe: autoDraw = True
80.6161 	EXP 	Device response: <KeyPress from None: t=80.61088226101128, value=v, duration=None>
80.6164 	EXP 	New trial (rep=8, index=2): <Trial 34 (2 in rep 8) data={'pos': np.int64(50), 'corr_resp': 'c', 'thisN': 34, 'thisTrialN': 2, 'thisRepN': 8}>
80.6185 	DATA 	Keypress: v
80.6247 	EXP 	fixation: autoDraw = False
80.6247 	EXP 	line1: autoDraw = False
80.6247 	EXP 	line2: autoDraw = False
80.6247 	EXP 	line3: autoDraw = False
80.6247 	EXP 	line4: autoDraw = False
80.6247 	EXP 	probe: autoDraw = False
80.6247 	EXP 	fixation: autoDraw = True
80.7892 	EXP 	Device response: <KeyPress from None: t=80.61088226101128, value=v, duration=0.17664899898227304>
81.6062 	EXP 	line1: autoDraw = True
81.6062 	EXP 	line2: autoDraw = True
81.6062 	EXP 	line3: autoDraw = True
81.6062 	EXP 	line4: autoDraw = True
81.6221 	EXP 	fixation: autoDraw = False
82.6156 	INFO 	Keyboard events cleared
82.6154 	EXP 	probe: autoDraw = True
83.0829 	EXP 	Device response: <KeyPress from None: t=83.07828244601842, value=c, duration=None>
83.0832 	EXP 	New trial (rep=8, index=3): <Trial 35 (3 in rep 8) data={'pos': np.int64(-150), 'corr_resp': 'z', 'thisN': 35, 'thisTrialN': 3, 'thisRepN': 8}>
83.0856 	DATA 	Keypress: c
83.0918 	EXP 	fixation: autoDraw = False
83.0918 	EXP 	line1: autoDraw = False
83.0918 	EXP 	line2: autoDraw = False
83.0918 	EXP 	line3: autoDraw = False
83.0918 	EXP 	line4: autoDraw = False
83.0918 	EXP 	probe: autoDraw = False
83.0918 	EXP 	fixation: autoDraw = True
83.2557 	EXP 	Device response: <KeyPress from None: t=83.07828244601842, value=c, duration=0.17608949600253254>
84.0820 	EXP 	line1: autoDraw = True
84.0820 	EXP 	line2: autoDraw = True
84.0820 	EXP 	line3: autoDraw = True
84.0820 	EXP 	line4: autoDraw = True
84.0896 	EXP 	fixation: autoDraw = False
85.0824 	INFO 	Keyboard events cleared
85.0822 	EXP 	probe: autoDraw = True
85.8331 	EXP 	Device response: <KeyPress from None: t=85.82519904902438, value=z, duration=None>
85.8334 	EXP 	New trial (rep=9, index=0): <Trial 36 (0 in rep 9) data={'pos': np.int64(-50), 'corr_resp': 'x', 'thisN': 36, 'thisTrialN': 0, 'thisRepN': 9}>
85.8357 	DATA 	Keypress: z
85.8419 	EXP 	fixation: autoDraw = False
85.8419 	EXP 	line1: autoDraw = False
85.8419 	EXP 	line2: autoDraw = False
85.8419 	EXP 	line3: autoDraw = False
85.8419 	EXP 	line4: autoDraw = False
85.8419 	EXP 	probe: autoDraw = False
85.8419 	EXP 	fixation: autoDraw = True
86.0826 	EXP 	Device response: <KeyPress from None: t=85.82519904902438, value=z, duration=0.2523524829884991>
86.8321 	EXP 	line1: autoDraw = True
86.8321 	EXP 	line2: autoDraw = True
86.8321 	EXP 	line3: autoDraw = True
86.8321 	EXP 	line4: autoDraw = True
86.8390 	EXP 	fixation: autoDraw = False
87.8326 	INFO 	Keyboard events cleared
87.8324 	EXP 	probe: autoDraw = True
88.0736 	EXP 	Device response: <KeyPress from None: t=88.07209167501424, value=x, duration=None>
88.0739 	EXP 	New trial (rep=9, index=1): <Trial 37 (1 in rep 9) data={'pos': np.int64(150), 'corr_resp': 'v', 'thisN': 37, 'thisTrialN': 1, 'thisRepN': 9}>
88.0817 	EXP 	fixation: autoDraw = False
88.0817 	EXP 	line1: autoDraw = False
88.0817 	EXP 	line2: autoDraw = False
88.0817 	EXP 	line3: autoDraw = False
88.0817 	EXP 	line4: autoDraw = False
88.0817 	EXP 	probe: autoDraw = False
88.0817 	EXP 	fixation: autoDraw = True
88.0839 	DATA 	Keypress: x
88.2396 	EXP 	Device response: <KeyPress from None: t=88.07209167501424, value=x, duration=0.16038548498181626>
89.0729 	EXP 	fixation: autoDraw = False
89.0729 	EXP 	line1: autoDraw = True
89.0729 	EXP 	line2: autoDraw = True
89.0729 	EXP 	line3: autoDraw = True
89.0729 	EXP 	line4: autoDraw = True
90.0734 	INFO 	Keyboard events cleared
90.0731 	EXP 	probe: autoDraw = True
90.3240 	EXP 	Device response: <KeyPress from None: t=90.3171364950249, value=v, duration=None>
90.3243 	EXP 	New trial (rep=9, index=2): <Trial 38 (2 in rep 9) data={'pos': np.int64(50), 'corr_resp': 'c', 'thisN': 38, 'thisTrialN': 2, 'thisRepN': 9}>
90.3266 	DATA 	Keypress: v
90.3328 	EXP 	fixation: autoDraw = False
90.3328 	EXP 	line1: autoDraw = False
90.3328 	EXP 	line2: autoDraw = False
90.3328 	EXP 	line3: autoDraw = False
90.3328 	EXP 	line4: autoDraw = False
90.3328 	EXP 	probe: autoDraw = False
90.3328 	EXP 	fixation: autoDraw = True
90.4991 	EXP 	Device response: <KeyPress from None: t=90.3171364950249, value=v, duration=0.17224747699219733>
91.3227 	EXP 	fixation: autoDraw = False
91.3227 	EXP 	line1: autoDraw = True
91.3227 	EXP 	line2: autoDraw = True
91.3227 	EXP 	line3: autoDraw = True
91.3227 	EXP 	line4: autoDraw = True
92.3228 	INFO 	Keyboard events cleared
92.3226 	EXP 	probe: autoDraw = True
92.5905 	EXP 	Device response: <KeyPress from None: t=92.58588369603967, value=c, duration=None>
92.5908 	EXP 	New trial (rep=9, index=3): <Trial 39 (3 in rep 9) data={'pos': np.int64(-150), 'corr_resp': 'z', 'thisN': 39, 'thisTrialN': 3, 'thisRepN': 9}>
92.5930 	DATA 	Keypress: c
92.5991 	EXP 	fixation: autoDraw = False
92.5991 	EXP 	line1: autoDraw = False
92.5991 	EXP 	line2: autoDraw = False
92.5991 	EXP 	line3: autoDraw = False
92.5991 	EXP 	line4: autoDraw = False
92.5991 	EXP 	probe: autoDraw = False
92.5991 	EXP 	fixation: autoDraw = True
92.7489 	EXP 	Device response: <KeyPress from None: t=92.58588369603967, value=c, duration=0.15568347898079082>
93.5894 	EXP 	fixation: autoDraw = False
93.5894 	EXP 	line1: autoDraw = True
93.5894 	EXP 	line2: autoDraw = True
93.5894 	EXP 	line3: autoDraw = True
93.5894 	EXP 	line4: autoDraw = True
94.5895 	INFO 	Keyboard events cleared
94.5892 	EXP 	probe: autoDraw = True
94.8827 	EXP 	Device response: <KeyPress from None: t=94.88074593502097, value=z, duration=None>
94.8830 	EXP 	New trial (rep=10, index=0): <Trial 40 (0 in rep 10) data={'pos': np.int64(-50), 'corr_resp': 'x', 'thisN': 40, 'thisTrialN': 0, 'thisRepN': 10}>
94.8888 	EXP 	fixation: autoDraw = False
94.8888 	EXP 	line1: autoDraw = False
94.8888 	EXP 	line2: autoDraw = False
94.8888 	EXP 	line3: autoDraw = False
94.8888 	EXP 	line4: autoDraw = False
94.8888 	EXP 	probe: autoDraw = False
94.8888 	EXP 	fixation: autoDraw = True
94.8921 	DATA 	Keypress: z
95.0495 	EXP 	Device response: <KeyPress from None: t=94.88074593502097, value=z, duration=0.1602880780119449>
95.8732 	EXP 	line1: autoDraw = True
95.8732 	EXP 	line2: autoDraw = True
95.8732 	EXP 	line3: autoDraw = True
95.8732 	EXP 	line4: autoDraw = True
95.8812 	EXP 	fixation: autoDraw = False
96.8733 	INFO 	Keyboard events cleared
96.8731 	EXP 	probe: autoDraw = True
97.1660 	EXP 	Device response: <KeyPress from None: t=97.16161525802454, value=x, duration=None>
97.1663 	EXP 	New trial (rep=10, index=1): <Trial 41 (1 in rep 10) data={'pos': np.int64(150), 'corr_resp': 'v', 'thisN': 41, 'thisTrialN': 1, 'thisRepN': 10}>
97.1685 	DATA 	Keypress: x
97.1740 	EXP 	fixation: autoDraw = False
97.1740 	EXP 	line1: autoDraw = False
97.1740 	EXP 	line2: autoDraw = False
97.1740 	EXP 	line3: autoDraw = False
97.1740 	EXP 	line4: autoDraw = False
97.1740 	EXP 	probe: autoDraw = False
97.1740 	EXP 	fixation: autoDraw = True
97.3493 	EXP 	Device response: <KeyPress from None: t=97.16161525802454, value=x, duration=0.18424643599428236>
98.1561 	EXP 	line1: autoDraw = True
98.1561 	EXP 	line2: autoDraw = True
98.1561 	EXP 	line3: autoDraw = True
98.1561 	EXP 	line4: autoDraw = True
98.1716 	EXP 	fixation: autoDraw = False
99.1654 	INFO 	Keyboard events cleared
99.1652 	EXP 	probe: autoDraw = True
99.4066 	EXP 	Device response: <KeyPress from None: t=99.40159629902337, value=v, duration=None>
99.4069 	EXP 	New trial (rep=10, index=2): <Trial 42 (2 in rep 10) data={'pos': np.int64(50), 'corr_resp': 'c', 'thisN': 42, 'thisTrialN': 2, 'thisRepN': 10}>
99.4091 	DATA 	Keypress: v
99.4151 	EXP 	fixation: autoDraw = False
99.4151 	EXP 	line1: autoDraw = False
99.4151 	EXP 	line2: autoDraw = False
99.4151 	EXP 	line3: autoDraw = False
99.4151 	EXP 	line4: autoDraw = False
99.4151 	EXP 	probe: autoDraw = False
99.4151 	EXP 	fixation: autoDraw = True
99.5826 	EXP 	Device response: <KeyPress from None: t=99.40159629902337, value=v, duration=0.17618270998355>
100.4063 	EXP 	fixation: autoDraw = False
100.4063 	EXP 	line1: autoDraw = True
100.4063 	EXP 	line2: autoDraw = True
100.4063 	EXP 	line3: autoDraw = True
100.4063 	EXP 	line4: autoDraw = True
101.4069 	INFO 	Keyboard events cleared
101.4067 	EXP 	probe: autoDraw = True
101.6664 	EXP 	Device response: <KeyPress from None: t=101.65793972503161, value=c, duration=None>
101.6667 	EXP 	New trial (rep=10, index=3): <Trial 43 (3 in rep 10) data={'pos': np.int64(-150), 'corr_resp': 'z', 'thisN': 43, 'thisTrialN': 3, 'thisRepN': 10}>
101.6692 	DATA 	Keypress: c
101.6758 	EXP 	fixation: autoDraw = False
101.6758 	EXP 	line1: autoDraw = False
101.6758 	EXP 	line2: autoDraw = False
101.6758 	EXP 	line3: autoDraw = False
101.6758 	EXP 	line4: autoDraw = False
101.6758 	EXP 	probe: autoDraw = False
101.6758 	EXP 	fixation: autoDraw = True
101.8160 	EXP 	Device response: <KeyPress from None: t=101.65793972503161, value=c, duration=0.14873422496020794>
102.6651 	EXP 	line1: autoDraw = True
102.6651 	EXP 	line2: autoDraw = True
102.6651 	EXP 	line3: autoDraw = True
102.6651 	EXP 	line4: autoDraw = True
102.6720 	EXP 	fixation: autoDraw = False
103.6646 	INFO 	Keyboard events cleared
103.6644 	EXP 	probe: autoDraw = True
103.9492 	EXP 	Device response: <KeyPress from None: t=103.94635298702633, value=z, duration=None>
103.9495 	EXP 	New trial (rep=11, index=0): <Trial 44 (0 in rep 11) data={'pos': np.int64(-50), 'corr_resp': 'x', 'thisN': 44, 'thisTrialN': 0, 'thisRepN': 11}>
103.9517 	DATA 	Keypress: z
103.9574 	EXP 	fixation: autoDraw = False
103.9574 	EXP 	line1: autoDraw = False
103.9574 	EXP 	line2: autoDraw = False
103.9574 	EXP 	line3: autoDraw = False
103.9574 	EXP 	line4: autoDraw = False
103.9574 	EXP 	probe: autoDraw = False
103.9574 	EXP 	fixation: autoDraw = True
104.1492 	EXP 	Device response: <KeyPress from None: t=103.94635298702633, value=z, duration=0.1923549589700997>
104.9393 	EXP 	line1: autoDraw = True
104.9393 	EXP 	line2: autoDraw = True
104.9393 	EXP 	line3: autoDraw = True
104.9393 	EXP 	line4: autoDraw = True
104.9556 	EXP 	fixation: autoDraw = False
105.9479 	INFO 	Keyboard events cleared
105.9477 	EXP 	probe: autoDraw = True
106.2399 	EXP 	Device response: <KeyPress from None: t=106.23245307098841, value=x, duration=None>
106.2403 	EXP 	New trial (rep=11, index=1): <Trial 45 (1 in rep 11) data={'pos': np.int64(150), 'corr_resp': 'v', 'thisN': 45, 'thisTrialN': 1, 'thisRepN': 11}>
106.2426 	DATA 	Keypress: x
106.2486 	EXP 	fixation: autoDraw = False
106.2486 	EXP 	line1: autoDraw = False
106.2486 	EXP 	line2: autoDraw = False
106.2486 	EXP 	line3: autoDraw = False
106.2486 	EXP 	line4: autoDraw = False
106.2486 	EXP 	probe: autoDraw = False
106.2486 	EXP 	fixation: autoDraw = True
106.3493 	EXP 	Device response: <KeyPress from None: t=106.23245307098841, value=x, duration=0.11193908203858882>
107.2392 	EXP 	fixation: autoDraw = False
107.2392 	EXP 	line1: autoDraw = True
107.2392 	EXP 	line2: autoDraw = True
107.2392 	EXP 	line3: autoDraw = True
107.2392 	EXP 	line4: autoDraw = True
108.2398 	INFO 	Keyboard events cleared
108.2395 	EXP 	probe: autoDraw = True
108.4898 	EXP 	Device response: <KeyPress from None: t=108.48819077201188, value=v, duration=None>
108.4901 	EXP 	New trial (rep=11, index=2): <Trial 46 (2 in rep 11) data={'pos': np.int64(50), 'corr_resp': 'c', 'thisN': 46, 'thisTrialN': 2, 'thisRepN': 11}>
108.4981 	EXP 	fixation: autoDraw = False
108.4981 	EXP 	line1: autoDraw = False
108.4981 	EXP 	line2: autoDraw = False
108.4981 	EXP 	line3: autoDraw = False
108.4981 	EXP 	line4: autoDraw = False
108.4981 	EXP 	probe: autoDraw = False
108.4981 	EXP 	fixation: autoDraw = True
108.5006 	DATA 	Keypress: v
108.7322 	EXP 	Device response: <KeyPress from None: t=108.48819077201188, value=v, duration=0.2363523929961957>
109.4895 	EXP 	fixation: autoDraw = False
109.4895 	EXP 	line1: autoDraw = True
109.4895 	EXP 	line2: autoDraw = True
109.4895 	EXP 	line3: autoDraw = True
109.4895 	EXP 	line4: autoDraw = True
110.4900 	INFO 	Keyboard events cleared
110.4897 	EXP 	probe: autoDraw = True
110.7322 	EXP 	Device response: <KeyPress from None: t=110.72215912502725, value=c, duration=None>
110.7325 	EXP 	New trial (rep=11, index=3): <Trial 47 (3 in rep 11) data={'pos': np.int64(-150), 'corr_resp': 'z', 'thisN': 47, 'thisTrialN': 3, 'thisRepN': 11}>
110.7347 	DATA 	Keypress: c
110.7403 	EXP 	fixation: autoDraw = False
110.7403 	EXP 	line1: autoDraw = False
110.7403 	EXP 	line2: autoDraw = False
110.7403 	EXP 	line3: autoDraw = False
110.7403 	EXP 	line4: autoDraw = False
110.7403 	EXP 	probe: autoDraw = False
110.7403 	EXP 	fixation: autoDraw = True
110.9054 	EXP 	Device response: <KeyPress from None: t=110.72215912502725, value=c, duration=0.1800809489795938>
111.7229 	EXP 	line1: autoDraw = True
111.7229 	EXP 	line2: autoDraw = True
111.7229 	EXP 	line3: autoDraw = True
111.7229 	EXP 	line4: autoDraw = True
111.7310 	EXP 	fixation: autoDraw = False
112.7235 	INFO 	Keyboard events cleared
112.7232 	EXP 	probe: autoDraw = True
112.9823 	EXP 	Device response: <KeyPress from None: t=112.97982668603072, value=z, duration=None>
112.9826 	EXP 	New trial (rep=12, index=0): <Trial 48 (0 in rep 12) data={'pos': np.int64(-50), 'corr_resp': 'x', 'thisN': 48, 'thisTrialN': 0, 'thisRepN': 12}>
112.9892 	EXP 	fixation: autoDraw = False
112.9892 	EXP 	line1: autoDraw = False
112.9892 	EXP 	line2: autoDraw = False
112.9892 	EXP 	line3: autoDraw = False
112.9892 	EXP 	line4: autoDraw = False
112.9892 	EXP 	probe: autoDraw = False
112.9892 	EXP 	fixation: autoDraw = True
112.9922 	DATA 	Keypress: z
113.1655 	EXP 	Device response: <KeyPress from None: t=112.97982668603072, value=z, duration=0.18006211199099198>
113.9732 	EXP 	line1: autoDraw = True
113.9732 	EXP 	line2: autoDraw = True
113.9732 	EXP 	line3: autoDraw = True
113.9732 	EXP 	line4: autoDraw = True
113.9816 	EXP 	fixation: autoDraw = False
114.9736 	INFO 	Keyboard events cleared
114.9734 	EXP 	probe: autoDraw = True
115.2659 	EXP 	Device response: <KeyPress from None: t=115.25903651601402, value=x, duration=None>
115.2662 	EXP 	New trial (rep=12, index=1): <Trial 49 (1 in rep 12) data={'pos': np.int64(150), 'corr_resp': 'v', 'thisN': 49, 'thisTrialN': 1, 'thisRepN': 12}>
115.2685 	DATA 	Keypress: x
115.2755 	EXP 	fixation: autoDraw = False
115.2755 	EXP 	line1: autoDraw = False
115.2755 	EXP 	line2: autoDraw = False
115.2755 	EXP 	line3: autoDraw = False
115.2755 	EXP 	line4: autoDraw = False
115.2755 	EXP 	probe: autoDraw = False
115.2755 	EXP 	fixation: autoDraw = True
115.4325 	EXP 	Device response: <KeyPress from None: t=115.25903651601402, value=x, duration=0.17204800999024883>
116.2649 	EXP 	line1: autoDraw = True
116.2649 	EXP 	line2: autoDraw = True
116.2649 	EXP 	line3: autoDraw = True
116.2649 	EXP 	line4: autoDraw = True
116.2719 	EXP 	fixation: autoDraw = False
117.2651 	INFO 	Keyboard events cleared
117.2649 	EXP 	probe: autoDraw = True
117.5321 	EXP 	Device response: <KeyPress from None: t=117.52296921500238, value=v, duration=None>
117.5324 	EXP 	New trial (rep=12, index=2): <Trial 50 (2 in rep 12) data={'pos': np.int64(50), 'corr_resp': 'c', 'thisN': 50, 'thisTrialN': 2, 'thisRepN': 12}>
117.5347 	DATA 	Keypress: v
117.5404 	EXP 	fixation: autoDraw = False
117.5404 	EXP 	line1: autoDraw = False
117.5404 	EXP 	line2: autoDraw = False
117.5404 	EXP 	line3: autoDraw = False
117.5404 	EXP 	line4: autoDraw = False
117.5404 	EXP 	probe: autoDraw = False
117.5404 	EXP 	fixation: autoDraw = True
117.7057 	EXP 	Device response: <KeyPress from None: t=117.52296921500238, value=v, duration=0.17619839299004525>
118.5227 	EXP 	line1: autoDraw = True
118.5227 	EXP 	line2: autoDraw = True
118.5227 	EXP 	line3: autoDraw = True
118.5227 	EXP 	line4: autoDraw = True
118.5308 	EXP 	fixation: autoDraw = False
119.5230 	INFO 	Keyboard events cleared
119.5228 	EXP 	probe: autoDraw = True
119.8653 	EXP 	Device response: <KeyPress from None: t=119.8600188739947, value=c, duration=None>
119.8655 	EXP 	New trial (rep=12, index=3): <Trial 51 (3 in rep 12) data={'pos': np.int64(-150), 'corr_resp': 'z', 'thisN': 51, 'thisTrialN': 3, 'thisRepN': 12}>
119.8677 	DATA 	Keypress: c
119.8733 	EXP 	fixation: autoDraw = False
119.8733 	EXP 	line1: autoDraw = False
119.8733 	EXP 	line2: autoDraw = False
119.8733 	EXP 	line3: autoDraw = False
119.8733 	EXP 	line4: autoDraw = False
119.8733 	EXP 	probe: autoDraw = False
119.8733 	EXP 	fixation: autoDraw = True
120.0658 	EXP 	Device response: <KeyPress from None: t=119.8600188739947, value=c, duration=0.20103922503767535>
120.8558 	EXP 	line1: autoDraw = True
120.8558 	EXP 	line2: autoDraw = True
120.8558 	EXP 	line3: autoDraw = True
120.8558 	EXP 	line4: autoDraw = True
120.8649 	EXP 	fixation: autoDraw = False
121.8566 	INFO 	Keyboard events cleared
121.8563 	EXP 	probe: autoDraw = True
122.2070 	EXP 	Device response: <KeyPress from None: t=122.19964776403503, value=z, duration=None>
122.2073 	EXP 	New trial (rep=13, index=0): <Trial 52 (0 in rep 13) data={'pos': np.int64(-50), 'corr_resp': 'x', 'thisN': 52, 'thisTrialN': 0, 'thisRepN': 13}>
122.2096 	DATA 	Keypress: z
122.2156 	EXP 	fixation: autoDraw = False
122.2156 	EXP 	line1: autoDraw = False
122.2156 	EXP 	line2: autoDraw = False
122.2156 	EXP 	line3: autoDraw = False
122.2156 	EXP 	line4: autoDraw = False
122.2156 	EXP 	probe: autoDraw = False
122.2156 	EXP 	fixation: autoDraw = True
122.4058 	EXP 	Device response: <KeyPress from None: t=122.19964776403503, value=z, duration=0.20012540195602924>
123.2062 	EXP 	fixation: autoDraw = False
123.2062 	EXP 	line1: autoDraw = True
123.2062 	EXP 	line2: autoDraw = True
123.2062 	EXP 	line3: autoDraw = True
123.2062 	EXP 	line4: autoDraw = True
124.2057 	INFO 	Keyboard events cleared
124.2055 	EXP 	probe: autoDraw = True
124.4991 	EXP 	Device response: <KeyPress from None: t=124.49149360798765, value=x, duration=None>
124.4994 	EXP 	New trial (rep=13, index=1): <Trial 53 (1 in rep 13) data={'pos': np.int64(150), 'corr_resp': 'v', 'thisN': 53, 'thisTrialN': 1, 'thisRepN': 13}>
124.5016 	DATA 	Keypress: x
124.5072 	EXP 	fixation: autoDraw = False
124.5072 	EXP 	line1: autoDraw = False
124.5072 	EXP 	line2: autoDraw = False
124.5072 	EXP 	line3: autoDraw = False
124.5072 	EXP 	line4: autoDraw = False
124.5072 	EXP 	probe: autoDraw = False
124.5072 	EXP 	fixation: autoDraw = True
124.6896 	EXP 	Device response: <KeyPress from None: t=124.49149360798765, value=x, duration=0.1922489940188825>
125.4978 	EXP 	line1: autoDraw = True
125.4978 	EXP 	line2: autoDraw = True
125.4978 	EXP 	line3: autoDraw = True
125.4978 	EXP 	line4: autoDraw = True
125.5046 	EXP 	fixation: autoDraw = False
126.4985 	INFO 	Keyboard events cleared
126.4983 	EXP 	probe: autoDraw = True
126.7323 	EXP 	Device response: <KeyPress from None: t=126.72840252600145, value=v, duration=None>
126.7326 	EXP 	New trial (rep=13, index=2): <Trial 54 (2 in rep 13) data={'pos': np.int64(50), 'corr_resp': 'c', 'thisN': 54, 'thisTrialN': 2, 'thisRepN': 13}>
126.7348 	DATA 	Keypress: v
126.7404 	EXP 	fixation: autoDraw = False
126.7404 	EXP 	line1: autoDraw = False
126.7404 	EXP 	line2: autoDraw = False
126.7404 	EXP 	line3: autoDraw = False
126.7404 	EXP 	line4: autoDraw = False
126.7404 	EXP 	probe: autoDraw = False
126.7404 	EXP 	fixation: autoDraw = True
126.9156 	EXP 	Device response: <KeyPress from None: t=126.72840252600145, value=v, duration=0.18415107403416187>
127.7315 	EXP 	line1: autoDraw = True
127.7315 	EXP 	line2: autoDraw = True
127.7315 	EXP 	line3: autoDraw = True
127.7315 	EXP 	line4: autoDraw = True
127.7388 	EXP 	fixation: autoDraw = False
128.7225 	INFO 	Keyboard events cleared
128.7223 	EXP 	probe: autoDraw = True
129.1231 	EXP 	Device response: <KeyPress from None: t=129.11967988702236, value=c, duration=None>
129.1234 	EXP 	New trial (rep=13, index=3): <Trial 55 (3 in rep 13) data={'pos': np.int64(-150), 'corr_resp': 'z', 'thisN': 55, 'thisTrialN': 3, 'thisRepN': 13}>
129.1255 	DATA 	Keypress: c
129.1316 	EXP 	fixation: autoDraw = False
129.1316 	EXP 	line1: autoDraw = False
129.1316 	EXP 	line2: autoDraw = False
129.1316 	EXP 	line3: autoDraw = False
129.1316 	EXP 	line4: autoDraw = False
129.1316 	EXP 	probe: autoDraw = False
129.1316 	EXP 	fixation: autoDraw = True
129.2983 	EXP 	Device response: <KeyPress from None: t=129.11967988702236, value=c, duration=0.1729071669979021>
130.1219 	EXP 	fixation: autoDraw = False
130.1219 	EXP 	line1: autoDraw = True
130.1219 	EXP 	line2: autoDraw = True
130.1219 	EXP 	line3: autoDraw = True
130.1219 	EXP 	line4: autoDraw = True
131.1220 	INFO 	Keyboard events cleared
131.1218 	EXP 	probe: autoDraw = True
131.3818 	EXP 	Device response: <KeyPress from None: t=131.37319870700594, value=z, duration=None>
131.3821 	EXP 	New trial (rep=14, index=0): <Trial 56 (0 in rep 14) data={'pos': np.int64(-50), 'corr_resp': 'x', 'thisN': 56, 'thisTrialN': 0, 'thisRepN': 14}>
131.3845 	DATA 	Keypress: z
131.3899 	EXP 	fixation: autoDraw = False
131.3899 	EXP 	line1: autoDraw = False
131.3899 	EXP 	line2: autoDraw = False
131.3899 	EXP 	line3: autoDraw = False
131.3899 	EXP 	line4: autoDraw = False
131.3899 	EXP 	probe: autoDraw = False
131.3899 	EXP 	fixation: autoDraw = True
131.5649 	EXP 	Device response: <KeyPress from None: t=131.37319870700594, value=z, duration=0.184324607020244>
132.3722 	EXP 	line1: autoDraw = True
132.3722 	EXP 	line2: autoDraw = True
132.3722 	EXP 	line3: autoDraw = True
132.3722 	EXP 	line4: autoDraw = True
132.3813 	EXP 	fixation: autoDraw = False
133.3724 	INFO 	Keyboard events cleared
133.3722 	EXP 	probe: autoDraw = True
133.6149 	EXP 	Device response: <KeyPress from None: t=133.6071036600042, value=x, duration=None>
133.6151 	EXP 	New trial (rep=14, index=1): <Trial 57 (1 in rep 14) data={'pos': np.int64(150), 'corr_resp': 'v', 'thisN': 57, 'thisTrialN': 1, 'thisRepN': 14}>
133.6174 	DATA 	Keypress: x
133.6226 	EXP 	fixation: autoDraw = False
133.6226 	EXP 	line1: autoDraw = False
133.6226 	EXP 	line2: autoDraw = False
133.6226 	EXP 	line3: autoDraw = False
133.6226 	EXP 	line4: autoDraw = False
133.6226 	EXP 	probe: autoDraw = False
133.6226 	EXP 	fixation: autoDraw = True
133.7985 	EXP 	Device response: <KeyPress from None: t=133.6071036600042, value=x, duration=0.1883337909821421>
134.3648 	EXP 	Device response: <KeyPress from None: t=134.35919978498714, value=v, duration=None>
134.3667 	DATA 	Keypress: v
134.5713 	EXP 	Device response: <KeyPress from None: t=134.35919978498714, value=v, duration=0.2085543530411087>
134.6052 	EXP 	line1: autoDraw = True
134.6052 	EXP 	line2: autoDraw = True
134.6052 	EXP 	line3: autoDraw = True
134.6052 	EXP 	line4: autoDraw = True
134.6144 	EXP 	fixation: autoDraw = False
135.6049 	INFO 	Keyboard events cleared
135.6046 	EXP 	probe: autoDraw = True
135.8813 	EXP 	Device response: <KeyPress from None: t=135.872119622014, value=v, duration=None>
135.8816 	EXP 	New trial (rep=14, index=2): <Trial 58 (2 in rep 14) data={'pos': np.int64(50), 'corr_resp': 'c', 'thisN': 58, 'thisTrialN': 2, 'thisRepN': 14}>
135.8838 	DATA 	Keypress: v
135.8897 	EXP 	fixation: autoDraw = False
135.8897 	EXP 	line1: autoDraw = False
135.8897 	EXP 	line2: autoDraw = False
135.8897 	EXP 	line3: autoDraw = False
135.8897 	EXP 	line4: autoDraw = False
135.8897 	EXP 	probe: autoDraw = False
135.8897 	EXP 	fixation: autoDraw = True
136.0377 	EXP 	Device response: <KeyPress from None: t=135.872119622014, value=v, duration=0.16015854198485613>
136.8714 	EXP 	line1: autoDraw = True
136.8714 	EXP 	line2: autoDraw = True
136.8714 	EXP 	line3: autoDraw = True
136.8714 	EXP 	line4: autoDraw = True
136.8873 	EXP 	fixation: autoDraw = False
137.8722 	INFO 	Keyboard events cleared
137.8720 	EXP 	probe: autoDraw = True
138.1484 	EXP 	Device response: <KeyPress from None: t=138.1460146069876, value=c, duration=None>
138.1487 	EXP 	New trial (rep=14, index=3): <Trial 59 (3 in rep 14) data={'pos': np.int64(-150), 'corr_resp': 'z', 'thisN': 59, 'thisTrialN': 3, 'thisRepN': 14}>
138.1510 	DATA 	Keypress: c
138.1570 	EXP 	fixation: autoDraw = False
138.1570 	EXP 	line1: autoDraw = False
138.1570 	EXP 	line2: autoDraw = False
138.1570 	EXP 	line3: autoDraw = False
138.1570 	EXP 	line4: autoDraw = False
138.1570 	EXP 	probe: autoDraw = False
138.1570 	EXP 	fixation: autoDraw = True
138.3213 	EXP 	Device response: <KeyPress from None: t=138.1460146069876, value=c, duration=0.16824288701172918>
139.1385 	EXP 	line1: autoDraw = True
139.1385 	EXP 	line2: autoDraw = True
139.1385 	EXP 	line3: autoDraw = True
139.1385 	EXP 	line4: autoDraw = True
139.1541 	EXP 	fixation: autoDraw = False
140.1389 	INFO 	Keyboard events cleared
140.1386 	EXP 	probe: autoDraw = True
140.3391 	EXP 	Device response: <KeyPress from None: t=140.33491399203194, value=x, duration=None>
140.3394 	EXP 	New trial (rep=15, index=0): <Trial 60 (0 in rep 15) data={'pos': np.int64(-50), 'corr_resp': 'x', 'thisN': 60, 'thisTrialN': 0, 'thisRepN': 15}>
140.3416 	DATA 	Keypress: x
140.3474 	EXP 	fixation: autoDraw = False
140.3474 	EXP 	line1: autoDraw = False
140.3474 	EXP 	line2: autoDraw = False
140.3474 	EXP 	line3: autoDraw = False
140.3474 	EXP 	line4: autoDraw = False
140.3474 	EXP 	probe: autoDraw = False
140.3474 	EXP 	fixation: autoDraw = True
140.4048 	EXP 	Device response: <KeyPress from None: t=140.3986288770102, value=z, duration=None>
140.4071 	DATA 	Keypress: z
140.5482 	EXP 	Device response: <KeyPress from None: t=140.3986288770102, value=z, duration=0.1401615510112606>
140.5484 	EXP 	Device response: <KeyPress from None: t=140.33491399203194, value=x, duration=0.2116405749693513>
141.3381 	EXP 	fixation: autoDraw = False
141.3381 	EXP 	line1: autoDraw = True
141.3381 	EXP 	line2: autoDraw = True
141.3381 	EXP 	line3: autoDraw = True
141.3381 	EXP 	line4: autoDraw = True
142.3387 	INFO 	Keyboard events cleared
142.3384 	EXP 	probe: autoDraw = True
142.5650 	EXP 	Device response: <KeyPress from None: t=142.56282570998883, value=x, duration=None>
142.5653 	EXP 	New trial (rep=15, index=1): <Trial 61 (1 in rep 15) data={'pos': np.int64(150), 'corr_resp': 'v', 'thisN': 61, 'thisTrialN': 1, 'thisRepN': 15}>
142.5675 	DATA 	Keypress: x
142.5735 	EXP 	fixation: autoDraw = False
142.5735 	EXP 	line1: autoDraw = False
142.5735 	EXP 	line2: autoDraw = False
142.5735 	EXP 	line3: autoDraw = False
142.5735 	EXP 	line4: autoDraw = False
142.5735 	EXP 	probe: autoDraw = False
142.5735 	EXP 	fixation: autoDraw = True
142.7816 	EXP 	Device response: <KeyPress from None: t=142.56282570998883, value=x, duration=0.2076669720117934>
143.5549 	EXP 	line1: autoDraw = True
143.5549 	EXP 	line2: autoDraw = True
143.5549 	EXP 	line3: autoDraw = True
143.5549 	EXP 	line4: autoDraw = True
143.5708 	EXP 	fixation: autoDraw = False
144.5550 	INFO 	Keyboard events cleared
144.5547 	EXP 	probe: autoDraw = True
144.8320 	EXP 	Device response: <KeyPress from None: t=144.82749687501928, value=v, duration=None>
144.8323 	EXP 	New trial (rep=15, index=2): <Trial 62 (2 in rep 15) data={'pos': np.int64(50), 'corr_resp': 'c', 'thisN': 62, 'thisTrialN': 2, 'thisRepN': 15}>
144.8345 	DATA 	Keypress: v
144.8404 	EXP 	fixation: autoDraw = False
144.8404 	EXP 	line1: autoDraw = False
144.8404 	EXP 	line2: autoDraw = False
144.8404 	EXP 	line3: autoDraw = False
144.8404 	EXP 	line4: autoDraw = False
144.8404 	EXP 	probe: autoDraw = False
144.8404 	EXP 	fixation: autoDraw = True
144.9983 	EXP 	Device response: <KeyPress from None: t=144.82749687501928, value=v, duration=0.16845343000022694>
145.8310 	EXP 	line1: autoDraw = True
145.8310 	EXP 	line2: autoDraw = True
145.8310 	EXP 	line3: autoDraw = True
145.8310 	EXP 	line4: autoDraw = True
145.8379 	EXP 	fixation: autoDraw = False
146.8311 	INFO 	Keyboard events cleared
146.8309 	EXP 	probe: autoDraw = True
147.2647 	EXP 	Device response: <KeyPress from None: t=147.25752715603448, value=c, duration=None>
147.2650 	EXP 	New trial (rep=15, index=3): <Trial 63 (3 in rep 15) data={'pos': np.int64(-150), 'corr_resp': 'z', 'thisN': 63, 'thisTrialN': 3, 'thisRepN': 15}>
147.2672 	DATA 	Keypress: c
147.2731 	EXP 	fixation: autoDraw = False
147.2731 	EXP 	line1: autoDraw = False
147.2731 	EXP 	line2: autoDraw = False
147.2731 	EXP 	line3: autoDraw = False
147.2731 	EXP 	line4: autoDraw = False
147.2731 	EXP 	probe: autoDraw = False
147.2731 	EXP 	fixation: autoDraw = True
147.4375 	EXP 	Device response: <KeyPress from None: t=147.25752715603448, value=c, duration=0.17615563998697326>
148.2551 	EXP 	line1: autoDraw = True
148.2551 	EXP 	line2: autoDraw = True
148.2551 	EXP 	line3: autoDraw = True
148.2551 	EXP 	line4: autoDraw = True
148.2706 	EXP 	fixation: autoDraw = False
149.2546 	INFO 	Keyboard events cleared
149.2544 	EXP 	probe: autoDraw = True
149.6051 	EXP 	Device response: <KeyPress from None: t=149.60207093402278, value=z, duration=None>
149.6054 	EXP 	New trial (rep=16, index=0): <Trial 64 (0 in rep 16) data={'pos': np.int64(-50), 'corr_resp': 'x', 'thisN': 64, 'thisTrialN': 0, 'thisRepN': 16}>
149.6076 	DATA 	Keypress: z
149.6133 	EXP 	fixation: autoDraw = False
149.6133 	EXP 	line1: autoDraw = False
149.6133 	EXP 	line2: autoDraw = False
149.6133 	EXP 	line3: autoDraw = False
149.6133 	EXP 	line4: autoDraw = False
149.6133 	EXP 	probe: autoDraw = False
149.6133 	EXP 	fixation: autoDraw = True
149.8480 	EXP 	Device response: <KeyPress from None: t=149.60207093402278, value=z, duration=0.23667512997053564>
150.6039 	EXP 	fixation: autoDraw = False
150.6039 	EXP 	line1: autoDraw = True
150.6039 	EXP 	line2: autoDraw = True
150.6039 	EXP 	line3: autoDraw = True
150.6039 	EXP 	line4: autoDraw = True
151.6046 	INFO 	Keyboard events cleared
151.6044 	EXP 	probe: autoDraw = True
151.8651 	EXP 	Device response: <KeyPress from None: t=151.8603448710055, value=x, duration=None>
151.8654 	EXP 	New trial (rep=16, index=1): <Trial 65 (1 in rep 16) data={'pos': np.int64(150), 'corr_resp': 'v', 'thisN': 65, 'thisTrialN': 1, 'thisRepN': 16}>
151.8676 	DATA 	Keypress: x
151.8735 	EXP 	fixation: autoDraw = False
151.8735 	EXP 	line1: autoDraw = False
151.8735 	EXP 	line2: autoDraw = False
151.8735 	EXP 	line3: autoDraw = False
151.8735 	EXP 	line4: autoDraw = False
151.8735 	EXP 	probe: autoDraw = False
151.8735 	EXP 	fixation: autoDraw = True
152.0713 	EXP 	Device response: <KeyPress from None: t=151.8603448710055, value=x, duration=0.20443300699116662>
152.8643 	EXP 	line1: autoDraw = True
152.8643 	EXP 	line2: autoDraw = True
152.8643 	EXP 	line3: autoDraw = True
152.8643 	EXP 	line4: autoDraw = True
152.8714 	EXP 	fixation: autoDraw = False
152.9149 	EXP 	Device response: <KeyPress from None: t=152.90962358901743, value=x, duration=None>
152.9169 	DATA 	Keypress: x
153.1318 	EXP 	Device response: <KeyPress from None: t=152.90962358901743, value=x, duration=0.21987046801950783>
153.8556 	INFO 	Keyboard events cleared
153.8554 	EXP 	probe: autoDraw = True
154.1648 	EXP 	Device response: <KeyPress from None: t=154.15728975902312, value=v, duration=None>
154.1650 	EXP 	New trial (rep=16, index=2): <Trial 66 (2 in rep 16) data={'pos': np.int64(50), 'corr_resp': 'c', 'thisN': 66, 'thisTrialN': 2, 'thisRepN': 16}>
154.1673 	DATA 	Keypress: v
154.1727 	EXP 	fixation: autoDraw = False
154.1727 	EXP 	line1: autoDraw = False
154.1727 	EXP 	line2: autoDraw = False
154.1727 	EXP 	line3: autoDraw = False
154.1727 	EXP 	line4: autoDraw = False
154.1727 	EXP 	probe: autoDraw = False
154.1727 	EXP 	fixation: autoDraw = True
154.3312 	EXP 	Device response: <KeyPress from None: t=154.15728975902312, value=v, duration=0.16835126199293882>
155.1550 	EXP 	line1: autoDraw = True
155.1550 	EXP 	line2: autoDraw = True
155.1550 	EXP 	line3: autoDraw = True
155.1550 	EXP 	line4: autoDraw = True
155.1709 	EXP 	fixation: autoDraw = False
156.1557 	INFO 	Keyboard events cleared
156.1555 	EXP 	probe: autoDraw = True
156.4886 	EXP 	Device response: <KeyPress from None: t=156.48621853202349, value=c, duration=None>
156.4889 	EXP 	New trial (rep=16, index=3): <Trial 67 (3 in rep 16) data={'pos': np.int64(-150), 'corr_resp': 'z', 'thisN': 67, 'thisTrialN': 3, 'thisRepN': 16}>
156.4972 	EXP 	fixation: autoDraw = False
156.4972 	EXP 	line1: autoDraw = False
156.4972 	EXP 	line2: autoDraw = False
156.4972 	EXP 	line3: autoDraw = False
156.4972 	EXP 	line4: autoDraw = False
156.4972 	EXP 	probe: autoDraw = False
156.4972 	EXP 	fixation: autoDraw = True
156.5004 	DATA 	Keypress: c
156.6712 	EXP 	Device response: <KeyPress from None: t=156.48621853202349, value=c, duration=0.18009076896123588>
157.4885 	EXP 	fixation: autoDraw = False
157.4885 	EXP 	line1: autoDraw = True
157.4885 	EXP 	line2: autoDraw = True
157.4885 	EXP 	line3: autoDraw = True
157.4885 	EXP 	line4: autoDraw = True
158.4885 	INFO 	Keyboard events cleared
158.4882 	EXP 	probe: autoDraw = True
158.7723 	EXP 	Device response: <KeyPress from None: t=158.76808875001734, value=z, duration=None>
158.7726 	EXP 	New trial (rep=17, index=0): <Trial 68 (0 in rep 17) data={'pos': np.int64(-50), 'corr_resp': 'x', 'thisN': 68, 'thisTrialN': 0, 'thisRepN': 17}>
158.7749 	DATA 	Keypress: z
158.7809 	EXP 	fixation: autoDraw = False
158.7809 	EXP 	line1: autoDraw = False
158.7809 	EXP 	line2: autoDraw = False
158.7809 	EXP 	line3: autoDraw = False
158.7809 	EXP 	line4: autoDraw = False
158.7809 	EXP 	probe: autoDraw = False
158.7809 	EXP 	fixation: autoDraw = True
158.9552 	EXP 	Device response: <KeyPress from None: t=158.76808875001734, value=z, duration=0.18012993200682104>
159.7717 	EXP 	fixation: autoDraw = False
159.7717 	EXP 	line1: autoDraw = True
159.7717 	EXP 	line2: autoDraw = True
159.7717 	EXP 	line3: autoDraw = True
159.7717 	EXP 	line4: autoDraw = True
160.7721 	INFO 	Keyboard events cleared
160.7718 	EXP 	probe: autoDraw = True
161.0649 	EXP 	Device response: <KeyPress from None: t=161.05823965900345, value=x, duration=None>
161.0652 	EXP 	New trial (rep=17, index=1): <Trial 69 (1 in rep 17) data={'pos': np.int64(150), 'corr_resp': 'v', 'thisN': 69, 'thisTrialN': 1, 'thisRepN': 17}>
161.0675 	DATA 	Keypress: x
161.0730 	EXP 	fixation: autoDraw = False
161.0730 	EXP 	line1: autoDraw = False
161.0730 	EXP 	line2: autoDraw = False
161.0730 	EXP 	line3: autoDraw = False
161.0730 	EXP 	line4: autoDraw = False
161.0730 	EXP 	probe: autoDraw = False
161.0730 	EXP 	fixation: autoDraw = True
161.1812 	EXP 	Device response: <KeyPress from None: t=161.05823965900345, value=x, duration=0.11991236999165267>
162.0552 	EXP 	line1: autoDraw = True
162.0552 	EXP 	line2: autoDraw = True
162.0552 	EXP 	line3: autoDraw = True
162.0552 	EXP 	line4: autoDraw = True
162.0711 	EXP 	fixation: autoDraw = False
163.0643 	INFO 	Keyboard events cleared
163.0641 	EXP 	probe: autoDraw = True
163.6651 	EXP 	Device response: <KeyPress from None: t=163.6639256690396, value=v, duration=None>
163.6654 	EXP 	New trial (rep=17, index=2): <Trial 70 (2 in rep 17) data={'pos': np.int64(50), 'corr_resp': 'c', 'thisN': 70, 'thisTrialN': 2, 'thisRepN': 17}>
163.6710 	EXP 	fixation: autoDraw = False
163.6710 	EXP 	line1: autoDraw = False
163.6710 	EXP 	line2: autoDraw = False
163.6710 	EXP 	line3: autoDraw = False
163.6710 	EXP 	line4: autoDraw = False
163.6710 	EXP 	probe: autoDraw = False
163.6710 	EXP 	fixation: autoDraw = True
163.6739 	DATA 	Keypress: v
163.8211 	EXP 	Device response: <KeyPress from None: t=163.6639256690396, value=v, duration=0.1521587529568933>
164.6639 	EXP 	line1: autoDraw = True
164.6639 	EXP 	line2: autoDraw = True
164.6639 	EXP 	line3: autoDraw = True
164.6639 	EXP 	line4: autoDraw = True
164.6706 	EXP 	fixation: autoDraw = False
165.6642 	INFO 	Keyboard events cleared
165.6640 	EXP 	probe: autoDraw = True
166.0648 	EXP 	Device response: <KeyPress from None: t=166.06080065399874, value=c, duration=None>
166.0650 	EXP 	New trial (rep=17, index=3): <Trial 71 (3 in rep 17) data={'pos': np.int64(-150), 'corr_resp': 'z', 'thisN': 71, 'thisTrialN': 3, 'thisRepN': 17}>
166.0672 	DATA 	Keypress: c
166.0732 	EXP 	fixation: autoDraw = False
166.0732 	EXP 	line1: autoDraw = False
166.0732 	EXP 	line2: autoDraw = False
166.0732 	EXP 	line3: autoDraw = False
166.0732 	EXP 	line4: autoDraw = False
166.0732 	EXP 	probe: autoDraw = False
166.0732 	EXP 	fixation: autoDraw = True
166.2306 	EXP 	Device response: <KeyPress from None: t=166.06080065399874, value=c, duration=0.16145219799363986>
167.0546 	EXP 	line1: autoDraw = True
167.0546 	EXP 	line2: autoDraw = True
167.0546 	EXP 	line3: autoDraw = True
167.0546 	EXP 	line4: autoDraw = True
167.0711 	EXP 	fixation: autoDraw = False
168.0643 	INFO 	Keyboard events cleared
168.0641 	EXP 	probe: autoDraw = True
168.4374 	EXP 	Device response: <KeyPress from None: t=168.43477689899737, value=z, duration=None>
168.4377 	EXP 	New trial (rep=18, index=0): <Trial 72 (0 in rep 18) data={'pos': np.int64(-50), 'corr_resp': 'x', 'thisN': 72, 'thisTrialN': 0, 'thisRepN': 18}>
168.4468 	EXP 	fixation: autoDraw = False
168.4468 	EXP 	line1: autoDraw = False
168.4468 	EXP 	line2: autoDraw = False
168.4468 	EXP 	line3: autoDraw = False
168.4468 	EXP 	line4: autoDraw = False
168.4468 	EXP 	probe: autoDraw = False
168.4468 	EXP 	fixation: autoDraw = True
168.4491 	DATA 	Keypress: z
168.5973 	EXP 	Device response: <KeyPress from None: t=168.43477689899737, value=z, duration=0.1519862930290401>
169.4379 	EXP 	fixation: autoDraw = False
169.4379 	EXP 	line1: autoDraw = True
169.4379 	EXP 	line2: autoDraw = True
169.4379 	EXP 	line3: autoDraw = True
169.4379 	EXP 	line4: autoDraw = True
170.4308 	INFO 	Keyboard events cleared
170.4306 	EXP 	probe: autoDraw = True
170.7811 	EXP 	Device response: <KeyPress from None: t=170.7735591160017, value=x, duration=None>
170.7814 	EXP 	New trial (rep=18, index=1): <Trial 73 (1 in rep 18) data={'pos': np.int64(150), 'corr_resp': 'v', 'thisN': 73, 'thisTrialN': 1, 'thisRepN': 18}>
170.7836 	DATA 	Keypress: x
170.7895 	EXP 	fixation: autoDraw = False
170.7895 	EXP 	line1: autoDraw = False
170.7895 	EXP 	line2: autoDraw = False
170.7895 	EXP 	line3: autoDraw = False
170.7895 	EXP 	line4: autoDraw = False
170.7895 	EXP 	probe: autoDraw = False
170.7895 	EXP 	fixation: autoDraw = True
170.9039 	EXP 	Device response: <KeyPress from None: t=170.7735591160017, value=x, duration=0.12817395199090242>
171.7712 	EXP 	line1: autoDraw = True
171.7712 	EXP 	line2: autoDraw = True
171.7712 	EXP 	line3: autoDraw = True
171.7712 	EXP 	line4: autoDraw = True
171.7871 	EXP 	fixation: autoDraw = False
172.7716 	INFO 	Keyboard events cleared
172.7714 	EXP 	probe: autoDraw = True
173.0051 	EXP 	Device response: <KeyPress from None: t=173.001473352022, value=v, duration=None>
173.0054 	EXP 	New trial (rep=18, index=2): <Trial 74 (2 in rep 18) data={'pos': np.int64(50), 'corr_resp': 'c', 'thisN': 74, 'thisTrialN': 2, 'thisRepN': 18}>
173.0077 	DATA 	Keypress: v
173.0135 	EXP 	fixation: autoDraw = False
173.0135 	EXP 	line1: autoDraw = False
173.0135 	EXP 	line2: autoDraw = False
173.0135 	EXP 	line3: autoDraw = False
173.0135 	EXP 	line4: autoDraw = False
173.0135 	EXP 	probe: autoDraw = False
173.0135 	EXP 	fixation: autoDraw = True
173.1979 	EXP 	Device response: <KeyPress from None: t=173.001473352022, value=v, duration=0.18833970197010785>
174.0039 	EXP 	fixation: autoDraw = False
174.0039 	EXP 	line1: autoDraw = True
174.0039 	EXP 	line2: autoDraw = True
174.0039 	EXP 	line3: autoDraw = True
174.0039 	EXP 	line4: autoDraw = True
175.0048 	INFO 	Keyboard events cleared
175.0046 	EXP 	probe: autoDraw = True
175.2557 	EXP 	Device response: <KeyPress from None: t=175.24941462202696, value=c, duration=None>
175.2560 	EXP 	New trial (rep=18, index=3): <Trial 75 (3 in rep 18) data={'pos': np.int64(-150), 'corr_resp': 'z', 'thisN': 75, 'thisTrialN': 3, 'thisRepN': 18}>
175.2582 	DATA 	Keypress: c
175.2639 	EXP 	fixation: autoDraw = False
175.2639 	EXP 	line1: autoDraw = False
175.2639 	EXP 	line2: autoDraw = False
175.2639 	EXP 	line3: autoDraw = False
175.2639 	EXP 	line4: autoDraw = False
175.2639 	EXP 	probe: autoDraw = False
175.2639 	EXP 	fixation: autoDraw = True
175.4645 	EXP 	Device response: <KeyPress from None: t=175.24941462202696, value=c, duration=0.20458079600939527>
176.2550 	EXP 	fixation: autoDraw = False
176.2550 	EXP 	line1: autoDraw = True
176.2550 	EXP 	line2: autoDraw = True
176.2550 	EXP 	line3: autoDraw = True
176.2550 	EXP 	line4: autoDraw = True
177.2547 	INFO 	Keyboard events cleared
177.2545 	EXP 	probe: autoDraw = True
177.5313 	EXP 	Device response: <KeyPress from None: t=177.52633381803753, value=z, duration=None>
177.5316 	EXP 	New trial (rep=19, index=0): <Trial 76 (0 in rep 19) data={'pos': np.int64(-50), 'corr_resp': 'x', 'thisN': 76, 'thisTrialN': 0, 'thisRepN': 19}>
177.5338 	DATA 	Keypress: z
177.5393 	EXP 	fixation: autoDraw = False
177.5393 	EXP 	line1: autoDraw = False
177.5393 	EXP 	line2: autoDraw = False
177.5393 	EXP 	line3: autoDraw = False
177.5393 	EXP 	line4: autoDraw = False
177.5393 	EXP 	probe: autoDraw = False
177.5393 	EXP 	fixation: autoDraw = True
177.7378 	EXP 	Device response: <KeyPress from None: t=177.52633381803753, value=z, duration=0.20830707595450804>
178.5215 	EXP 	line1: autoDraw = True
178.5215 	EXP 	line2: autoDraw = True
178.5215 	EXP 	line3: autoDraw = True
178.5215 	EXP 	line4: autoDraw = True
178.5377 	EXP 	fixation: autoDraw = False
179.3722 	EXP 	Device response: <KeyPress from None: t=179.37023806601064, value=x, duration=None>
179.3830 	DATA 	Keypress: x
179.5302 	INFO 	Keyboard events cleared
179.5300 	EXP 	probe: autoDraw = True
179.6723 	EXP 	Device response: <KeyPress from None: t=179.37023806601064, value=x, duration=0.30032269802177325>
179.9386 	EXP 	Device response: <KeyPress from None: t=179.93626350798877, value=x, duration=None>
179.9389 	EXP 	New trial (rep=19, index=1): <Trial 77 (1 in rep 19) data={'pos': np.int64(150), 'corr_resp': 'v', 'thisN': 77, 'thisTrialN': 1, 'thisRepN': 19}>
179.9468 	EXP 	fixation: autoDraw = False
179.9468 	EXP 	line1: autoDraw = False
179.9468 	EXP 	line2: autoDraw = False
179.9468 	EXP 	line3: autoDraw = False
179.9468 	EXP 	line4: autoDraw = False
179.9468 	EXP 	probe: autoDraw = False
179.9468 	EXP 	fixation: autoDraw = True
179.9495 	DATA 	Keypress: x
180.1145 	EXP 	Device response: <KeyPress from None: t=179.93626350798877, value=x, duration=0.1762346890172921>
180.9375 	EXP 	fixation: autoDraw = False
180.9375 	EXP 	line1: autoDraw = True
180.9375 	EXP 	line2: autoDraw = True
180.9375 	EXP 	line3: autoDraw = True
180.9375 	EXP 	line4: autoDraw = True
181.9387 	INFO 	Keyboard events cleared
181.9385 	EXP 	probe: autoDraw = True
182.3981 	EXP 	Device response: <KeyPress from None: t=182.3951754370355, value=v, duration=None>
182.3984 	EXP 	New trial (rep=19, index=2): <Trial 78 (2 in rep 19) data={'pos': np.int64(50), 'corr_resp': 'c', 'thisN': 78, 'thisTrialN': 2, 'thisRepN': 19}>
182.4006 	DATA 	Keypress: v
182.4061 	EXP 	fixation: autoDraw = False
182.4061 	EXP 	line1: autoDraw = False
182.4061 	EXP 	line2: autoDraw = False
182.4061 	EXP 	line3: autoDraw = False
182.4061 	EXP 	line4: autoDraw = False
182.4061 	EXP 	probe: autoDraw = False
182.4061 	EXP 	fixation: autoDraw = True
182.5708 	EXP 	Device response: <KeyPress from None: t=182.3951754370355, value=v, duration=0.1721037279930897>
183.3972 	EXP 	line1: autoDraw = True
183.3972 	EXP 	line2: autoDraw = True
183.3972 	EXP 	line3: autoDraw = True
183.3972 	EXP 	line4: autoDraw = True
183.4044 	EXP 	fixation: autoDraw = False
183.8392 	EXP 	Device response: <KeyPress from None: t=183.83209615503438, value=c, duration=None>
183.8413 	DATA 	Keypress: c
183.9814 	EXP 	Device response: <KeyPress from None: t=183.83209615503438, value=c, duration=0.14422804699279368>
184.3964 	INFO 	Keyboard events cleared
184.3962 	EXP 	probe: autoDraw = True
184.8386 	EXP 	Device response: <KeyPress from None: t=184.83563103200868, value=c, duration=None>
184.8389 	EXP 	New trial (rep=19, index=3): <Trial 79 (3 in rep 19) data={'pos': np.int64(-150), 'corr_resp': 'z', 'thisN': 79, 'thisTrialN': 3, 'thisRepN': 19}>
184.8412 	DATA 	Keypress: c
184.8472 	EXP 	fixation: autoDraw = False
184.8472 	EXP 	line1: autoDraw = False
184.8472 	EXP 	line2: autoDraw = False
184.8472 	EXP 	line3: autoDraw = False
184.8472 	EXP 	line4: autoDraw = False
184.8472 	EXP 	probe: autoDraw = False
184.8472 	EXP 	fixation: autoDraw = True
185.0479 	EXP 	Device response: <KeyPress from None: t=184.83563103200868, value=c, duration=0.20873159100301564>
185.8382 	EXP 	fixation: autoDraw = False
185.8382 	EXP 	line1: autoDraw = True
185.8382 	EXP 	line2: autoDraw = True
185.8382 	EXP 	line3: autoDraw = True
185.8382 	EXP 	line4: autoDraw = True
186.8378 	INFO 	Keyboard events cleared
186.8376 	EXP 	probe: autoDraw = True
187.6385 	EXP 	Device response: <KeyPress from None: t=187.63096176099498, value=z, duration=None>
187.6388 	EXP 	New trial (rep=20, index=0): <Trial 80 (0 in rep 20) data={'pos': np.int64(-50), 'corr_resp': 'x', 'thisN': 80, 'thisTrialN': 0, 'thisRepN': 20}>
187.6410 	DATA 	Keypress: z
187.6468 	EXP 	fixation: autoDraw = False
187.6468 	EXP 	line1: autoDraw = False
187.6468 	EXP 	line2: autoDraw = False
187.6468 	EXP 	line3: autoDraw = False
187.6468 	EXP 	line4: autoDraw = False
187.6468 	EXP 	probe: autoDraw = False
187.6468 	EXP 	fixation: autoDraw = True
187.8381 	EXP 	Device response: <KeyPress from None: t=187.63096176099498, value=z, duration=0.20057721802731976>
188.6377 	EXP 	fixation: autoDraw = False
188.6377 	EXP 	line1: autoDraw = True
188.6377 	EXP 	line2: autoDraw = True
188.6377 	EXP 	line3: autoDraw = True
188.6377 	EXP 	line4: autoDraw = True
189.6385 	INFO 	Keyboard events cleared
189.6383 	EXP 	probe: autoDraw = True
189.9723 	EXP 	Device response: <KeyPress from None: t=189.9698176039965, value=x, duration=None>
189.9726 	EXP 	New trial (rep=20, index=1): <Trial 81 (1 in rep 20) data={'pos': np.int64(150), 'corr_resp': 'v', 'thisN': 81, 'thisTrialN': 1, 'thisRepN': 20}>
189.9803 	EXP 	fixation: autoDraw = False
189.9803 	EXP 	line1: autoDraw = False
189.9803 	EXP 	line2: autoDraw = False
189.9803 	EXP 	line3: autoDraw = False
189.9803 	EXP 	line4: autoDraw = False
189.9803 	EXP 	probe: autoDraw = False
189.9803 	EXP 	fixation: autoDraw = True
189.9834 	DATA 	Keypress: x
190.1978 	EXP 	Device response: <KeyPress from None: t=189.9698176039965, value=x, duration=0.22058382799150422>
190.9710 	EXP 	fixation: autoDraw = False
190.9710 	EXP 	line1: autoDraw = True
190.9710 	EXP 	line2: autoDraw = True
190.9710 	EXP 	line3: autoDraw = True
190.9710 	EXP 	line4: autoDraw = True
191.9711 	INFO 	Keyboard events cleared
191.9709 	EXP 	probe: autoDraw = True
192.2479 	EXP 	Device response: <KeyPress from None: t=192.24378179898486, value=v, duration=None>
192.2482 	EXP 	New trial (rep=20, index=2): <Trial 82 (2 in rep 20) data={'pos': np.int64(50), 'corr_resp': 'c', 'thisN': 82, 'thisTrialN': 2, 'thisRepN': 20}>
192.2504 	DATA 	Keypress: v
192.2559 	EXP 	fixation: autoDraw = False
192.2559 	EXP 	line1: autoDraw = False
192.2559 	EXP 	line2: autoDraw = False
192.2559 	EXP 	line3: autoDraw = False
192.2559 	EXP 	line4: autoDraw = False
192.2559 	EXP 	probe: autoDraw = False
192.2559 	EXP 	fixation: autoDraw = True
192.4483 	EXP 	Device response: <KeyPress from None: t=192.24378179898486, value=v, duration=0.19961716601392254>
193.2382 	EXP 	line1: autoDraw = True
193.2382 	EXP 	line2: autoDraw = True
193.2382 	EXP 	line3: autoDraw = True
193.2382 	EXP 	line4: autoDraw = True
193.2473 	EXP 	fixation: autoDraw = False
194.2471 	INFO 	Keyboard events cleared
194.2470 	EXP 	probe: autoDraw = True
194.4646 	EXP 	Device response: <KeyPress from None: t=194.45969405700453, value=c, duration=None>
194.4649 	EXP 	New trial (rep=20, index=3): <Trial 83 (3 in rep 20) data={'pos': np.int64(-150), 'corr_resp': 'z', 'thisN': 83, 'thisTrialN': 3, 'thisRepN': 20}>
194.4671 	DATA 	Keypress: c
194.4732 	EXP 	fixation: autoDraw = False
194.4732 	EXP 	line1: autoDraw = False
194.4732 	EXP 	line2: autoDraw = False
194.4732 	EXP 	line3: autoDraw = False
194.4732 	EXP 	line4: autoDraw = False
194.4732 	EXP 	probe: autoDraw = False
194.4732 	EXP 	fixation: autoDraw = True
194.6540 	EXP 	Device response: <KeyPress from None: t=194.45969405700453, value=c, duration=0.19210746203316376>
195.4636 	EXP 	line1: autoDraw = True
195.4636 	EXP 	line2: autoDraw = True
195.4636 	EXP 	line3: autoDraw = True
195.4636 	EXP 	line4: autoDraw = True
195.4703 	EXP 	fixation: autoDraw = False
196.4638 	INFO 	Keyboard events cleared
196.4637 	EXP 	probe: autoDraw = True
196.9479 	EXP 	Device response: <KeyPress from None: t=196.94465321803, value=z, duration=None>
196.9481 	EXP 	New trial (rep=21, index=0): <Trial 84 (0 in rep 21) data={'pos': np.int64(-50), 'corr_resp': 'x', 'thisN': 84, 'thisTrialN': 0, 'thisRepN': 21}>
196.9503 	DATA 	Keypress: z
196.9565 	EXP 	fixation: autoDraw = False
196.9565 	EXP 	line1: autoDraw = False
196.9565 	EXP 	line2: autoDraw = False
196.9565 	EXP 	line3: autoDraw = False
196.9565 	EXP 	line4: autoDraw = False
196.9565 	EXP 	probe: autoDraw = False
196.9565 	EXP 	fixation: autoDraw = True
197.1307 	EXP 	Device response: <KeyPress from None: t=196.94465321803, value=z, duration=0.17596417799359187>
197.9470 	EXP 	line1: autoDraw = True
197.9470 	EXP 	line2: autoDraw = True
197.9470 	EXP 	line3: autoDraw = True
197.9470 	EXP 	line4: autoDraw = True
197.9538 	EXP 	fixation: autoDraw = False
198.9472 	INFO 	Keyboard events cleared
198.9471 	EXP 	probe: autoDraw = True
199.2052 	EXP 	Device response: <KeyPress from None: t=199.19947060302366, value=x, duration=None>
199.2055 	EXP 	New trial (rep=21, index=1): <Trial 85 (1 in rep 21) data={'pos': np.int64(150), 'corr_resp': 'v', 'thisN': 85, 'thisTrialN': 1, 'thisRepN': 21}>
199.2078 	DATA 	Keypress: x
199.2135 	EXP 	fixation: autoDraw = False
199.2135 	EXP 	line1: autoDraw = False
199.2135 	EXP 	line2: autoDraw = False
199.2135 	EXP 	line3: autoDraw = False
199.2135 	EXP 	line4: autoDraw = False
199.2135 	EXP 	probe: autoDraw = False
199.2135 	EXP 	fixation: autoDraw = True
199.4311 	EXP 	Device response: <KeyPress from None: t=199.19947060302366, value=x, duration=0.22830544196767733>
200.2044 	EXP 	fixation: autoDraw = False
200.2044 	EXP 	line1: autoDraw = True
200.2044 	EXP 	line2: autoDraw = True
200.2044 	EXP 	line3: autoDraw = True
200.2044 	EXP 	line4: autoDraw = True
201.2044 	INFO 	Keyboard events cleared
201.2042 	EXP 	probe: autoDraw = True
201.4809 	EXP 	Device response: <KeyPress from None: t=201.47746489202837, value=v, duration=None>
201.4812 	EXP 	New trial (rep=21, index=2): <Trial 86 (2 in rep 21) data={'pos': np.int64(50), 'corr_resp': 'c', 'thisN': 86, 'thisTrialN': 2, 'thisRepN': 21}>
201.4834 	DATA 	Keypress: v
201.4896 	EXP 	fixation: autoDraw = False
201.4896 	EXP 	line1: autoDraw = False
201.4896 	EXP 	line2: autoDraw = False
201.4896 	EXP 	line3: autoDraw = False
201.4896 	EXP 	line4: autoDraw = False
201.4896 	EXP 	probe: autoDraw = False
201.4896 	EXP 	fixation: autoDraw = True
201.6539 	EXP 	Device response: <KeyPress from None: t=201.47746489202837, value=v, duration=0.1721862590056844>
202.4710 	EXP 	line1: autoDraw = True
202.4710 	EXP 	line2: autoDraw = True
202.4710 	EXP 	line3: autoDraw = True
202.4710 	EXP 	line4: autoDraw = True
202.4869 	EXP 	fixation: autoDraw = False
203.4803 	INFO 	Keyboard events cleared
203.4801 	EXP 	probe: autoDraw = True
203.7390 	EXP 	Device response: <KeyPress from None: t=203.73450830602087, value=c, duration=None>
203.7393 	EXP 	New trial (rep=21, index=3): <Trial 87 (3 in rep 21) data={'pos': np.int64(-150), 'corr_resp': 'z', 'thisN': 87, 'thisTrialN': 3, 'thisRepN': 21}>
203.7416 	DATA 	Keypress: c
203.7488 	EXP 	fixation: autoDraw = False
203.7488 	EXP 	line1: autoDraw = False
203.7488 	EXP 	line2: autoDraw = False
203.7488 	EXP 	line3: autoDraw = False
203.7488 	EXP 	line4: autoDraw = False
203.7488 	EXP 	probe: autoDraw = False
203.7488 	EXP 	fixation: autoDraw = True
203.9307 	EXP 	Device response: <KeyPress from None: t=203.73450830602087, value=c, duration=0.19194496801355854>
204.7379 	EXP 	line1: autoDraw = True
204.7379 	EXP 	line2: autoDraw = True
204.7379 	EXP 	line3: autoDraw = True
204.7379 	EXP 	line4: autoDraw = True
204.7471 	EXP 	fixation: autoDraw = False
205.7374 	INFO 	Keyboard events cleared
205.7372 	EXP 	probe: autoDraw = True
206.0721 	EXP 	Device response: <KeyPress from None: t=206.06517161004012, value=z, duration=None>
206.0724 	EXP 	New trial (rep=22, index=0): <Trial 88 (0 in rep 22) data={'pos': np.int64(-50), 'corr_resp': 'x', 'thisN': 88, 'thisTrialN': 0, 'thisRepN': 22}>
206.0747 	DATA 	Keypress: z
206.0806 	EXP 	fixation: autoDraw = False
206.0806 	EXP 	line1: autoDraw = False
206.0806 	EXP 	line2: autoDraw = False
206.0806 	EXP 	line3: autoDraw = False
206.0806 	EXP 	line4: autoDraw = False
206.0806 	EXP 	probe: autoDraw = False
206.0806 	EXP 	fixation: autoDraw = True
206.2644 	EXP 	Device response: <KeyPress from None: t=206.06517161004012, value=z, duration=0.1963331089937128>
207.0714 	EXP 	fixation: autoDraw = False
207.0714 	EXP 	line1: autoDraw = True
207.0714 	EXP 	line2: autoDraw = True
207.0714 	EXP 	line3: autoDraw = True
207.0714 	EXP 	line4: autoDraw = True
208.0710 	INFO 	Keyboard events cleared
208.0707 	EXP 	probe: autoDraw = True
208.3810 	EXP 	Device response: <KeyPress from None: t=208.37813547899714, value=x, duration=None>
208.3813 	EXP 	New trial (rep=22, index=1): <Trial 89 (1 in rep 22) data={'pos': np.int64(150), 'corr_resp': 'v', 'thisN': 89, 'thisTrialN': 1, 'thisRepN': 22}>
208.3835 	DATA 	Keypress: x
208.3896 	EXP 	fixation: autoDraw = False
208.3896 	EXP 	line1: autoDraw = False
208.3896 	EXP 	line2: autoDraw = False
208.3896 	EXP 	line3: autoDraw = False
208.3896 	EXP 	line4: autoDraw = False
208.3896 	EXP 	probe: autoDraw = False
208.3896 	EXP 	fixation: autoDraw = True
208.6038 	EXP 	Device response: <KeyPress from None: t=208.37813547899714, value=x, duration=0.2242394330096431>
209.3802 	EXP 	line1: autoDraw = True
209.3802 	EXP 	line2: autoDraw = True
209.3802 	EXP 	line3: autoDraw = True
209.3802 	EXP 	line4: autoDraw = True
209.3870 	EXP 	fixation: autoDraw = False
210.3802 	INFO 	Keyboard events cleared
210.3800 	EXP 	probe: autoDraw = True
210.6552 	EXP 	Device response: <KeyPress from None: t=210.64804262999678, value=v, duration=None>
210.6556 	EXP 	New trial (rep=22, index=2): <Trial 90 (2 in rep 22) data={'pos': np.int64(50), 'corr_resp': 'c', 'thisN': 90, 'thisTrialN': 2, 'thisRepN': 22}>
210.6582 	DATA 	Keypress: v
210.6647 	EXP 	fixation: autoDraw = False
210.6647 	EXP 	line1: autoDraw = False
210.6647 	EXP 	line2: autoDraw = False
210.6647 	EXP 	line3: autoDraw = False
210.6647 	EXP 	line4: autoDraw = False
210.6647 	EXP 	probe: autoDraw = False
210.6647 	EXP 	fixation: autoDraw = True
210.8974 	EXP 	Device response: <KeyPress from None: t=210.64804262999678, value=v, duration=0.2438826879952103>
211.6542 	EXP 	line1: autoDraw = True
211.6542 	EXP 	line2: autoDraw = True
211.6542 	EXP 	line3: autoDraw = True
211.6542 	EXP 	line4: autoDraw = True
211.6634 	EXP 	fixation: autoDraw = False
212.6544 	INFO 	Keyboard events cleared
212.6542 	EXP 	probe: autoDraw = True
212.9220 	EXP 	Device response: <KeyPress from None: t=212.91387796599884, value=c, duration=None>
212.9223 	EXP 	New trial (rep=22, index=3): <Trial 91 (3 in rep 22) data={'pos': np.int64(-150), 'corr_resp': 'z', 'thisN': 91, 'thisTrialN': 3, 'thisRepN': 22}>
212.9245 	DATA 	Keypress: c
212.9299 	EXP 	fixation: autoDraw = False
212.9299 	EXP 	line1: autoDraw = False
212.9299 	EXP 	line2: autoDraw = False
212.9299 	EXP 	line3: autoDraw = False
212.9299 	EXP 	line4: autoDraw = False
212.9299 	EXP 	probe: autoDraw = False
212.9299 	EXP 	fixation: autoDraw = True
213.1040 	EXP 	Device response: <KeyPress from None: t=212.91387796599884, value=c, duration=0.1882879480253905>
213.9211 	EXP 	fixation: autoDraw = False
213.9211 	EXP 	line1: autoDraw = True
213.9211 	EXP 	line2: autoDraw = True
213.9211 	EXP 	line3: autoDraw = True
213.9211 	EXP 	line4: autoDraw = True
214.9210 	INFO 	Keyboard events cleared
214.9208 	EXP 	probe: autoDraw = True
215.4717 	EXP 	Device response: <KeyPress from None: t=215.46578410599614, value=z, duration=None>
215.4720 	EXP 	New trial (rep=23, index=0): <Trial 92 (0 in rep 23) data={'pos': np.int64(-50), 'corr_resp': 'x', 'thisN': 92, 'thisTrialN': 0, 'thisRepN': 23}>
215.4743 	DATA 	Keypress: z
215.4801 	EXP 	fixation: autoDraw = False
215.4801 	EXP 	line1: autoDraw = False
215.4801 	EXP 	line2: autoDraw = False
215.4801 	EXP 	line3: autoDraw = False
215.4801 	EXP 	line4: autoDraw = False
215.4801 	EXP 	probe: autoDraw = False
215.4801 	EXP 	fixation: autoDraw = True
215.7142 	EXP 	Device response: <KeyPress from None: t=215.46578410599614, value=z, duration=0.24037217401200905>
216.4709 	EXP 	fixation: autoDraw = False
216.4709 	EXP 	line1: autoDraw = True
216.4709 	EXP 	line2: autoDraw = True
216.4709 	EXP 	line3: autoDraw = True
216.4709 	EXP 	line4: autoDraw = True
217.4715 	INFO 	Keyboard events cleared
217.4713 	EXP 	probe: autoDraw = True
217.8378 	EXP 	Device response: <KeyPress from None: t=217.8357187359943, value=x, duration=None>
217.8381 	EXP 	New trial (rep=23, index=1): <Trial 93 (1 in rep 23) data={'pos': np.int64(150), 'corr_resp': 'v', 'thisN': 93, 'thisTrialN': 1, 'thisRepN': 23}>
217.8463 	EXP 	fixation: autoDraw = False
217.8463 	EXP 	line1: autoDraw = False
217.8463 	EXP 	line2: autoDraw = False
217.8463 	EXP 	line3: autoDraw = False
217.8463 	EXP 	line4: autoDraw = False
217.8463 	EXP 	probe: autoDraw = False
217.8463 	EXP 	fixation: autoDraw = True
217.8490 	DATA 	Keypress: x
218.0309 	EXP 	Device response: <KeyPress from None: t=217.8357187359943, value=x, duration=0.19235633604694158>
218.8372 	EXP 	fixation: autoDraw = False
218.8372 	EXP 	line1: autoDraw = True
218.8372 	EXP 	line2: autoDraw = True
218.8372 	EXP 	line3: autoDraw = True
218.8372 	EXP 	line4: autoDraw = True
219.8375 	INFO 	Keyboard events cleared
219.8372 	EXP 	probe: autoDraw = True
220.1548 	EXP 	Device response: <KeyPress from None: t=220.14762241399148, value=v, duration=None>
220.1551 	EXP 	New trial (rep=23, index=2): <Trial 94 (2 in rep 23) data={'pos': np.int64(50), 'corr_resp': 'c', 'thisN': 94, 'thisTrialN': 2, 'thisRepN': 23}>
220.1573 	DATA 	Keypress: v
220.1632 	EXP 	fixation: autoDraw = False
220.1632 	EXP 	line1: autoDraw = False
220.1632 	EXP 	line2: autoDraw = False
220.1632 	EXP 	line3: autoDraw = False
220.1632 	EXP 	line4: autoDraw = False
220.1632 	EXP 	probe: autoDraw = False
220.1632 	EXP 	fixation: autoDraw = True
220.3543 	EXP 	Device response: <KeyPress from None: t=220.14762241399148, value=v, duration=0.20027269603451714>
221.1541 	EXP 	fixation: autoDraw = False
221.1541 	EXP 	line1: autoDraw = True
221.1541 	EXP 	line2: autoDraw = True
221.1541 	EXP 	line3: autoDraw = True
221.1541 	EXP 	line4: autoDraw = True
222.1542 	INFO 	Keyboard events cleared
222.1539 	EXP 	probe: autoDraw = True
222.4142 	EXP 	Device response: <KeyPress from None: t=222.4095201350283, value=c, duration=None>
222.4144 	EXP 	New trial (rep=23, index=3): <Trial 95 (3 in rep 23) data={'pos': np.int64(-150), 'corr_resp': 'z', 'thisN': 95, 'thisTrialN': 3, 'thisRepN': 23}>
222.4166 	DATA 	Keypress: c
222.4220 	EXP 	fixation: autoDraw = False
222.4220 	EXP 	line1: autoDraw = False
222.4220 	EXP 	line2: autoDraw = False
222.4220 	EXP 	line3: autoDraw = False
222.4220 	EXP 	line4: autoDraw = False
222.4220 	EXP 	probe: autoDraw = False
222.4220 	EXP 	fixation: autoDraw = True
222.5973 	EXP 	Device response: <KeyPress from None: t=222.4095201350283, value=c, duration=0.18024727300507948>
223.4133 	EXP 	line1: autoDraw = True
223.4133 	EXP 	line2: autoDraw = True
223.4133 	EXP 	line3: autoDraw = True
223.4133 	EXP 	line4: autoDraw = True
223.4205 	EXP 	fixation: autoDraw = False
224.4043 	INFO 	Keyboard events cleared
224.4040 	EXP 	probe: autoDraw = True
224.6970 	EXP 	Device response: <KeyPress from None: t=224.69148058298742, value=z, duration=None>
224.6973 	EXP 	New trial (rep=24, index=0): <Trial 96 (0 in rep 24) data={'pos': np.int64(-50), 'corr_resp': 'x', 'thisN': 96, 'thisTrialN': 0, 'thisRepN': 24}>
224.6995 	DATA 	Keypress: z
224.7050 	EXP 	fixation: autoDraw = False
224.7050 	EXP 	line1: autoDraw = False
224.7050 	EXP 	line2: autoDraw = False
224.7050 	EXP 	line3: autoDraw = False
224.7050 	EXP 	line4: autoDraw = False
224.7050 	EXP 	probe: autoDraw = False
224.7050 	EXP 	fixation: autoDraw = True
224.9138 	EXP 	Device response: <KeyPress from None: t=224.69148058298742, value=z, duration=0.21640579705126584>
225.6873 	EXP 	line1: autoDraw = True
225.6873 	EXP 	line2: autoDraw = True
225.6873 	EXP 	line3: autoDraw = True
225.6873 	EXP 	line4: autoDraw = True
225.6968 	EXP 	fixation: autoDraw = False
226.6875 	INFO 	Keyboard events cleared
226.6872 	EXP 	probe: autoDraw = True
227.0639 	EXP 	Device response: <KeyPress from None: t=227.06154075200902, value=x, duration=None>
227.0642 	EXP 	New trial (rep=24, index=1): <Trial 97 (1 in rep 24) data={'pos': np.int64(150), 'corr_resp': 'v', 'thisN': 97, 'thisTrialN': 1, 'thisRepN': 24}>
227.0664 	DATA 	Keypress: x
227.0725 	EXP 	fixation: autoDraw = False
227.0725 	EXP 	line1: autoDraw = False
227.0725 	EXP 	line2: autoDraw = False
227.0725 	EXP 	line3: autoDraw = False
227.0725 	EXP 	line4: autoDraw = False
227.0725 	EXP 	probe: autoDraw = False
227.0725 	EXP 	fixation: autoDraw = True
227.2871 	EXP 	Device response: <KeyPress from None: t=227.06154075200902, value=x, duration=0.22413220402086154>
228.0539 	EXP 	line1: autoDraw = True
228.0539 	EXP 	line2: autoDraw = True
228.0539 	EXP 	line3: autoDraw = True
228.0539 	EXP 	line4: autoDraw = True
228.0700 	EXP 	fixation: autoDraw = False
229.0539 	INFO 	Keyboard events cleared
229.0537 	EXP 	probe: autoDraw = True
229.3138 	EXP 	Device response: <KeyPress from None: t=229.3084194320254, value=v, duration=None>
229.3141 	EXP 	New trial (rep=24, index=2): <Trial 98 (2 in rep 24) data={'pos': np.int64(50), 'corr_resp': 'c', 'thisN': 98, 'thisTrialN': 2, 'thisRepN': 24}>
229.3163 	DATA 	Keypress: v
229.3216 	EXP 	fixation: autoDraw = False
229.3216 	EXP 	line1: autoDraw = False
229.3216 	EXP 	line2: autoDraw = False
229.3216 	EXP 	line3: autoDraw = False
229.3216 	EXP 	line4: autoDraw = False
229.3216 	EXP 	probe: autoDraw = False
229.3216 	EXP 	fixation: autoDraw = True
229.5138 	EXP 	Device response: <KeyPress from None: t=229.3084194320254, value=v, duration=0.1997370789758861>
230.3041 	EXP 	line1: autoDraw = True
230.3041 	EXP 	line2: autoDraw = True
230.3041 	EXP 	line3: autoDraw = True
230.3041 	EXP 	line4: autoDraw = True
230.3133 	EXP 	fixation: autoDraw = False
231.3038 	INFO 	Keyboard events cleared
231.3036 	EXP 	probe: autoDraw = True
231.5969 	EXP 	Device response: <KeyPress from None: t=231.58710820699343, value=c, duration=None>
231.5972 	EXP 	New trial (rep=24, index=3): <Trial 99 (3 in rep 24) data={'pos': np.int64(-150), 'corr_resp': 'z', 'thisN': 99, 'thisTrialN': 3, 'thisRepN': 24}>
231.5994 	DATA 	Keypress: c
231.6048 	EXP 	fixation: autoDraw = False
231.6048 	EXP 	line1: autoDraw = False
231.6048 	EXP 	line2: autoDraw = False
231.6048 	EXP 	line3: autoDraw = False
231.6048 	EXP 	line4: autoDraw = False
231.6048 	EXP 	probe: autoDraw = False
231.6048 	EXP 	fixation: autoDraw = True
231.7372 	EXP 	Device response: <KeyPress from None: t=231.58710820699343, value=c, duration=0.144322672043927>
232.5960 	EXP 	line1: autoDraw = True
232.5960 	EXP 	line2: autoDraw = True
232.5960 	EXP 	line3: autoDraw = True
232.5960 	EXP 	line4: autoDraw = True
232.6029 	EXP 	fixation: autoDraw = False
233.5871 	INFO 	Keyboard events cleared
233.5869 	EXP 	probe: autoDraw = True
233.8546 	EXP 	Device response: <KeyPress from None: t=233.848028420005, value=z, duration=None>
233.8581 	EXP 	Imported Motor sequence/sequence_con.csv as conditions, 4 conditions, 2 params
233.8592 	EXP 	New trial (rep=0, index=0): <Trial 0 (0 in rep 0) data={'pos': np.int64(150), 'corr_resp': 'v', 'thisN': 0, 'thisTrialN': 0, 'thisRepN': 0}>
233.8625 	DATA 	Keypress: z
233.8696 	EXP 	fixation: autoDraw = False
233.8696 	EXP 	line1: autoDraw = False
233.8696 	EXP 	line2: autoDraw = False
233.8696 	EXP 	line3: autoDraw = False
233.8696 	EXP 	line4: autoDraw = False
233.8696 	EXP 	probe: autoDraw = False
233.8696 	EXP 	Fixation: autoDraw = True
234.0640 	EXP 	Device response: <KeyPress from None: t=233.848028420005, value=z, duration=0.2116914489888586>
234.8582 	EXP 	Line1: autoDraw = True
234.8582 	EXP 	Line2: autoDraw = True
234.8582 	EXP 	Line3: autoDraw = True
234.8582 	EXP 	Line4: autoDraw = True
234.8661 	EXP 	Fixation: autoDraw = False
235.8556 	INFO 	Keyboard events cleared
235.8554 	EXP 	Probe: autoDraw = True
236.2383 	EXP 	Device response: <KeyPress from None: t=236.23702711000806, value=v, duration=None>
236.2386 	EXP 	New trial (rep=1, index=1): <Trial 1 (1 in rep 1) data={'pos': np.int64(150), 'corr_resp': 'v', 'thisN': 1, 'thisTrialN': 1, 'thisRepN': 1}>
236.2465 	EXP 	Fixation: autoDraw = False
236.2465 	EXP 	Line1: autoDraw = False
236.2465 	EXP 	Line2: autoDraw = False
236.2465 	EXP 	Line3: autoDraw = False
236.2465 	EXP 	Line4: autoDraw = False
236.2465 	EXP 	Probe: autoDraw = False
236.2465 	EXP 	Fixation: autoDraw = True
236.2490 	DATA 	Keypress: v
236.4305 	EXP 	Device response: <KeyPress from None: t=236.23702711000806, value=v, duration=0.18812107399571687>
237.2367 	EXP 	Fixation: autoDraw = False
237.2367 	EXP 	Line1: autoDraw = True
237.2367 	EXP 	Line2: autoDraw = True
237.2367 	EXP 	Line3: autoDraw = True
237.2367 	EXP 	Line4: autoDraw = True
238.2379 	INFO 	Keyboard events cleared
238.2376 	EXP 	Probe: autoDraw = True
238.8140 	EXP 	Device response: <KeyPress from None: t=238.81186687102308, value=v, duration=None>
238.8143 	EXP 	New trial (rep=0, index=2): <Trial 2 (2 in rep 0) data={'pos': np.int64(-150), 'corr_resp': 'z', 'thisN': 2, 'thisTrialN': 2, 'thisRepN': 0}>
238.8166 	DATA 	Keypress: v
238.8229 	EXP 	Fixation: autoDraw = False
238.8229 	EXP 	Line1: autoDraw = False
238.8229 	EXP 	Line2: autoDraw = False
238.8229 	EXP 	Line3: autoDraw = False
238.8229 	EXP 	Line4: autoDraw = False
238.8229 	EXP 	Probe: autoDraw = False
238.8229 	EXP 	Fixation: autoDraw = True
239.0137 	EXP 	Device response: <KeyPress from None: t=238.81186687102308, value=v, duration=0.19232613599160686>
239.8133 	EXP 	Line1: autoDraw = True
239.8133 	EXP 	Line2: autoDraw = True
239.8133 	EXP 	Line3: autoDraw = True
239.8133 	EXP 	Line4: autoDraw = True
239.8198 	EXP 	Fixation: autoDraw = False
240.8045 	INFO 	Keyboard events cleared
240.8043 	EXP 	Probe: autoDraw = True
241.3044 	EXP 	Device response: <KeyPress from None: t=241.30181255703792, value=z, duration=None>
241.3046 	EXP 	Device response: <KeyPress from None: t=241.30181255703792, value=x, duration=None>
241.3049 	EXP 	New trial (rep=0, index=3): <Trial 3 (3 in rep 0) data={'pos': np.int64(-50), 'corr_resp': 'x', 'thisN': 3, 'thisTrialN': 3, 'thisRepN': 0}>
241.3072 	DATA 	Keypress: x
241.3086 	DATA 	Keypress: z
241.3289 	EXP 	Fixation: autoDraw = False
241.3289 	EXP 	Line1: autoDraw = False
241.3289 	EXP 	Line2: autoDraw = False
241.3289 	EXP 	Line3: autoDraw = False
241.3289 	EXP 	Line4: autoDraw = False
241.3289 	EXP 	Probe: autoDraw = False
241.3289 	EXP 	Fixation: autoDraw = True
241.4808 	EXP 	Device response: <KeyPress from None: t=241.30181255703792, value=x, duration=0.1718594579724595>
241.5140 	EXP 	Device response: <KeyPress from None: t=241.30181255703792, value=z, duration=0.20837676798691973>
242.3042 	EXP 	Line1: autoDraw = True
242.3042 	EXP 	Line2: autoDraw = True
242.3042 	EXP 	Line3: autoDraw = True
242.3042 	EXP 	Line4: autoDraw = True
242.3204 	EXP 	Fixation: autoDraw = False
243.3045 	INFO 	Keyboard events cleared
243.3044 	EXP 	Probe: autoDraw = True
243.7055 	EXP 	Device response: <KeyPress from None: t=243.69877547898795, value=x, duration=None>
243.7058 	EXP 	New trial (rep=1, index=4): <Trial 4 (4 in rep 1) data={'pos': np.int64(-50), 'corr_resp': 'x', 'thisN': 4, 'thisTrialN': 4, 'thisRepN': 1}>
243.7081 	DATA 	Keypress: x
243.7143 	EXP 	Fixation: autoDraw = False
243.7143 	EXP 	Line1: autoDraw = False
243.7143 	EXP 	Line2: autoDraw = False
243.7143 	EXP 	Line3: autoDraw = False
243.7143 	EXP 	Line4: autoDraw = False
243.7143 	EXP 	Probe: autoDraw = False
243.7143 	EXP 	Fixation: autoDraw = True
243.8973 	EXP 	Device response: <KeyPress from None: t=243.69877547898795, value=x, duration=0.18764519202522933>
244.7041 	EXP 	Fixation: autoDraw = False
244.7041 	EXP 	Line1: autoDraw = True
244.7041 	EXP 	Line2: autoDraw = True
244.7041 	EXP 	Line3: autoDraw = True
244.7041 	EXP 	Line4: autoDraw = True
245.7050 	INFO 	Keyboard events cleared
245.7047 	EXP 	Probe: autoDraw = True
246.3977 	EXP 	Device response: <KeyPress from None: t=246.38972795702284, value=x, duration=None>
246.3979 	EXP 	New trial (rep=2, index=5): <Trial 5 (5 in rep 2) data={'pos': np.int64(150), 'corr_resp': 'v', 'thisN': 5, 'thisTrialN': 5, 'thisRepN': 2}>
246.4002 	DATA 	Keypress: x
246.4066 	EXP 	Fixation: autoDraw = False
246.4066 	EXP 	Line1: autoDraw = False
246.4066 	EXP 	Line2: autoDraw = False
246.4066 	EXP 	Line3: autoDraw = False
246.4066 	EXP 	Line4: autoDraw = False
246.4066 	EXP 	Probe: autoDraw = False
246.4066 	EXP 	Fixation: autoDraw = True
246.6208 	EXP 	Device response: <KeyPress from None: t=246.38972795702284, value=x, duration=0.2276424439623952>
247.3969 	EXP 	Line1: autoDraw = True
247.3969 	EXP 	Line2: autoDraw = True
247.3969 	EXP 	Line3: autoDraw = True
247.3969 	EXP 	Line4: autoDraw = True
247.4036 	EXP 	Fixation: autoDraw = False
248.3969 	INFO 	Keyboard events cleared
248.3967 	EXP 	Probe: autoDraw = True
248.7217 	EXP 	Device response: <KeyPress from None: t=248.71955798001727, value=v, duration=None>
248.7220 	EXP 	New trial (rep=1, index=6): <Trial 6 (6 in rep 1) data={'pos': np.int64(-150), 'corr_resp': 'z', 'thisN': 6, 'thisTrialN': 6, 'thisRepN': 1}>
248.7301 	EXP 	Fixation: autoDraw = False
248.7301 	EXP 	Line1: autoDraw = False
248.7301 	EXP 	Line2: autoDraw = False
248.7301 	EXP 	Line3: autoDraw = False
248.7301 	EXP 	Line4: autoDraw = False
248.7301 	EXP 	Probe: autoDraw = False
248.7301 	EXP 	Fixation: autoDraw = True
248.7338 	DATA 	Keypress: v
248.9212 	EXP 	Device response: <KeyPress from None: t=248.71955798001727, value=v, duration=0.20014842099044472>
249.7206 	EXP 	Fixation: autoDraw = False
249.7206 	EXP 	Line1: autoDraw = True
249.7206 	EXP 	Line2: autoDraw = True
249.7206 	EXP 	Line3: autoDraw = True
249.7206 	EXP 	Line4: autoDraw = True
250.7211 	INFO 	Keyboard events cleared
250.7209 	EXP 	Probe: autoDraw = True
251.3884 	EXP 	Device response: <KeyPress from None: t=251.3844307840336, value=z, duration=None>
251.3887 	EXP 	New trial (rep=3, index=7): <Trial 7 (7 in rep 3) data={'pos': np.int64(150), 'corr_resp': 'v', 'thisN': 7, 'thisTrialN': 7, 'thisRepN': 3}>
251.3909 	DATA 	Keypress: z
251.3971 	EXP 	Fixation: autoDraw = False
251.3971 	EXP 	Line1: autoDraw = False
251.3971 	EXP 	Line2: autoDraw = False
251.3971 	EXP 	Line3: autoDraw = False
251.3971 	EXP 	Line4: autoDraw = False
251.3971 	EXP 	Probe: autoDraw = False
251.3971 	EXP 	Fixation: autoDraw = True
251.6542 	EXP 	Device response: <KeyPress from None: t=251.3844307840336, value=z, duration=0.2682695969706401>
252.3872 	EXP 	Fixation: autoDraw = False
252.3872 	EXP 	Line1: autoDraw = True
252.3872 	EXP 	Line2: autoDraw = True
252.3872 	EXP 	Line3: autoDraw = True
252.3872 	EXP 	Line4: autoDraw = True
253.3876 	INFO 	Keyboard events cleared
253.3874 	EXP 	Probe: autoDraw = True
254.0139 	EXP 	Device response: <KeyPress from None: t=254.0093133370392, value=v, duration=None>
254.0142 	EXP 	New trial (rep=2, index=8): <Trial 8 (8 in rep 2) data={'pos': np.int64(-50), 'corr_resp': 'x', 'thisN': 8, 'thisTrialN': 8, 'thisRepN': 2}>
254.0164 	DATA 	Keypress: v
254.0220 	EXP 	Fixation: autoDraw = False
254.0220 	EXP 	Line1: autoDraw = False
254.0220 	EXP 	Line2: autoDraw = False
254.0220 	EXP 	Line3: autoDraw = False
254.0220 	EXP 	Line4: autoDraw = False
254.0220 	EXP 	Probe: autoDraw = False
254.0220 	EXP 	Fixation: autoDraw = True
254.1968 	EXP 	Device response: <KeyPress from None: t=254.0093133370392, value=v, duration=0.18025842896895483>
255.0130 	EXP 	Line1: autoDraw = True
255.0130 	EXP 	Line2: autoDraw = True
255.0130 	EXP 	Line3: autoDraw = True
255.0130 	EXP 	Line4: autoDraw = True
255.0200 	EXP 	Fixation: autoDraw = False
256.0133 	INFO 	Keyboard events cleared
256.0131 	EXP 	Probe: autoDraw = True
256.3973 	EXP 	Device response: <KeyPress from None: t=256.3962015330326, value=x, duration=None>
256.3975 	EXP 	New trial (rep=4, index=9): <Trial 9 (9 in rep 4) data={'pos': np.int64(150), 'corr_resp': 'v', 'thisN': 9, 'thisTrialN': 9, 'thisRepN': 4}>
256.4035 	EXP 	Fixation: autoDraw = False
256.4035 	EXP 	Line1: autoDraw = False
256.4035 	EXP 	Line2: autoDraw = False
256.4035 	EXP 	Line3: autoDraw = False
256.4035 	EXP 	Line4: autoDraw = False
256.4035 	EXP 	Probe: autoDraw = False
256.4035 	EXP 	Fixation: autoDraw = True
256.4065 	DATA 	Keypress: x
256.6037 	EXP 	Device response: <KeyPress from None: t=256.3962015330326, value=x, duration=0.2043367059668526>
257.3962 	EXP 	Fixation: autoDraw = False
257.3962 	EXP 	Line1: autoDraw = True
257.3962 	EXP 	Line2: autoDraw = True
257.3962 	EXP 	Line3: autoDraw = True
257.3962 	EXP 	Line4: autoDraw = True
258.3966 	INFO 	Keyboard events cleared
258.3964 	EXP 	Probe: autoDraw = True
258.9549 	EXP 	Device response: <KeyPress from None: t=258.9491223199875, value=v, duration=None>
258.9552 	EXP 	New trial (rep=0, index=10): <Trial 10 (10 in rep 0) data={'pos': np.int64(50), 'corr_resp': 'c', 'thisN': 10, 'thisTrialN': 10, 'thisRepN': 0}>
258.9575 	DATA 	Keypress: v
258.9635 	EXP 	Fixation: autoDraw = False
258.9635 	EXP 	Line1: autoDraw = False
258.9635 	EXP 	Line2: autoDraw = False
258.9635 	EXP 	Line3: autoDraw = False
258.9635 	EXP 	Line4: autoDraw = False
258.9635 	EXP 	Probe: autoDraw = False
258.9635 	EXP 	Fixation: autoDraw = True
259.1370 	EXP 	Device response: <KeyPress from None: t=258.9491223199875, value=v, duration=0.18463046703254804>
259.9534 	EXP 	Fixation: autoDraw = False
259.9534 	EXP 	Line1: autoDraw = True
259.9534 	EXP 	Line2: autoDraw = True
259.9534 	EXP 	Line3: autoDraw = True
259.9534 	EXP 	Line4: autoDraw = True
260.9540 	INFO 	Keyboard events cleared
260.9538 	EXP 	Probe: autoDraw = True
261.4138 	EXP 	Device response: <KeyPress from None: t=261.4099399209954, value=c, duration=None>
261.4141 	EXP 	New trial (rep=1, index=11): <Trial 11 (11 in rep 1) data={'pos': np.int64(50), 'corr_resp': 'c', 'thisN': 11, 'thisTrialN': 11, 'thisRepN': 1}>
261.4163 	DATA 	Keypress: c
261.4220 	EXP 	Fixation: autoDraw = False
261.4220 	EXP 	Line1: autoDraw = False
261.4220 	EXP 	Line2: autoDraw = False
261.4220 	EXP 	Line3: autoDraw = False
261.4220 	EXP 	Line4: autoDraw = False
261.4220 	EXP 	Probe: autoDraw = False
261.4220 	EXP 	Fixation: autoDraw = True
261.5802 	EXP 	Device response: <KeyPress from None: t=261.4099399209954, value=c, duration=0.1639453879906796>
262.4036 	EXP 	Line1: autoDraw = True
262.4036 	EXP 	Line2: autoDraw = True
262.4036 	EXP 	Line3: autoDraw = True
262.4036 	EXP 	Line4: autoDraw = True
262.4195 	EXP 	Fixation: autoDraw = False
263.4132 	INFO 	Keyboard events cleared
263.4130 	EXP 	Probe: autoDraw = True
263.8380 	EXP 	Device response: <KeyPress from None: t=263.8328837529989, value=c, duration=None>
263.8383 	EXP 	New trial (rep=2, index=12): <Trial 12 (12 in rep 2) data={'pos': np.int64(50), 'corr_resp': 'c', 'thisN': 12, 'thisTrialN': 12, 'thisRepN': 2}>
263.8406 	DATA 	Keypress: c
263.8466 	EXP 	Fixation: autoDraw = False
263.8466 	EXP 	Line1: autoDraw = False
263.8466 	EXP 	Line2: autoDraw = False
263.8466 	EXP 	Line3: autoDraw = False
263.8466 	EXP 	Line4: autoDraw = False
263.8466 	EXP 	Probe: autoDraw = False
263.8466 	EXP 	Fixation: autoDraw = True
264.0203 	EXP 	Device response: <KeyPress from None: t=263.8328837529989, value=c, duration=0.18422911799279973>
264.8368 	EXP 	Fixation: autoDraw = False
264.8368 	EXP 	Line1: autoDraw = True
264.8368 	EXP 	Line2: autoDraw = True
264.8368 	EXP 	Line3: autoDraw = True
264.8368 	EXP 	Line4: autoDraw = True
265.8368 	INFO 	Keyboard events cleared
265.8366 	EXP 	Probe: autoDraw = True
266.3637 	EXP 	Device response: <KeyPress from None: t=266.36079490202246, value=c, duration=None>
266.3640 	EXP 	New trial (rep=3, index=13): <Trial 13 (13 in rep 3) data={'pos': np.int64(-50), 'corr_resp': 'x', 'thisN': 13, 'thisTrialN': 13, 'thisRepN': 3}>
266.3662 	DATA 	Keypress: c
266.3718 	EXP 	Fixation: autoDraw = False
266.3718 	EXP 	Line1: autoDraw = False
266.3718 	EXP 	Line2: autoDraw = False
266.3718 	EXP 	Line3: autoDraw = False
266.3718 	EXP 	Line4: autoDraw = False
266.3718 	EXP 	Probe: autoDraw = False
266.3718 	EXP 	Fixation: autoDraw = True
266.5633 	EXP 	Device response: <KeyPress from None: t=266.36079490202246, value=c, duration=0.19607776997145265>
267.3535 	EXP 	Line1: autoDraw = True
267.3535 	EXP 	Line2: autoDraw = True
267.3535 	EXP 	Line3: autoDraw = True
267.3535 	EXP 	Line4: autoDraw = True
267.3694 	EXP 	Fixation: autoDraw = False
268.3632 	INFO 	Keyboard events cleared
268.3629 	EXP 	Probe: autoDraw = True
268.7214 	EXP 	Device response: <KeyPress from None: t=268.71673206600826, value=x, duration=None>
268.7217 	EXP 	New trial (rep=2, index=14): <Trial 14 (14 in rep 2) data={'pos': np.int64(-150), 'corr_resp': 'z', 'thisN': 14, 'thisTrialN': 14, 'thisRepN': 2}>
268.7240 	DATA 	Keypress: x
268.7301 	EXP 	Fixation: autoDraw = False
268.7301 	EXP 	Line1: autoDraw = False
268.7301 	EXP 	Line2: autoDraw = False
268.7301 	EXP 	Line3: autoDraw = False
268.7301 	EXP 	Line4: autoDraw = False
268.7301 	EXP 	Probe: autoDraw = False
268.7301 	EXP 	Fixation: autoDraw = True
268.9306 	EXP 	Device response: <KeyPress from None: t=268.71673206600826, value=x, duration=0.2122239270247519>
269.7195 	EXP 	Fixation: autoDraw = False
269.7195 	EXP 	Line1: autoDraw = True
269.7195 	EXP 	Line2: autoDraw = True
269.7195 	EXP 	Line3: autoDraw = True
269.7195 	EXP 	Line4: autoDraw = True
270.7207 	INFO 	Keyboard events cleared
270.7205 	EXP 	Probe: autoDraw = True
271.5380 	EXP 	Device response: <KeyPress from None: t=271.53240765002556, value=z, duration=None>
271.5383 	EXP 	New trial (rep=3, index=15): <Trial 15 (15 in rep 3) data={'pos': np.int64(50), 'corr_resp': 'c', 'thisN': 15, 'thisTrialN': 15, 'thisRepN': 3}>
271.5405 	DATA 	Keypress: z
271.5465 	EXP 	Fixation: autoDraw = False
271.5465 	EXP 	Line1: autoDraw = False
271.5465 	EXP 	Line2: autoDraw = False
271.5465 	EXP 	Line3: autoDraw = False
271.5465 	EXP 	Line4: autoDraw = False
271.5465 	EXP 	Probe: autoDraw = False
271.5465 	EXP 	Fixation: autoDraw = True
271.7633 	EXP 	Device response: <KeyPress from None: t=271.53240765002556, value=z, duration=0.22047558100894094>
272.5367 	EXP 	Fixation: autoDraw = False
272.5367 	EXP 	Line1: autoDraw = True
272.5367 	EXP 	Line2: autoDraw = True
272.5367 	EXP 	Line3: autoDraw = True
272.5367 	EXP 	Line4: autoDraw = True
273.5373 	INFO 	Keyboard events cleared
273.5371 	EXP 	Probe: autoDraw = True
273.8541 	EXP 	Device response: <KeyPress from None: t=273.8466533939936, value=c, duration=None>
273.8545 	EXP 	New trial (rep=5, index=16): <Trial 16 (16 in rep 5) data={'pos': np.int64(150), 'corr_resp': 'v', 'thisN': 16, 'thisTrialN': 16, 'thisRepN': 5}>
273.8571 	DATA 	Keypress: c
273.8633 	EXP 	Fixation: autoDraw = False
273.8633 	EXP 	Line1: autoDraw = False
273.8633 	EXP 	Line2: autoDraw = False
273.8633 	EXP 	Line3: autoDraw = False
273.8633 	EXP 	Line4: autoDraw = False
273.8633 	EXP 	Probe: autoDraw = False
273.8633 	EXP 	Fixation: autoDraw = True
274.0301 	EXP 	Device response: <KeyPress from None: t=273.8466533939936, value=c, duration=0.18009594199247658>
274.8533 	EXP 	Fixation: autoDraw = False
274.8533 	EXP 	Line1: autoDraw = True
274.8533 	EXP 	Line2: autoDraw = True
274.8533 	EXP 	Line3: autoDraw = True
274.8533 	EXP 	Line4: autoDraw = True
275.8539 	INFO 	Keyboard events cleared
275.8536 	EXP 	Probe: autoDraw = True
276.2042 	EXP 	Device response: <KeyPress from None: t=276.20139169099275, value=c, duration=None>
276.2045 	EXP 	New trial (rep=4, index=17): <Trial 17 (17 in rep 4) data={'pos': np.int64(-50), 'corr_resp': 'x', 'thisN': 17, 'thisTrialN': 17, 'thisRepN': 4}>
276.2068 	DATA 	Keypress: c
276.2129 	EXP 	Fixation: autoDraw = False
276.2129 	EXP 	Line1: autoDraw = False
276.2129 	EXP 	Line2: autoDraw = False
276.2129 	EXP 	Line3: autoDraw = False
276.2129 	EXP 	Line4: autoDraw = False
276.2129 	EXP 	Probe: autoDraw = False
276.2129 	EXP 	Fixation: autoDraw = True
276.3469 	EXP 	Device response: <KeyPress from None: t=276.20139169099275, value=c, duration=0.14026510500116274>
277.2031 	EXP 	Fixation: autoDraw = False
277.2031 	EXP 	Line1: autoDraw = True
277.2031 	EXP 	Line2: autoDraw = True
277.2031 	EXP 	Line3: autoDraw = True
277.2031 	EXP 	Line4: autoDraw = True
278.2038 	INFO 	Keyboard events cleared
278.2036 	EXP 	Probe: autoDraw = True
278.5300 	EXP 	Device response: <KeyPress from None: t=278.52350890502566, value=x, duration=None>
278.5303 	EXP 	New trial (rep=4, index=18): <Trial 18 (18 in rep 4) data={'pos': np.int64(50), 'corr_resp': 'c', 'thisN': 18, 'thisTrialN': 18, 'thisRepN': 4}>
278.5325 	DATA 	Keypress: x
278.5387 	EXP 	Fixation: autoDraw = False
278.5387 	EXP 	Line1: autoDraw = False
278.5387 	EXP 	Line2: autoDraw = False
278.5387 	EXP 	Line3: autoDraw = False
278.5387 	EXP 	Line4: autoDraw = False
278.5387 	EXP 	Probe: autoDraw = False
278.5387 	EXP 	Fixation: autoDraw = True
278.7034 	EXP 	Device response: <KeyPress from None: t=278.52350890502566, value=x, duration=0.17606701800832525>
279.5199 	EXP 	Line1: autoDraw = True
279.5199 	EXP 	Line2: autoDraw = True
279.5199 	EXP 	Line3: autoDraw = True
279.5199 	EXP 	Line4: autoDraw = True
279.5363 	EXP 	Fixation: autoDraw = False
280.5204 	INFO 	Keyboard events cleared
280.5201 	EXP 	Probe: autoDraw = True
280.9970 	EXP 	Device response: <KeyPress from None: t=280.99214903701795, value=c, duration=None>
280.9972 	EXP 	New trial (rep=3, index=19): <Trial 19 (19 in rep 3) data={'pos': np.int64(-150), 'corr_resp': 'z', 'thisN': 19, 'thisTrialN': 19, 'thisRepN': 3}>
280.9995 	DATA 	Keypress: c
281.0051 	EXP 	Fixation: autoDraw = False
281.0051 	EXP 	Line1: autoDraw = False
281.0051 	EXP 	Line2: autoDraw = False
281.0051 	EXP 	Line3: autoDraw = False
281.0051 	EXP 	Line4: autoDraw = False
281.0051 	EXP 	Probe: autoDraw = False
281.0051 	EXP 	Fixation: autoDraw = True
281.2029 	EXP 	Device response: <KeyPress from None: t=280.99214903701795, value=c, duration=0.2083135179709643>
281.9960 	EXP 	Line1: autoDraw = True
281.9960 	EXP 	Line2: autoDraw = True
281.9960 	EXP 	Line3: autoDraw = True
281.9960 	EXP 	Line4: autoDraw = True
282.0026 	EXP 	Fixation: autoDraw = False
282.9960 	INFO 	Keyboard events cleared
282.9958 	EXP 	Probe: autoDraw = True
283.5205 	EXP 	Device response: <KeyPress from None: t=283.5192142140004, value=z, duration=None>
283.5208 	EXP 	New trial (rep=5, index=20): <Trial 20 (20 in rep 5) data={'pos': np.int64(50), 'corr_resp': 'c', 'thisN': 20, 'thisTrialN': 20, 'thisRepN': 5}>
283.5290 	EXP 	Fixation: autoDraw = False
283.5290 	EXP 	Line1: autoDraw = False
283.5290 	EXP 	Line2: autoDraw = False
283.5290 	EXP 	Line3: autoDraw = False
283.5290 	EXP 	Line4: autoDraw = False
283.5290 	EXP 	Probe: autoDraw = False
283.5290 	EXP 	Fixation: autoDraw = True
283.5312 	DATA 	Keypress: z
283.7631 	EXP 	Device response: <KeyPress from None: t=283.5192142140004, value=z, duration=0.23633984802290797>
284.5197 	EXP 	Fixation: autoDraw = False
284.5197 	EXP 	Line1: autoDraw = True
284.5197 	EXP 	Line2: autoDraw = True
284.5197 	EXP 	Line3: autoDraw = True
284.5197 	EXP 	Line4: autoDraw = True
285.5205 	INFO 	Keyboard events cleared
285.5202 	EXP 	Probe: autoDraw = True
285.8709 	EXP 	Device response: <KeyPress from None: t=285.8680516650202, value=c, duration=None>
285.8712 	EXP 	New trial (rep=6, index=21): <Trial 21 (21 in rep 6) data={'pos': np.int64(50), 'corr_resp': 'c', 'thisN': 21, 'thisTrialN': 21, 'thisRepN': 6}>
285.8734 	DATA 	Keypress: c
285.8797 	EXP 	Fixation: autoDraw = False
285.8797 	EXP 	Line1: autoDraw = False
285.8797 	EXP 	Line2: autoDraw = False
285.8797 	EXP 	Line3: autoDraw = False
285.8797 	EXP 	Line4: autoDraw = False
285.8797 	EXP 	Probe: autoDraw = False
285.8797 	EXP 	Fixation: autoDraw = True
286.0635 	EXP 	Device response: <KeyPress from None: t=285.8680516650202, value=c, duration=0.19222659396473318>
286.8697 	EXP 	Fixation: autoDraw = False
286.8697 	EXP 	Line1: autoDraw = True
286.8697 	EXP 	Line2: autoDraw = True
286.8697 	EXP 	Line3: autoDraw = True
286.8697 	EXP 	Line4: autoDraw = True
287.8704 	INFO 	Keyboard events cleared
287.8702 	EXP 	Probe: autoDraw = True
288.1966 	EXP 	Device response: <KeyPress from None: t=288.1888119360083, value=c, duration=None>
288.1969 	EXP 	New trial (rep=7, index=22): <Trial 22 (22 in rep 7) data={'pos': np.int64(50), 'corr_resp': 'c', 'thisN': 22, 'thisTrialN': 22, 'thisRepN': 7}>
288.1992 	DATA 	Keypress: c
288.2055 	EXP 	Fixation: autoDraw = False
288.2055 	EXP 	Line1: autoDraw = False
288.2055 	EXP 	Line2: autoDraw = False
288.2055 	EXP 	Line3: autoDraw = False
288.2055 	EXP 	Line4: autoDraw = False
288.2055 	EXP 	Probe: autoDraw = False
288.2055 	EXP 	Fixation: autoDraw = True
288.3799 	EXP 	Device response: <KeyPress from None: t=288.1888119360083, value=c, duration=0.18488145503215492>
289.1871 	EXP 	Line1: autoDraw = True
289.1871 	EXP 	Line2: autoDraw = True
289.1871 	EXP 	Line3: autoDraw = True
289.1871 	EXP 	Line4: autoDraw = True
289.2024 	EXP 	Fixation: autoDraw = False
290.1867 	INFO 	Keyboard events cleared
290.1864 	EXP 	Probe: autoDraw = True
290.5135 	EXP 	Device response: <KeyPress from None: t=290.5119410090265, value=c, duration=None>
290.5137 	EXP 	New trial (rep=4, index=23): <Trial 23 (23 in rep 4) data={'pos': np.int64(-150), 'corr_resp': 'z', 'thisN': 23, 'thisTrialN': 23, 'thisRepN': 4}>
290.5196 	EXP 	Fixation: autoDraw = False
290.5196 	EXP 	Line1: autoDraw = False
290.5196 	EXP 	Line2: autoDraw = False
290.5196 	EXP 	Line3: autoDraw = False
290.5196 	EXP 	Line4: autoDraw = False
290.5196 	EXP 	Probe: autoDraw = False
290.5196 	EXP 	Fixation: autoDraw = True
290.5223 	DATA 	Keypress: c
290.6965 	EXP 	Device response: <KeyPress from None: t=290.5119410090265, value=c, duration=0.1761582699837163>
291.5125 	EXP 	Fixation: autoDraw = False
291.5125 	EXP 	Line1: autoDraw = True
291.5125 	EXP 	Line2: autoDraw = True
291.5125 	EXP 	Line3: autoDraw = True
291.5125 	EXP 	Line4: autoDraw = True
292.5128 	INFO 	Keyboard events cleared
292.5126 	EXP 	Probe: autoDraw = True
293.1631 	EXP 	Device response: <KeyPress from None: t=293.1546185790212, value=z, duration=None>
293.1633 	EXP 	New trial (rep=5, index=24): <Trial 24 (24 in rep 5) data={'pos': np.int64(-150), 'corr_resp': 'z', 'thisN': 24, 'thisTrialN': 24, 'thisRepN': 5}>
293.1655 	DATA 	Keypress: z
293.1717 	EXP 	Fixation: autoDraw = False
293.1717 	EXP 	Line1: autoDraw = False
293.1717 	EXP 	Line2: autoDraw = False
293.1717 	EXP 	Line3: autoDraw = False
293.1717 	EXP 	Line4: autoDraw = False
293.1717 	EXP 	Probe: autoDraw = False
293.1717 	EXP 	Fixation: autoDraw = True
293.4528 	EXP 	Device response: <KeyPress from None: t=293.1546185790212, value=z, duration=0.2923667610157281>
294.1533 	EXP 	Line1: autoDraw = True
294.1533 	EXP 	Line2: autoDraw = True
294.1533 	EXP 	Line3: autoDraw = True
294.1533 	EXP 	Line4: autoDraw = True
294.1696 	EXP 	Fixation: autoDraw = False
295.1538 	INFO 	Keyboard events cleared
295.1536 	EXP 	Probe: autoDraw = True
295.5875 	EXP 	Device response: <KeyPress from None: t=295.58066437602974, value=z, duration=None>
295.5878 	EXP 	New trial (rep=8, index=25): <Trial 25 (25 in rep 8) data={'pos': np.int64(50), 'corr_resp': 'c', 'thisN': 25, 'thisTrialN': 25, 'thisRepN': 8}>
295.5901 	DATA 	Keypress: z
295.5962 	EXP 	Fixation: autoDraw = False
295.5962 	EXP 	Line1: autoDraw = False
295.5962 	EXP 	Line2: autoDraw = False
295.5962 	EXP 	Line3: autoDraw = False
295.5962 	EXP 	Line4: autoDraw = False
295.5962 	EXP 	Probe: autoDraw = False
295.5962 	EXP 	Fixation: autoDraw = True
295.8197 	EXP 	Device response: <KeyPress from None: t=295.58066437602974, value=z, duration=0.23243390599964187>
296.5854 	EXP 	Fixation: autoDraw = False
296.5854 	EXP 	Line1: autoDraw = True
296.5854 	EXP 	Line2: autoDraw = True
296.5854 	EXP 	Line3: autoDraw = True
296.5854 	EXP 	Line4: autoDraw = True
297.5871 	INFO 	Keyboard events cleared
297.5869 	EXP 	Probe: autoDraw = True
298.0530 	EXP 	Device response: <KeyPress from None: t=298.0515753850341, value=c, duration=None>
298.0534 	EXP 	New trial (rep=6, index=26): <Trial 26 (26 in rep 6) data={'pos': np.int64(-150), 'corr_resp': 'z', 'thisN': 26, 'thisTrialN': 26, 'thisRepN': 6}>
298.0620 	EXP 	Fixation: autoDraw = False
298.0620 	EXP 	Line1: autoDraw = False
298.0620 	EXP 	Line2: autoDraw = False
298.0620 	EXP 	Line3: autoDraw = False
298.0620 	EXP 	Line4: autoDraw = False
298.0620 	EXP 	Probe: autoDraw = False
298.0620 	EXP 	Fixation: autoDraw = True
298.0642 	DATA 	Keypress: c
298.2967 	EXP 	Device response: <KeyPress from None: t=298.0515753850341, value=c, duration=0.2403397269663401>
299.0529 	EXP 	Fixation: autoDraw = False
299.0529 	EXP 	Line1: autoDraw = True
299.0529 	EXP 	Line2: autoDraw = True
299.0529 	EXP 	Line3: autoDraw = True
299.0529 	EXP 	Line4: autoDraw = True
300.0460 	INFO 	Keyboard events cleared
300.0458 	EXP 	Probe: autoDraw = True
300.4037 	EXP 	Device response: <KeyPress from None: t=300.39742716099136, value=z, duration=None>
300.4040 	EXP 	New trial (rep=6, index=27): <Trial 27 (27 in rep 6) data={'pos': np.int64(150), 'corr_resp': 'v', 'thisN': 27, 'thisTrialN': 27, 'thisRepN': 6}>
300.4062 	DATA 	Keypress: z
300.4122 	EXP 	Fixation: autoDraw = False
300.4122 	EXP 	Line1: autoDraw = False
300.4122 	EXP 	Line2: autoDraw = False
300.4122 	EXP 	Line3: autoDraw = False
300.4122 	EXP 	Line4: autoDraw = False
300.4122 	EXP 	Probe: autoDraw = False
300.4122 	EXP 	Fixation: autoDraw = True
300.6198 	EXP 	Device response: <KeyPress from None: t=300.39742716099136, value=z, duration=0.22027763701044023>
301.4023 	EXP 	Fixation: autoDraw = False
301.4023 	EXP 	Line1: autoDraw = True
301.4023 	EXP 	Line2: autoDraw = True
301.4023 	EXP 	Line3: autoDraw = True
301.4023 	EXP 	Line4: autoDraw = True
302.4034 	INFO 	Keyboard events cleared
302.4032 	EXP 	Probe: autoDraw = True
302.7962 	EXP 	Device response: <KeyPress from None: t=302.7883255670313, value=v, duration=None>
302.7965 	EXP 	New trial (rep=7, index=28): <Trial 28 (28 in rep 7) data={'pos': np.int64(-150), 'corr_resp': 'z', 'thisN': 28, 'thisTrialN': 28, 'thisRepN': 7}>
302.7988 	DATA 	Keypress: v
302.8044 	EXP 	Fixation: autoDraw = False
302.8044 	EXP 	Line1: autoDraw = False
302.8044 	EXP 	Line2: autoDraw = False
302.8044 	EXP 	Line3: autoDraw = False
302.8044 	EXP 	Line4: autoDraw = False
302.8044 	EXP 	Probe: autoDraw = False
302.8044 	EXP 	Fixation: autoDraw = True
302.9959 	EXP 	Device response: <KeyPress from None: t=302.7883255670313, value=v, duration=0.20029660500586033>
303.7860 	EXP 	Line1: autoDraw = True
303.7860 	EXP 	Line2: autoDraw = True
303.7860 	EXP 	Line3: autoDraw = True
303.7860 	EXP 	Line4: autoDraw = True
303.8020 	EXP 	Fixation: autoDraw = False
304.7868 	INFO 	Keyboard events cleared
304.7866 	EXP 	Probe: autoDraw = True
305.1633 	EXP 	Device response: <KeyPress from None: t=305.1615485770162, value=z, duration=None>
305.1636 	EXP 	New trial (rep=9, index=29): <Trial 29 (29 in rep 9) data={'pos': np.int64(50), 'corr_resp': 'c', 'thisN': 29, 'thisTrialN': 29, 'thisRepN': 9}>
305.1693 	EXP 	Fixation: autoDraw = False
305.1693 	EXP 	Line1: autoDraw = False
305.1693 	EXP 	Line2: autoDraw = False
305.1693 	EXP 	Line3: autoDraw = False
305.1693 	EXP 	Line4: autoDraw = False
305.1693 	EXP 	Probe: autoDraw = False
305.1693 	EXP 	Fixation: autoDraw = True
305.1722 	DATA 	Keypress: z
305.3964 	EXP 	Device response: <KeyPress from None: t=305.1615485770162, value=z, duration=0.23206088197184727>
306.1622 	EXP 	Fixation: autoDraw = False
306.1622 	EXP 	Line1: autoDraw = True
306.1622 	EXP 	Line2: autoDraw = True
306.1622 	EXP 	Line3: autoDraw = True
306.1622 	EXP 	Line4: autoDraw = True
307.1625 	INFO 	Keyboard events cleared
307.1622 	EXP 	Probe: autoDraw = True
307.6131 	EXP 	Device response: <KeyPress from None: t=307.60820532700745, value=c, duration=None>
307.6134 	EXP 	New trial (rep=10, index=30): <Trial 30 (30 in rep 10) data={'pos': np.int64(50), 'corr_resp': 'c', 'thisN': 30, 'thisTrialN': 30, 'thisRepN': 10}>
307.6156 	DATA 	Keypress: c
307.6216 	EXP 	Fixation: autoDraw = False
307.6216 	EXP 	Line1: autoDraw = False
307.6216 	EXP 	Line2: autoDraw = False
307.6216 	EXP 	Line3: autoDraw = False
307.6216 	EXP 	Line4: autoDraw = False
307.6216 	EXP 	Probe: autoDraw = False
307.6216 	EXP 	Fixation: autoDraw = True
307.8028 	EXP 	Device response: <KeyPress from None: t=307.60820532700745, value=c, duration=0.19213713001227006>
308.6121 	EXP 	Line1: autoDraw = True
308.6121 	EXP 	Line2: autoDraw = True
308.6121 	EXP 	Line3: autoDraw = True
308.6121 	EXP 	Line4: autoDraw = True
308.6190 	EXP 	Fixation: autoDraw = False
309.6124 	INFO 	Keyboard events cleared
309.6121 	EXP 	Probe: autoDraw = True
310.8797 	EXP 	Device response: <KeyPress from None: t=310.87830958602717, value=c, duration=None>
310.8800 	EXP 	New trial (rep=5, index=31): <Trial 31 (31 in rep 5) data={'pos': np.int64(-50), 'corr_resp': 'x', 'thisN': 31, 'thisTrialN': 31, 'thisRepN': 5}>
310.8857 	EXP 	Fixation: autoDraw = False
310.8857 	EXP 	Line1: autoDraw = False
310.8857 	EXP 	Line2: autoDraw = False
310.8857 	EXP 	Line3: autoDraw = False
310.8857 	EXP 	Line4: autoDraw = False
310.8857 	EXP 	Probe: autoDraw = False
310.8857 	EXP 	Fixation: autoDraw = True
310.8887 	DATA 	Keypress: c
311.1029 	EXP 	Device response: <KeyPress from None: t=310.87830958602717, value=c, duration=0.22010811499785632>
311.8788 	EXP 	Fixation: autoDraw = False
311.8788 	EXP 	Line1: autoDraw = True
311.8788 	EXP 	Line2: autoDraw = True
311.8788 	EXP 	Line3: autoDraw = True
311.8788 	EXP 	Line4: autoDraw = True
312.8790 	INFO 	Keyboard events cleared
312.8788 	EXP 	Probe: autoDraw = True
313.5294 	EXP 	Device response: <KeyPress from None: t=313.52291877003154, value=x, duration=None>
313.5296 	EXP 	New trial (rep=8, index=32): <Trial 32 (32 in rep 8) data={'pos': np.int64(-150), 'corr_resp': 'z', 'thisN': 32, 'thisTrialN': 32, 'thisRepN': 8}>
313.5318 	DATA 	Keypress: x
313.5379 	EXP 	Fixation: autoDraw = False
313.5379 	EXP 	Line1: autoDraw = False
313.5379 	EXP 	Line2: autoDraw = False
313.5379 	EXP 	Line3: autoDraw = False
313.5379 	EXP 	Line4: autoDraw = False
313.5379 	EXP 	Probe: autoDraw = False
313.5379 	EXP 	Fixation: autoDraw = True
313.6966 	EXP 	Device response: <KeyPress from None: t=313.52291877003154, value=x, duration=0.17222709796624258>
314.5191 	EXP 	Line1: autoDraw = True
314.5191 	EXP 	Line2: autoDraw = True
314.5191 	EXP 	Line3: autoDraw = True
314.5191 	EXP 	Line4: autoDraw = True
314.5349 	EXP 	Fixation: autoDraw = False
315.5200 	INFO 	Keyboard events cleared
315.5197 	EXP 	Probe: autoDraw = True
316.1961 	EXP 	Device response: <KeyPress from None: t=316.1911731790169, value=z, duration=None>
316.1964 	EXP 	New trial (rep=6, index=33): <Trial 33 (33 in rep 6) data={'pos': np.int64(-50), 'corr_resp': 'x', 'thisN': 33, 'thisTrialN': 33, 'thisRepN': 6}>
316.1986 	DATA 	Keypress: z
316.2041 	EXP 	Fixation: autoDraw = False
316.2041 	EXP 	Line1: autoDraw = False
316.2041 	EXP 	Line2: autoDraw = False
316.2041 	EXP 	Line3: autoDraw = False
316.2041 	EXP 	Line4: autoDraw = False
316.2041 	EXP 	Probe: autoDraw = False
316.2041 	EXP 	Fixation: autoDraw = True
316.3792 	EXP 	Device response: <KeyPress from None: t=316.1911731790169, value=z, duration=0.17992312100250274>
317.1858 	EXP 	Line1: autoDraw = True
317.1858 	EXP 	Line2: autoDraw = True
317.1858 	EXP 	Line3: autoDraw = True
317.1858 	EXP 	Line4: autoDraw = True
317.2016 	EXP 	Fixation: autoDraw = False
318.1863 	INFO 	Keyboard events cleared
318.1860 	EXP 	Probe: autoDraw = True
321.1295 	EXP 	Device response: <KeyPress from None: t=321.12796035100473, value=x, duration=None>
321.1298 	EXP 	New trial (rep=9, index=34): <Trial 34 (34 in rep 9) data={'pos': np.int64(-150), 'corr_resp': 'z', 'thisN': 34, 'thisTrialN': 34, 'thisRepN': 9}>
321.1355 	EXP 	Fixation: autoDraw = False
321.1355 	EXP 	Line1: autoDraw = False
321.1355 	EXP 	Line2: autoDraw = False
321.1355 	EXP 	Line3: autoDraw = False
321.1355 	EXP 	Line4: autoDraw = False
321.1355 	EXP 	Probe: autoDraw = False
321.1355 	EXP 	Fixation: autoDraw = True
321.1383 	DATA 	Keypress: x
321.2792 	EXP 	Device response: <KeyPress from None: t=321.12796035100473, value=x, duration=0.14607877901289612>
322.1286 	EXP 	Fixation: autoDraw = False
322.1286 	EXP 	Line1: autoDraw = True
322.1286 	EXP 	Line2: autoDraw = True
322.1286 	EXP 	Line3: autoDraw = True
322.1286 	EXP 	Line4: autoDraw = True
323.1289 	INFO 	Keyboard events cleared
323.1287 	EXP 	Probe: autoDraw = True
324.0625 	EXP 	Device response: <KeyPress from None: t=324.0559953210177, value=z, duration=None>
324.0628 	EXP 	New trial (rep=10, index=35): <Trial 35 (35 in rep 10) data={'pos': np.int64(-150), 'corr_resp': 'z', 'thisN': 35, 'thisTrialN': 35, 'thisRepN': 10}>
324.0650 	DATA 	Keypress: z
324.0704 	EXP 	Fixation: autoDraw = False
324.0704 	EXP 	Line1: autoDraw = False
324.0704 	EXP 	Line2: autoDraw = False
324.0704 	EXP 	Line3: autoDraw = False
324.0704 	EXP 	Line4: autoDraw = False
324.0704 	EXP 	Probe: autoDraw = False
324.0704 	EXP 	Fixation: autoDraw = True
324.1794 	EXP 	Device response: <KeyPress from None: t=324.0559953210177, value=z, duration=0.11292420799145475>
325.0526 	EXP 	Line1: autoDraw = True
325.0526 	EXP 	Line2: autoDraw = True
325.0526 	EXP 	Line3: autoDraw = True
325.0526 	EXP 	Line4: autoDraw = True
325.0681 	EXP 	Fixation: autoDraw = False
326.0525 	INFO 	Keyboard events cleared
326.0523 	EXP 	Probe: autoDraw = True
327.0029 	EXP 	Device response: <KeyPress from None: t=326.99548710498493, value=z, duration=None>
327.0032 	EXP 	New trial (rep=7, index=36): <Trial 36 (36 in rep 7) data={'pos': np.int64(-50), 'corr_resp': 'x', 'thisN': 36, 'thisTrialN': 36, 'thisRepN': 7}>
327.0056 	DATA 	Keypress: z
327.0114 	EXP 	Fixation: autoDraw = False
327.0114 	EXP 	Line1: autoDraw = False
327.0114 	EXP 	Line2: autoDraw = False
327.0114 	EXP 	Line3: autoDraw = False
327.0114 	EXP 	Line4: autoDraw = False
327.0114 	EXP 	Probe: autoDraw = False
327.0114 	EXP 	Fixation: autoDraw = True
327.1858 	EXP 	Device response: <KeyPress from None: t=326.99548710498493, value=z, duration=0.18815328704658896>
328.0020 	EXP 	Fixation: autoDraw = False
328.0020 	EXP 	Line1: autoDraw = True
328.0020 	EXP 	Line2: autoDraw = True
328.0020 	EXP 	Line3: autoDraw = True
328.0020 	EXP 	Line4: autoDraw = True
329.0122 	INFO 	Keyboard events cleared
329.0120 	EXP 	Probe: autoDraw = True
329.6880 	EXP 	Device response: <KeyPress from None: t=329.68041300802724, value=x, duration=None>
329.6882 	EXP 	New trial (rep=7, index=37): <Trial 37 (37 in rep 7) data={'pos': np.int64(150), 'corr_resp': 'v', 'thisN': 37, 'thisTrialN': 37, 'thisRepN': 7}>
329.6905 	DATA 	Keypress: x
329.7114 	EXP 	Fixation: autoDraw = False
329.7114 	EXP 	Line1: autoDraw = False
329.7114 	EXP 	Line2: autoDraw = False
329.7114 	EXP 	Line3: autoDraw = False
329.7114 	EXP 	Line4: autoDraw = False
329.7114 	EXP 	Probe: autoDraw = False
329.7114 	EXP 	Fixation: autoDraw = True
329.8461 	EXP 	Device response: <KeyPress from None: t=329.68041300802724, value=x, duration=0.15605658799177036>
330.6865 	EXP 	Line1: autoDraw = True
330.6865 	EXP 	Line2: autoDraw = True
330.6865 	EXP 	Line3: autoDraw = True
330.6865 	EXP 	Line4: autoDraw = True
330.7022 	EXP 	Fixation: autoDraw = False
331.6870 	INFO 	Keyboard events cleared
331.6867 	EXP 	Probe: autoDraw = True
332.1133 	EXP 	Device response: <KeyPress from None: t=332.1122354430263, value=v, duration=None>
332.1135 	EXP 	New trial (rep=8, index=38): <Trial 38 (38 in rep 8) data={'pos': np.int64(150), 'corr_resp': 'v', 'thisN': 38, 'thisTrialN': 38, 'thisRepN': 8}>
332.1197 	EXP 	Fixation: autoDraw = False
332.1197 	EXP 	Line1: autoDraw = False
332.1197 	EXP 	Line2: autoDraw = False
332.1197 	EXP 	Line3: autoDraw = False
332.1197 	EXP 	Line4: autoDraw = False
332.1197 	EXP 	Probe: autoDraw = False
332.1197 	EXP 	Fixation: autoDraw = True
332.1226 	DATA 	Keypress: v
332.3030 	EXP 	Device response: <KeyPress from None: t=332.1122354430263, value=v, duration=0.18772101996000856>
333.1121 	EXP 	Line1: autoDraw = True
333.1121 	EXP 	Line2: autoDraw = True
333.1121 	EXP 	Line3: autoDraw = True
333.1121 	EXP 	Line4: autoDraw = True
333.1188 	EXP 	Fixation: autoDraw = False
334.1123 	INFO 	Keyboard events cleared
334.1121 	EXP 	Probe: autoDraw = True
335.0125 	EXP 	Device response: <KeyPress from None: t=335.00511023501167, value=v, duration=None>
335.0128 	EXP 	New trial (rep=8, index=39): <Trial 39 (39 in rep 8) data={'pos': np.int64(-50), 'corr_resp': 'x', 'thisN': 39, 'thisTrialN': 39, 'thisRepN': 8}>
335.0151 	DATA 	Keypress: v
335.0213 	EXP 	Fixation: autoDraw = False
335.0213 	EXP 	Line1: autoDraw = False
335.0213 	EXP 	Line2: autoDraw = False
335.0213 	EXP 	Line3: autoDraw = False
335.0213 	EXP 	Line4: autoDraw = False
335.0213 	EXP 	Probe: autoDraw = False
335.0213 	EXP 	Fixation: autoDraw = True
335.1364 	EXP 	Device response: <KeyPress from None: t=335.00511023501167, value=v, duration=0.12418257398530841>
336.0025 	EXP 	Line1: autoDraw = True
336.0025 	EXP 	Line2: autoDraw = True
336.0025 	EXP 	Line3: autoDraw = True
336.0025 	EXP 	Line4: autoDraw = True
336.0190 	EXP 	Fixation: autoDraw = False
337.0032 	INFO 	Keyboard events cleared
337.0030 	EXP 	Probe: autoDraw = True
337.5794 	EXP 	Device response: <KeyPress from None: t=337.57497016503476, value=x, duration=None>
337.5797 	EXP 	New trial (rep=11, index=40): <Trial 40 (40 in rep 11) data={'pos': np.int64(50), 'corr_resp': 'c', 'thisN': 40, 'thisTrialN': 40, 'thisRepN': 11}>
337.5819 	DATA 	Keypress: x
337.5883 	EXP 	Fixation: autoDraw = False
337.5883 	EXP 	Line1: autoDraw = False
337.5883 	EXP 	Line2: autoDraw = False
337.5883 	EXP 	Line3: autoDraw = False
337.5883 	EXP 	Line4: autoDraw = False
337.5883 	EXP 	Probe: autoDraw = False
337.5883 	EXP 	Fixation: autoDraw = True
337.7029 	EXP 	Device response: <KeyPress from None: t=337.57497016503476, value=x, duration=0.12038828298682347>
338.5787 	EXP 	Line1: autoDraw = True
338.5787 	EXP 	Line2: autoDraw = True
338.5787 	EXP 	Line3: autoDraw = True
338.5787 	EXP 	Line4: autoDraw = True
338.5852 	EXP 	Fixation: autoDraw = False
339.5789 	INFO 	Keyboard events cleared
339.5787 	EXP 	Probe: autoDraw = True
340.1293 	EXP 	Device response: <KeyPress from None: t=340.1260922609945, value=c, duration=None>
340.1295 	EXP 	New trial (rep=12, index=41): <Trial 41 (41 in rep 12) data={'pos': np.int64(50), 'corr_resp': 'c', 'thisN': 41, 'thisTrialN': 41, 'thisRepN': 12}>
340.1318 	DATA 	Keypress: c
340.1375 	EXP 	Fixation: autoDraw = False
340.1375 	EXP 	Line1: autoDraw = False
340.1375 	EXP 	Line2: autoDraw = False
340.1375 	EXP 	Line3: autoDraw = False
340.1375 	EXP 	Line4: autoDraw = False
340.1375 	EXP 	Probe: autoDraw = False
340.1375 	EXP 	Fixation: autoDraw = True
340.2629 	EXP 	Device response: <KeyPress from None: t=340.1260922609945, value=c, duration=0.13189777702791616>
341.1191 	EXP 	Line1: autoDraw = True
341.1191 	EXP 	Line2: autoDraw = True
341.1191 	EXP 	Line3: autoDraw = True
341.1191 	EXP 	Line4: autoDraw = True
341.1354 	EXP 	Fixation: autoDraw = False
342.1198 	INFO 	Keyboard events cleared
342.1196 	EXP 	Probe: autoDraw = True
342.6533 	EXP 	Device response: <KeyPress from None: t=342.6508392380201, value=c, duration=None>
342.6536 	EXP 	New trial (rep=11, index=42): <Trial 42 (42 in rep 11) data={'pos': np.int64(-150), 'corr_resp': 'z', 'thisN': 42, 'thisTrialN': 42, 'thisRepN': 11}>
342.6617 	EXP 	Fixation: autoDraw = False
342.6617 	EXP 	Line1: autoDraw = False
342.6617 	EXP 	Line2: autoDraw = False
342.6617 	EXP 	Line3: autoDraw = False
342.6617 	EXP 	Line4: autoDraw = False
342.6617 	EXP 	Probe: autoDraw = False
342.6617 	EXP 	Fixation: autoDraw = True
342.6648 	DATA 	Keypress: c
342.8291 	EXP 	Device response: <KeyPress from None: t=342.6508392380201, value=c, duration=0.16815775801660493>
343.6524 	EXP 	Fixation: autoDraw = False
343.6524 	EXP 	Line1: autoDraw = True
343.6524 	EXP 	Line2: autoDraw = True
343.6524 	EXP 	Line3: autoDraw = True
343.6524 	EXP 	Line4: autoDraw = True
344.6528 	INFO 	Keyboard events cleared
344.6526 	EXP 	Probe: autoDraw = True
345.7696 	EXP 	Device response: <KeyPress from None: t=345.76462535903556, value=z, duration=None>
345.7699 	EXP 	New trial (rep=12, index=43): <Trial 43 (43 in rep 12) data={'pos': np.int64(-150), 'corr_resp': 'z', 'thisN': 43, 'thisTrialN': 43, 'thisRepN': 12}>
345.7722 	DATA 	Keypress: z
345.7782 	EXP 	Fixation: autoDraw = False
345.7782 	EXP 	Line1: autoDraw = False
345.7782 	EXP 	Line2: autoDraw = False
345.7782 	EXP 	Line3: autoDraw = False
345.7782 	EXP 	Line4: autoDraw = False
345.7782 	EXP 	Probe: autoDraw = False
345.7782 	EXP 	Fixation: autoDraw = True
345.8957 	EXP 	Device response: <KeyPress from None: t=345.76462535903556, value=z, duration=0.12432395300129429>
346.7689 	EXP 	Fixation: autoDraw = False
346.7689 	EXP 	Line1: autoDraw = True
346.7689 	EXP 	Line2: autoDraw = True
346.7689 	EXP 	Line3: autoDraw = True
346.7689 	EXP 	Line4: autoDraw = True
347.7695 	INFO 	Keyboard events cleared
347.7692 	EXP 	Probe: autoDraw = True
348.4533 	EXP 	Device response: <KeyPress from None: t=348.45064406102756, value=z, duration=None>
348.4536 	EXP 	New trial (rep=9, index=44): <Trial 44 (44 in rep 9) data={'pos': np.int64(150), 'corr_resp': 'v', 'thisN': 44, 'thisTrialN': 44, 'thisRepN': 9}>
348.4559 	DATA 	Keypress: z
348.4621 	EXP 	Fixation: autoDraw = False
348.4621 	EXP 	Line1: autoDraw = False
348.4621 	EXP 	Line2: autoDraw = False
348.4621 	EXP 	Line3: autoDraw = False
348.4621 	EXP 	Line4: autoDraw = False
348.4621 	EXP 	Probe: autoDraw = False
348.4621 	EXP 	Fixation: autoDraw = True
348.6027 	EXP 	Device response: <KeyPress from None: t=348.45064406102756, value=z, duration=0.14807861496228725>
349.4522 	EXP 	Fixation: autoDraw = False
349.4522 	EXP 	Line1: autoDraw = True
349.4522 	EXP 	Line2: autoDraw = True
349.4522 	EXP 	Line3: autoDraw = True
349.4522 	EXP 	Line4: autoDraw = True
350.4527 	INFO 	Keyboard events cleared
350.4525 	EXP 	Probe: autoDraw = True
351.1626 	EXP 	Device response: <KeyPress from None: t=351.1585466500255, value=v, duration=None>
351.1629 	EXP 	New trial (rep=10, index=45): <Trial 45 (45 in rep 10) data={'pos': np.int64(150), 'corr_resp': 'v', 'thisN': 45, 'thisTrialN': 45, 'thisRepN': 10}>
351.1651 	DATA 	Keypress: v
351.1708 	EXP 	Fixation: autoDraw = False
351.1708 	EXP 	Line1: autoDraw = False
351.1708 	EXP 	Line2: autoDraw = False
351.1708 	EXP 	Line3: autoDraw = False
351.1708 	EXP 	Line4: autoDraw = False
351.1708 	EXP 	Probe: autoDraw = False
351.1708 	EXP 	Fixation: autoDraw = True
351.3459 	EXP 	Device response: <KeyPress from None: t=351.1585466500255, value=v, duration=0.18413927598157898>
352.1525 	EXP 	Line1: autoDraw = True
352.1525 	EXP 	Line2: autoDraw = True
352.1525 	EXP 	Line3: autoDraw = True
352.1525 	EXP 	Line4: autoDraw = True
352.1697 	EXP 	Fixation: autoDraw = False
353.1620 	INFO 	Keyboard events cleared
353.1617 	EXP 	Probe: autoDraw = True
353.7868 	EXP 	Device response: <KeyPress from None: t=353.785456017009, value=v, duration=None>
353.7952 	EXP 	New trial (rep=9, index=46): <Trial 46 (46 in rep 9) data={'pos': np.int64(-50), 'corr_resp': 'x', 'thisN': 46, 'thisTrialN': 46, 'thisRepN': 9}>
353.7975 	DATA 	Keypress: v
353.8030 	EXP 	Fixation: autoDraw = False
353.8030 	EXP 	Line1: autoDraw = False
353.8030 	EXP 	Line2: autoDraw = False
353.8030 	EXP 	Line3: autoDraw = False
353.8030 	EXP 	Line4: autoDraw = False
353.8030 	EXP 	Probe: autoDraw = False
353.8030 	EXP 	Fixation: autoDraw = True
354.0193 	EXP 	Device response: <KeyPress from None: t=353.785456017009, value=v, duration=0.22836775000905618>
354.7856 	EXP 	Line1: autoDraw = True
354.7856 	EXP 	Line2: autoDraw = True
354.7856 	EXP 	Line3: autoDraw = True
354.7856 	EXP 	Line4: autoDraw = True
354.7950 	EXP 	Fixation: autoDraw = False
355.7862 	INFO 	Keyboard events cleared
355.7859 	EXP 	Probe: autoDraw = True
356.3289 	EXP 	Device response: <KeyPress from None: t=356.3233127120184, value=x, duration=None>
356.3292 	EXP 	New trial (rep=11, index=47): <Trial 47 (47 in rep 11) data={'pos': np.int64(150), 'corr_resp': 'v', 'thisN': 47, 'thisTrialN': 47, 'thisRepN': 11}>
356.3314 	DATA 	Keypress: x
356.3377 	EXP 	Fixation: autoDraw = False
356.3377 	EXP 	Line1: autoDraw = False
356.3377 	EXP 	Line2: autoDraw = False
356.3377 	EXP 	Line3: autoDraw = False
356.3377 	EXP 	Line4: autoDraw = False
356.3377 	EXP 	Probe: autoDraw = False
356.3377 	EXP 	Fixation: autoDraw = True
356.4954 	EXP 	Device response: <KeyPress from None: t=356.3233127120184, value=x, duration=0.1635804629768245>
357.3189 	EXP 	Line1: autoDraw = True
357.3189 	EXP 	Line2: autoDraw = True
357.3189 	EXP 	Line3: autoDraw = True
357.3189 	EXP 	Line4: autoDraw = True
357.3354 	EXP 	Fixation: autoDraw = False
358.3195 	INFO 	Keyboard events cleared
358.3192 	EXP 	Probe: autoDraw = True
358.6620 	EXP 	Device response: <KeyPress from None: t=358.6532382420264, value=v, duration=None>
358.6623 	EXP 	New trial (rep=13, index=48): <Trial 48 (48 in rep 13) data={'pos': np.int64(-150), 'corr_resp': 'z', 'thisN': 48, 'thisTrialN': 48, 'thisRepN': 13}>
358.6645 	DATA 	Keypress: v
358.6701 	EXP 	Fixation: autoDraw = False
358.6701 	EXP 	Line1: autoDraw = False
358.6701 	EXP 	Line2: autoDraw = False
358.6701 	EXP 	Line3: autoDraw = False
358.6701 	EXP 	Line4: autoDraw = False
358.6701 	EXP 	Probe: autoDraw = False
358.6701 	EXP 	Fixation: autoDraw = True
358.8360 	EXP 	Device response: <KeyPress from None: t=358.6532382420264, value=v, duration=0.1761636110022664>
359.6522 	EXP 	Line1: autoDraw = True
359.6522 	EXP 	Line2: autoDraw = True
359.6522 	EXP 	Line3: autoDraw = True
359.6522 	EXP 	Line4: autoDraw = True
359.6686 	EXP 	Fixation: autoDraw = False
360.6612 	INFO 	Keyboard events cleared
360.6611 	EXP 	Probe: autoDraw = True
361.5288 	EXP 	Device response: <KeyPress from None: t=361.5191485750256, value=z, duration=None>
361.5291 	EXP 	New trial (rep=12, index=49): <Trial 49 (49 in rep 12) data={'pos': np.int64(150), 'corr_resp': 'v', 'thisN': 49, 'thisTrialN': 49, 'thisRepN': 12}>
361.5315 	DATA 	Keypress: z
361.5370 	EXP 	Fixation: autoDraw = False
361.5370 	EXP 	Line1: autoDraw = False
361.5370 	EXP 	Line2: autoDraw = False
361.5370 	EXP 	Line3: autoDraw = False
361.5370 	EXP 	Line4: autoDraw = False
361.5370 	EXP 	Probe: autoDraw = False
361.5370 	EXP 	Fixation: autoDraw = True
361.7028 	EXP 	Device response: <KeyPress from None: t=361.5191485750256, value=z, duration=0.1763277379795909>
362.5191 	EXP 	Line1: autoDraw = True
362.5191 	EXP 	Line2: autoDraw = True
362.5191 	EXP 	Line3: autoDraw = True
362.5191 	EXP 	Line4: autoDraw = True
362.5350 	EXP 	Fixation: autoDraw = False
363.5194 	INFO 	Keyboard events cleared
363.5192 	EXP 	Probe: autoDraw = True
363.9366 	EXP 	Device response: <KeyPress from None: t=363.93323954899097, value=v, duration=None>
363.9369 	EXP 	New trial (rep=13, index=50): <Trial 50 (50 in rep 13) data={'pos': np.int64(150), 'corr_resp': 'v', 'thisN': 50, 'thisTrialN': 50, 'thisRepN': 13}>
363.9391 	DATA 	Keypress: v
363.9453 	EXP 	Fixation: autoDraw = False
363.9453 	EXP 	Line1: autoDraw = False
363.9453 	EXP 	Line2: autoDraw = False
363.9453 	EXP 	Line3: autoDraw = False
363.9453 	EXP 	Line4: autoDraw = False
363.9453 	EXP 	Probe: autoDraw = False
363.9453 	EXP 	Fixation: autoDraw = True
364.0960 	EXP 	Device response: <KeyPress from None: t=363.93323954899097, value=v, duration=0.15989975299453363>
364.9354 	EXP 	Fixation: autoDraw = False
364.9354 	EXP 	Line1: autoDraw = True
364.9354 	EXP 	Line2: autoDraw = True
364.9354 	EXP 	Line3: autoDraw = True
364.9354 	EXP 	Line4: autoDraw = True
365.9362 	INFO 	Keyboard events cleared
365.9359 	EXP 	Probe: autoDraw = True
366.4194 	EXP 	Device response: <KeyPress from None: t=366.41214640002, value=v, duration=None>
366.4198 	EXP 	New trial (rep=14, index=51): <Trial 51 (51 in rep 14) data={'pos': np.int64(-150), 'corr_resp': 'z', 'thisN': 51, 'thisTrialN': 51, 'thisRepN': 14}>
366.4223 	DATA 	Keypress: v
366.4284 	EXP 	Fixation: autoDraw = False
366.4284 	EXP 	Line1: autoDraw = False
366.4284 	EXP 	Line2: autoDraw = False
366.4284 	EXP 	Line3: autoDraw = False
366.4284 	EXP 	Line4: autoDraw = False
366.4284 	EXP 	Probe: autoDraw = False
366.4284 	EXP 	Fixation: autoDraw = True
366.5858 	EXP 	Device response: <KeyPress from None: t=366.41214640002, value=v, duration=0.17191105900565162>
367.4191 	EXP 	Fixation: autoDraw = False
367.4191 	EXP 	Line1: autoDraw = True
367.4191 	EXP 	Line2: autoDraw = True
367.4191 	EXP 	Line3: autoDraw = True
367.4191 	EXP 	Line4: autoDraw = True
368.4192 	INFO 	Keyboard events cleared
368.4190 	EXP 	Probe: autoDraw = True
368.8194 	EXP 	Device response: <KeyPress from None: t=368.8148233339889, value=z, duration=None>
368.8197 	EXP 	New trial (rep=10, index=52): <Trial 52 (52 in rep 10) data={'pos': np.int64(-50), 'corr_resp': 'x', 'thisN': 52, 'thisTrialN': 52, 'thisRepN': 10}>
368.8220 	DATA 	Keypress: z
368.8279 	EXP 	Fixation: autoDraw = False
368.8279 	EXP 	Line1: autoDraw = False
368.8279 	EXP 	Line2: autoDraw = False
368.8279 	EXP 	Line3: autoDraw = False
368.8279 	EXP 	Line4: autoDraw = False
368.8279 	EXP 	Probe: autoDraw = False
368.8279 	EXP 	Fixation: autoDraw = True
368.9790 	EXP 	Device response: <KeyPress from None: t=368.8148233339889, value=z, duration=0.15632274700328708>
369.8187 	EXP 	Fixation: autoDraw = False
369.8187 	EXP 	Line1: autoDraw = True
369.8187 	EXP 	Line2: autoDraw = True
369.8187 	EXP 	Line3: autoDraw = True
369.8187 	EXP 	Line4: autoDraw = True
370.8199 	INFO 	Keyboard events cleared
370.8197 	EXP 	Probe: autoDraw = True
371.4123 	EXP 	Device response: <KeyPress from None: t=371.40984897501767, value=x, duration=None>
371.4125 	EXP 	New trial (rep=13, index=53): <Trial 53 (53 in rep 13) data={'pos': np.int64(50), 'corr_resp': 'c', 'thisN': 53, 'thisTrialN': 53, 'thisRepN': 13}>
371.4148 	DATA 	Keypress: x
371.4212 	EXP 	Fixation: autoDraw = False
371.4212 	EXP 	Line1: autoDraw = False
371.4212 	EXP 	Line2: autoDraw = False
371.4212 	EXP 	Line3: autoDraw = False
371.4212 	EXP 	Line4: autoDraw = False
371.4212 	EXP 	Probe: autoDraw = False
371.4212 	EXP 	Fixation: autoDraw = True
371.5692 	EXP 	Device response: <KeyPress from None: t=371.40984897501767, value=x, duration=0.15633426798740402>
372.4020 	EXP 	Line1: autoDraw = True
372.4020 	EXP 	Line2: autoDraw = True
372.4020 	EXP 	Line3: autoDraw = True
372.4020 	EXP 	Line4: autoDraw = True
372.4178 	EXP 	Fixation: autoDraw = False
373.4027 	INFO 	Keyboard events cleared
373.4025 	EXP 	Probe: autoDraw = True
373.9623 	EXP 	Device response: <KeyPress from None: t=373.96032351104077, value=c, duration=None>
373.9626 	EXP 	New trial (rep=15, index=54): <Trial 54 (54 in rep 15) data={'pos': np.int64(-150), 'corr_resp': 'z', 'thisN': 54, 'thisTrialN': 54, 'thisRepN': 15}>
373.9692 	EXP 	Fixation: autoDraw = False
373.9692 	EXP 	Line1: autoDraw = False
373.9692 	EXP 	Line2: autoDraw = False
373.9692 	EXP 	Line3: autoDraw = False
373.9692 	EXP 	Line4: autoDraw = False
373.9692 	EXP 	Probe: autoDraw = False
373.9692 	EXP 	Fixation: autoDraw = True
373.9725 	DATA 	Keypress: c
374.1855 	EXP 	Device response: <KeyPress from None: t=373.96032351104077, value=c, duration=0.22061416797805578>
374.9614 	EXP 	Line1: autoDraw = True
374.9614 	EXP 	Line2: autoDraw = True
374.9614 	EXP 	Line3: autoDraw = True
374.9614 	EXP 	Line4: autoDraw = True
374.9683 	EXP 	Fixation: autoDraw = False
375.9617 	INFO 	Keyboard events cleared
375.9615 	EXP 	Probe: autoDraw = True
376.4123 	EXP 	Device response: <KeyPress from None: t=376.41050595301203, value=z, duration=None>
376.4126 	EXP 	New trial (rep=14, index=55): <Trial 55 (55 in rep 14) data={'pos': np.int64(150), 'corr_resp': 'v', 'thisN': 55, 'thisTrialN': 55, 'thisRepN': 14}>
376.4185 	EXP 	Fixation: autoDraw = False
376.4185 	EXP 	Line1: autoDraw = False
376.4185 	EXP 	Line2: autoDraw = False
376.4185 	EXP 	Line3: autoDraw = False
376.4185 	EXP 	Line4: autoDraw = False
376.4185 	EXP 	Probe: autoDraw = False
376.4185 	EXP 	Fixation: autoDraw = True
376.4219 	DATA 	Keypress: z
376.5956 	EXP 	Device response: <KeyPress from None: t=376.41050595301203, value=z, duration=0.1840376679901965>
377.4114 	EXP 	Fixation: autoDraw = False
377.4114 	EXP 	Line1: autoDraw = True
377.4114 	EXP 	Line2: autoDraw = True
377.4114 	EXP 	Line3: autoDraw = True
377.4114 	EXP 	Line4: autoDraw = True
378.4116 	INFO 	Keyboard events cleared
378.4114 	EXP 	Probe: autoDraw = True
378.7194 	EXP 	Device response: <KeyPress from None: t=378.71755151601974, value=v, duration=None>
378.7197 	EXP 	New trial (rep=14, index=56): <Trial 56 (56 in rep 14) data={'pos': np.int64(50), 'corr_resp': 'c', 'thisN': 56, 'thisTrialN': 56, 'thisRepN': 14}>
378.7278 	EXP 	Fixation: autoDraw = False
378.7278 	EXP 	Line1: autoDraw = False
378.7278 	EXP 	Line2: autoDraw = False
378.7278 	EXP 	Line3: autoDraw = False
378.7278 	EXP 	Line4: autoDraw = False
378.7278 	EXP 	Probe: autoDraw = False
378.7278 	EXP 	Fixation: autoDraw = True
378.7303 	DATA 	Keypress: v
378.8958 	EXP 	Device response: <KeyPress from None: t=378.71755151601974, value=v, duration=0.17597337299957871>
379.7186 	EXP 	Fixation: autoDraw = False
379.7186 	EXP 	Line1: autoDraw = True
379.7186 	EXP 	Line2: autoDraw = True
379.7186 	EXP 	Line3: autoDraw = True
379.7186 	EXP 	Line4: autoDraw = True
380.7191 	INFO 	Keyboard events cleared
380.7189 	EXP 	Probe: autoDraw = True
381.1121 	EXP 	Device response: <KeyPress from None: t=381.10848583403276, value=c, duration=None>
381.1124 	EXP 	New trial (rep=11, index=57): <Trial 57 (57 in rep 11) data={'pos': np.int64(-50), 'corr_resp': 'x', 'thisN': 57, 'thisTrialN': 57, 'thisRepN': 11}>
381.1146 	DATA 	Keypress: c
381.1209 	EXP 	Fixation: autoDraw = False
381.1209 	EXP 	Line1: autoDraw = False
381.1209 	EXP 	Line2: autoDraw = False
381.1209 	EXP 	Line3: autoDraw = False
381.1209 	EXP 	Line4: autoDraw = False
381.1209 	EXP 	Probe: autoDraw = False
381.1209 	EXP 	Fixation: autoDraw = True
381.3021 	EXP 	Device response: <KeyPress from None: t=381.10848583403276, value=c, duration=0.19224629795644432>
382.1113 	EXP 	Line1: autoDraw = True
382.1113 	EXP 	Line2: autoDraw = True
382.1113 	EXP 	Line3: autoDraw = True
382.1113 	EXP 	Line4: autoDraw = True
382.1183 	EXP 	Fixation: autoDraw = False
383.1021 	INFO 	Keyboard events cleared
383.1018 	EXP 	Probe: autoDraw = True
383.6452 	EXP 	Device response: <KeyPress from None: t=383.63925583899254, value=x, duration=None>
383.6455 	EXP 	New trial (rep=12, index=58): <Trial 58 (58 in rep 12) data={'pos': np.int64(-50), 'corr_resp': 'x', 'thisN': 58, 'thisTrialN': 58, 'thisRepN': 12}>
383.6477 	DATA 	Keypress: x
383.6539 	EXP 	Fixation: autoDraw = False
383.6539 	EXP 	Line1: autoDraw = False
383.6539 	EXP 	Line2: autoDraw = False
383.6539 	EXP 	Line3: autoDraw = False
383.6539 	EXP 	Line4: autoDraw = False
383.6539 	EXP 	Probe: autoDraw = False
383.6539 	EXP 	Fixation: autoDraw = True
383.7787 	EXP 	Device response: <KeyPress from None: t=383.63925583899254, value=x, duration=0.13225006801076233>
384.6354 	EXP 	Line1: autoDraw = True
384.6354 	EXP 	Line2: autoDraw = True
384.6354 	EXP 	Line3: autoDraw = True
384.6354 	EXP 	Line4: autoDraw = True
384.6517 	EXP 	Fixation: autoDraw = False
385.6358 	INFO 	Keyboard events cleared
385.6356 	EXP 	Probe: autoDraw = True
386.1365 	EXP 	Device response: <KeyPress from None: t=386.1310038579977, value=x, duration=None>
386.1368 	EXP 	New trial (rep=13, index=59): <Trial 59 (59 in rep 13) data={'pos': np.int64(-50), 'corr_resp': 'x', 'thisN': 59, 'thisTrialN': 59, 'thisRepN': 13}>
386.1391 	DATA 	Keypress: x
386.1451 	EXP 	Fixation: autoDraw = False
386.1451 	EXP 	Line1: autoDraw = False
386.1451 	EXP 	Line2: autoDraw = False
386.1451 	EXP 	Line3: autoDraw = False
386.1451 	EXP 	Line4: autoDraw = False
386.1451 	EXP 	Probe: autoDraw = False
386.1451 	EXP 	Fixation: autoDraw = True
386.2523 	EXP 	Device response: <KeyPress from None: t=386.1310038579977, value=x, duration=0.11636451102094725>
387.1349 	EXP 	Fixation: autoDraw = False
387.1349 	EXP 	Line1: autoDraw = True
387.1349 	EXP 	Line2: autoDraw = True
387.1349 	EXP 	Line3: autoDraw = True
387.1349 	EXP 	Line4: autoDraw = True
388.1352 	INFO 	Keyboard events cleared
388.1349 	EXP 	Probe: autoDraw = True
388.5121 	EXP 	Device response: <KeyPress from None: t=388.5074136070325, value=x, duration=None>
388.5123 	EXP 	New trial (rep=14, index=60): <Trial 60 (60 in rep 14) data={'pos': np.int64(-50), 'corr_resp': 'x', 'thisN': 60, 'thisTrialN': 60, 'thisRepN': 14}>
388.5146 	DATA 	Keypress: x
388.5208 	EXP 	Fixation: autoDraw = False
388.5208 	EXP 	Line1: autoDraw = False
388.5208 	EXP 	Line2: autoDraw = False
388.5208 	EXP 	Line3: autoDraw = False
388.5208 	EXP 	Line4: autoDraw = False
388.5208 	EXP 	Probe: autoDraw = False
388.5208 	EXP 	Fixation: autoDraw = True
388.7020 	EXP 	Device response: <KeyPress from None: t=388.5074136070325, value=x, duration=0.1925483489758335>
389.5112 	EXP 	Line1: autoDraw = True
389.5112 	EXP 	Line2: autoDraw = True
389.5112 	EXP 	Line3: autoDraw = True
389.5112 	EXP 	Line4: autoDraw = True
389.5182 	EXP 	Fixation: autoDraw = False
390.5025 	INFO 	Keyboard events cleared
390.5023 	EXP 	Probe: autoDraw = True
390.9121 	EXP 	Device response: <KeyPress from None: t=390.9079089980223, value=x, duration=None>
390.9124 	EXP 	New trial (rep=15, index=61): <Trial 61 (61 in rep 15) data={'pos': np.int64(50), 'corr_resp': 'c', 'thisN': 61, 'thisTrialN': 61, 'thisRepN': 15}>
390.9146 	DATA 	Keypress: x
390.9212 	EXP 	Fixation: autoDraw = False
390.9212 	EXP 	Line1: autoDraw = False
390.9212 	EXP 	Line2: autoDraw = False
390.9212 	EXP 	Line3: autoDraw = False
390.9212 	EXP 	Line4: autoDraw = False
390.9212 	EXP 	Probe: autoDraw = False
390.9212 	EXP 	Fixation: autoDraw = True
391.0617 	EXP 	Device response: <KeyPress from None: t=390.9079089980223, value=x, duration=0.14428132300963625>
391.9112 	EXP 	Line1: autoDraw = True
391.9112 	EXP 	Line2: autoDraw = True
391.9112 	EXP 	Line3: autoDraw = True
391.9112 	EXP 	Line4: autoDraw = True
391.9183 	EXP 	Fixation: autoDraw = False
392.9114 	INFO 	Keyboard events cleared
392.9112 	EXP 	Probe: autoDraw = True
393.3452 	EXP 	Device response: <KeyPress from None: t=393.34184743399965, value=c, duration=None>
393.3455 	EXP 	New trial (rep=16, index=62): <Trial 62 (62 in rep 16) data={'pos': np.int64(50), 'corr_resp': 'c', 'thisN': 62, 'thisTrialN': 62, 'thisRepN': 16}>
393.3477 	DATA 	Keypress: c
393.3533 	EXP 	Fixation: autoDraw = False
393.3533 	EXP 	Line1: autoDraw = False
393.3533 	EXP 	Line2: autoDraw = False
393.3533 	EXP 	Line3: autoDraw = False
393.3533 	EXP 	Line4: autoDraw = False
393.3533 	EXP 	Probe: autoDraw = False
393.3533 	EXP 	Fixation: autoDraw = True
393.5518 	EXP 	Device response: <KeyPress from None: t=393.34184743399965, value=c, duration=0.20419791899621487>
394.3352 	EXP 	Line1: autoDraw = True
394.3352 	EXP 	Line2: autoDraw = True
394.3352 	EXP 	Line3: autoDraw = True
394.3352 	EXP 	Line4: autoDraw = True
394.3514 	EXP 	Fixation: autoDraw = False
395.3359 	INFO 	Keyboard events cleared
395.3357 	EXP 	Probe: autoDraw = True
395.6695 	EXP 	Device response: <KeyPress from None: t=395.66281346802134, value=c, duration=None>
395.6698 	EXP 	New trial (rep=15, index=63): <Trial 63 (63 in rep 15) data={'pos': np.int64(150), 'corr_resp': 'v', 'thisN': 63, 'thisTrialN': 63, 'thisRepN': 15}>
395.6722 	DATA 	Keypress: c
395.6782 	EXP 	Fixation: autoDraw = False
395.6782 	EXP 	Line1: autoDraw = False
395.6782 	EXP 	Line2: autoDraw = False
395.6782 	EXP 	Line3: autoDraw = False
395.6782 	EXP 	Line4: autoDraw = False
395.6782 	EXP 	Probe: autoDraw = False
395.6782 	EXP 	Fixation: autoDraw = True
395.8619 	EXP 	Device response: <KeyPress from None: t=395.66281346802134, value=c, duration=0.19624138297513127>
396.6682 	EXP 	Fixation: autoDraw = False
396.6682 	EXP 	Line1: autoDraw = True
396.6682 	EXP 	Line2: autoDraw = True
396.6682 	EXP 	Line3: autoDraw = True
396.6682 	EXP 	Line4: autoDraw = True
397.6691 	INFO 	Keyboard events cleared
397.6689 	EXP 	Probe: autoDraw = True
398.1527 	EXP 	Device response: <KeyPress from None: t=398.145984717994, value=v, duration=None>
398.1531 	EXP 	New trial (rep=16, index=64): <Trial 64 (64 in rep 16) data={'pos': np.int64(150), 'corr_resp': 'v', 'thisN': 64, 'thisTrialN': 64, 'thisRepN': 16}>
398.1553 	DATA 	Keypress: v
398.1612 	EXP 	Fixation: autoDraw = False
398.1612 	EXP 	Line1: autoDraw = False
398.1612 	EXP 	Line2: autoDraw = False
398.1612 	EXP 	Line3: autoDraw = False
398.1612 	EXP 	Line4: autoDraw = False
398.1612 	EXP 	Probe: autoDraw = False
398.1612 	EXP 	Fixation: autoDraw = True
398.3782 	EXP 	Device response: <KeyPress from None: t=398.145984717994, value=v, duration=0.2251234240247868>
399.1517 	EXP 	Fixation: autoDraw = False
399.1517 	EXP 	Line1: autoDraw = True
399.1517 	EXP 	Line2: autoDraw = True
399.1517 	EXP 	Line3: autoDraw = True
399.1517 	EXP 	Line4: autoDraw = True
400.1520 	INFO 	Keyboard events cleared
400.1518 	EXP 	Probe: autoDraw = True
400.5284 	EXP 	Device response: <KeyPress from None: t=400.51854893099517, value=v, duration=None>
400.5287 	EXP 	New trial (rep=15, index=65): <Trial 65 (65 in rep 15) data={'pos': np.int64(-50), 'corr_resp': 'x', 'thisN': 65, 'thisTrialN': 65, 'thisRepN': 15}>
400.5312 	DATA 	Keypress: v
400.5369 	EXP 	Fixation: autoDraw = False
400.5369 	EXP 	Line1: autoDraw = False
400.5369 	EXP 	Line2: autoDraw = False
400.5369 	EXP 	Line3: autoDraw = False
400.5369 	EXP 	Line4: autoDraw = False
400.5369 	EXP 	Probe: autoDraw = False
400.5369 	EXP 	Fixation: autoDraw = True
400.7281 	EXP 	Device response: <KeyPress from None: t=400.51854893099517, value=v, duration=0.2004453880363144>
401.5186 	EXP 	Line1: autoDraw = True
401.5186 	EXP 	Line2: autoDraw = True
401.5186 	EXP 	Line3: autoDraw = True
401.5186 	EXP 	Line4: autoDraw = True
401.5342 	EXP 	Fixation: autoDraw = False
402.5192 	INFO 	Keyboard events cleared
402.5190 	EXP 	Probe: autoDraw = True
402.8615 	EXP 	Device response: <KeyPress from None: t=402.8545417999849, value=x, duration=None>
402.8618 	EXP 	New trial (rep=16, index=66): <Trial 66 (66 in rep 16) data={'pos': np.int64(-150), 'corr_resp': 'z', 'thisN': 66, 'thisTrialN': 66, 'thisRepN': 16}>
402.8640 	DATA 	Keypress: x
402.8695 	EXP 	Fixation: autoDraw = False
402.8695 	EXP 	Line1: autoDraw = False
402.8695 	EXP 	Line2: autoDraw = False
402.8695 	EXP 	Line3: autoDraw = False
402.8695 	EXP 	Line4: autoDraw = False
402.8695 	EXP 	Probe: autoDraw = False
402.8695 	EXP 	Fixation: autoDraw = True
403.0354 	EXP 	Device response: <KeyPress from None: t=402.8545417999849, value=x, duration=0.1761592710390687>
403.8519 	EXP 	Line1: autoDraw = True
403.8519 	EXP 	Line2: autoDraw = True
403.8519 	EXP 	Line3: autoDraw = True
403.8519 	EXP 	Line4: autoDraw = True
403.8679 	EXP 	Fixation: autoDraw = False
404.8516 	INFO 	Keyboard events cleared
404.8514 	EXP 	Probe: autoDraw = True
405.2616 	EXP 	Device response: <KeyPress from None: t=405.25179477600614, value=z, duration=None>
405.2619 	EXP 	New trial (rep=17, index=67): <Trial 67 (67 in rep 17) data={'pos': np.int64(-150), 'corr_resp': 'z', 'thisN': 67, 'thisTrialN': 67, 'thisRepN': 17}>
405.2643 	DATA 	Keypress: z
405.2705 	EXP 	Fixation: autoDraw = False
405.2705 	EXP 	Line1: autoDraw = False
405.2705 	EXP 	Line2: autoDraw = False
405.2705 	EXP 	Line3: autoDraw = False
405.2705 	EXP 	Line4: autoDraw = False
405.2705 	EXP 	Probe: autoDraw = False
405.2705 	EXP 	Fixation: autoDraw = True
405.4285 	EXP 	Device response: <KeyPress from None: t=405.25179477600614, value=z, duration=0.1728644070099108>
406.2517 	EXP 	Line1: autoDraw = True
406.2517 	EXP 	Line2: autoDraw = True
406.2517 	EXP 	Line3: autoDraw = True
406.2517 	EXP 	Line4: autoDraw = True
406.2680 	EXP 	Fixation: autoDraw = False
407.2523 	INFO 	Keyboard events cleared
407.2521 	EXP 	Probe: autoDraw = True
407.6950 	EXP 	Device response: <KeyPress from None: t=407.69130959099857, value=z, duration=None>
407.6953 	EXP 	New trial (rep=17, index=68): <Trial 68 (68 in rep 17) data={'pos': np.int64(50), 'corr_resp': 'c', 'thisN': 68, 'thisTrialN': 68, 'thisRepN': 17}>
407.6976 	DATA 	Keypress: z
407.7039 	EXP 	Fixation: autoDraw = False
407.7039 	EXP 	Line1: autoDraw = False
407.7039 	EXP 	Line2: autoDraw = False
407.7039 	EXP 	Line3: autoDraw = False
407.7039 	EXP 	Line4: autoDraw = False
407.7039 	EXP 	Probe: autoDraw = False
407.7039 	EXP 	Fixation: autoDraw = True
407.8948 	EXP 	Device response: <KeyPress from None: t=407.69130959099857, value=z, duration=0.1961836660047993>
408.6849 	EXP 	Line1: autoDraw = True
408.6849 	EXP 	Line2: autoDraw = True
408.6849 	EXP 	Line3: autoDraw = True
408.6849 	EXP 	Line4: autoDraw = True
408.7013 	EXP 	Fixation: autoDraw = False
409.6856 	INFO 	Keyboard events cleared
409.6854 	EXP 	Probe: autoDraw = True
410.3028 	EXP 	Device response: <KeyPress from None: t=410.2971676529851, value=c, duration=None>
410.3031 	EXP 	New trial (rep=18, index=69): <Trial 69 (69 in rep 18) data={'pos': np.int64(-150), 'corr_resp': 'z', 'thisN': 69, 'thisTrialN': 69, 'thisRepN': 18}>
410.3053 	DATA 	Keypress: c
410.3113 	EXP 	Fixation: autoDraw = False
410.3113 	EXP 	Line1: autoDraw = False
410.3113 	EXP 	Line2: autoDraw = False
410.3113 	EXP 	Line3: autoDraw = False
410.3113 	EXP 	Line4: autoDraw = False
410.3113 	EXP 	Probe: autoDraw = False
410.3113 	EXP 	Fixation: autoDraw = True
410.4618 	EXP 	Device response: <KeyPress from None: t=410.2971676529851, value=c, duration=0.16035253601148725>
411.3015 	EXP 	Fixation: autoDraw = False
411.3015 	EXP 	Line1: autoDraw = True
411.3015 	EXP 	Line2: autoDraw = True
411.3015 	EXP 	Line3: autoDraw = True
411.3015 	EXP 	Line4: autoDraw = True
412.3022 	INFO 	Keyboard events cleared
412.3020 	EXP 	Probe: autoDraw = True
413.1451 	EXP 	Device response: <KeyPress from None: t=413.1433725139941, value=z, duration=None>
413.1454 	EXP 	New trial (rep=18, index=70): <Trial 70 (70 in rep 18) data={'pos': np.int64(50), 'corr_resp': 'c', 'thisN': 70, 'thisTrialN': 70, 'thisRepN': 18}>
413.1513 	EXP 	Fixation: autoDraw = False
413.1513 	EXP 	Line1: autoDraw = False
413.1513 	EXP 	Line2: autoDraw = False
413.1513 	EXP 	Line3: autoDraw = False
413.1513 	EXP 	Line4: autoDraw = False
413.1513 	EXP 	Probe: autoDraw = False
413.1513 	EXP 	Fixation: autoDraw = True
413.1542 	DATA 	Keypress: z
413.3780 	EXP 	Device response: <KeyPress from None: t=413.1433725139941, value=z, duration=0.22912448301212862>
414.1350 	EXP 	Line1: autoDraw = True
414.1350 	EXP 	Line2: autoDraw = True
414.1350 	EXP 	Line3: autoDraw = True
414.1350 	EXP 	Line4: autoDraw = True
414.1443 	EXP 	Fixation: autoDraw = False
415.1446 	INFO 	Keyboard events cleared
415.1444 	EXP 	Probe: autoDraw = True
415.4784 	EXP 	Device response: <KeyPress from None: t=415.4770085270284, value=c, duration=None>
415.4787 	EXP 	New trial (rep=19, index=71): <Trial 71 (71 in rep 19) data={'pos': np.int64(50), 'corr_resp': 'c', 'thisN': 71, 'thisTrialN': 71, 'thisRepN': 19}>
415.4846 	EXP 	Fixation: autoDraw = False
415.4846 	EXP 	Line1: autoDraw = False
415.4846 	EXP 	Line2: autoDraw = False
415.4846 	EXP 	Line3: autoDraw = False
415.4846 	EXP 	Line4: autoDraw = False
415.4846 	EXP 	Probe: autoDraw = False
415.4846 	EXP 	Fixation: autoDraw = True
415.4873 	DATA 	Keypress: c
415.6618 	EXP 	Device response: <KeyPress from None: t=415.4770085270284, value=c, duration=0.18022832198766991>
416.4776 	EXP 	Fixation: autoDraw = False
416.4776 	EXP 	Line1: autoDraw = True
416.4776 	EXP 	Line2: autoDraw = True
416.4776 	EXP 	Line3: autoDraw = True
416.4776 	EXP 	Line4: autoDraw = True
417.4779 	INFO 	Keyboard events cleared
417.4777 	EXP 	Probe: autoDraw = True
417.8615 	EXP 	Device response: <KeyPress from None: t=417.8549314379925, value=c, duration=None>
417.8618 	EXP 	New trial (rep=16, index=72): <Trial 72 (72 in rep 16) data={'pos': np.int64(-50), 'corr_resp': 'x', 'thisN': 72, 'thisTrialN': 72, 'thisRepN': 16}>
417.8640 	DATA 	Keypress: c
417.8703 	EXP 	Fixation: autoDraw = False
417.8703 	EXP 	Line1: autoDraw = False
417.8703 	EXP 	Line2: autoDraw = False
417.8703 	EXP 	Line3: autoDraw = False
417.8703 	EXP 	Line4: autoDraw = False
417.8703 	EXP 	Probe: autoDraw = False
417.8703 	EXP 	Fixation: autoDraw = True
418.0446 	EXP 	Device response: <KeyPress from None: t=417.8549314379925, value=c, duration=0.18427447800058872>
418.8515 	EXP 	Line1: autoDraw = True
418.8515 	EXP 	Line2: autoDraw = True
418.8515 	EXP 	Line3: autoDraw = True
418.8515 	EXP 	Line4: autoDraw = True
418.8672 	EXP 	Fixation: autoDraw = False
419.8519 	INFO 	Keyboard events cleared
419.8517 	EXP 	Probe: autoDraw = True
420.4525 	EXP 	Device response: <KeyPress from None: t=420.44813207304105, value=x, duration=None>
420.4528 	EXP 	New trial (rep=20, index=73): <Trial 73 (73 in rep 20) data={'pos': np.int64(50), 'corr_resp': 'c', 'thisN': 73, 'thisTrialN': 73, 'thisRepN': 20}>
420.4551 	DATA 	Keypress: x
420.4612 	EXP 	Fixation: autoDraw = False
420.4612 	EXP 	Line1: autoDraw = False
420.4612 	EXP 	Line2: autoDraw = False
420.4612 	EXP 	Line3: autoDraw = False
420.4612 	EXP 	Line4: autoDraw = False
420.4612 	EXP 	Probe: autoDraw = False
420.4612 	EXP 	Fixation: autoDraw = True
420.6684 	EXP 	Device response: <KeyPress from None: t=420.44813207304105, value=x, duration=0.21300522197270766>
421.4513 	EXP 	Fixation: autoDraw = False
421.4513 	EXP 	Line1: autoDraw = True
421.4513 	EXP 	Line2: autoDraw = True
421.4513 	EXP 	Line3: autoDraw = True
421.4513 	EXP 	Line4: autoDraw = True
422.4521 	INFO 	Keyboard events cleared
422.4518 	EXP 	Probe: autoDraw = True
423.0280 	EXP 	Device response: <KeyPress from None: t=423.0186737620388, value=c, duration=None>
423.0282 	EXP 	New trial (rep=17, index=74): <Trial 74 (74 in rep 17) data={'pos': np.int64(150), 'corr_resp': 'v', 'thisN': 74, 'thisTrialN': 74, 'thisRepN': 17}>
423.0305 	DATA 	Keypress: c
423.0367 	EXP 	Fixation: autoDraw = False
423.0367 	EXP 	Line1: autoDraw = False
423.0367 	EXP 	Line2: autoDraw = False
423.0367 	EXP 	Line3: autoDraw = False
423.0367 	EXP 	Line4: autoDraw = False
423.0367 	EXP 	Probe: autoDraw = False
423.0367 	EXP 	Fixation: autoDraw = True
423.1950 	EXP 	Device response: <KeyPress from None: t=423.0186737620388, value=c, duration=0.1722614969476126>
424.0182 	EXP 	Line1: autoDraw = True
424.0182 	EXP 	Line2: autoDraw = True
424.0182 	EXP 	Line3: autoDraw = True
424.0182 	EXP 	Line4: autoDraw = True
424.0344 	EXP 	Fixation: autoDraw = False
425.0183 	INFO 	Keyboard events cleared
425.0181 	EXP 	Probe: autoDraw = True
425.9949 	EXP 	Device response: <KeyPress from None: t=425.9935991159873, value=v, duration=None>
425.9952 	EXP 	New trial (rep=17, index=75): <Trial 75 (75 in rep 17) data={'pos': np.int64(-50), 'corr_resp': 'x', 'thisN': 75, 'thisTrialN': 75, 'thisRepN': 17}>
426.0012 	EXP 	Fixation: autoDraw = False
426.0012 	EXP 	Line1: autoDraw = False
426.0012 	EXP 	Line2: autoDraw = False
426.0012 	EXP 	Line3: autoDraw = False
426.0012 	EXP 	Line4: autoDraw = False
426.0012 	EXP 	Probe: autoDraw = False
426.0012 	EXP 	Fixation: autoDraw = True
426.0041 	DATA 	Keypress: v
426.1278 	EXP 	Device response: <KeyPress from None: t=425.9935991159873, value=v, duration=0.128198518010322>
426.9851 	EXP 	Line1: autoDraw = True
426.9851 	EXP 	Line2: autoDraw = True
426.9851 	EXP 	Line3: autoDraw = True
426.9851 	EXP 	Line4: autoDraw = True
426.9942 	EXP 	Fixation: autoDraw = False
427.9854 	INFO 	Keyboard events cleared
427.9851 	EXP 	Probe: autoDraw = True
428.4692 	EXP 	Device response: <KeyPress from None: t=428.46250483603217, value=x, duration=None>
428.4695 	EXP 	New trial (rep=18, index=76): <Trial 76 (76 in rep 18) data={'pos': np.int64(150), 'corr_resp': 'v', 'thisN': 76, 'thisTrialN': 76, 'thisRepN': 18}>
428.4721 	DATA 	Keypress: x
428.4781 	EXP 	Fixation: autoDraw = False
428.4781 	EXP 	Line1: autoDraw = False
428.4781 	EXP 	Line2: autoDraw = False
428.4781 	EXP 	Line3: autoDraw = False
428.4781 	EXP 	Line4: autoDraw = False
428.4781 	EXP 	Probe: autoDraw = False
428.4781 	EXP 	Fixation: autoDraw = True
428.6446 	EXP 	Device response: <KeyPress from None: t=428.46250483603217, value=x, duration=0.17206325195729733>
429.4679 	EXP 	Fixation: autoDraw = False
429.4679 	EXP 	Line1: autoDraw = True
429.4679 	EXP 	Line2: autoDraw = True
429.4679 	EXP 	Line3: autoDraw = True
429.4679 	EXP 	Line4: autoDraw = True
430.4684 	INFO 	Keyboard events cleared
430.4682 	EXP 	Probe: autoDraw = True
431.0355 	EXP 	Device response: <KeyPress from None: t=431.0287057440146, value=v, duration=None>
431.0358 	EXP 	New trial (rep=18, index=77): <Trial 77 (77 in rep 18) data={'pos': np.int64(-50), 'corr_resp': 'x', 'thisN': 77, 'thisTrialN': 77, 'thisRepN': 18}>
431.0381 	DATA 	Keypress: v
431.0442 	EXP 	Fixation: autoDraw = False
431.0442 	EXP 	Line1: autoDraw = False
431.0442 	EXP 	Line2: autoDraw = False
431.0442 	EXP 	Line3: autoDraw = False
431.0442 	EXP 	Line4: autoDraw = False
431.0442 	EXP 	Probe: autoDraw = False
431.0442 	EXP 	Fixation: autoDraw = True
431.2111 	EXP 	Device response: <KeyPress from None: t=431.0287057440146, value=v, duration=0.17711013701045886>
432.0345 	EXP 	Fixation: autoDraw = False
432.0345 	EXP 	Line1: autoDraw = True
432.0345 	EXP 	Line2: autoDraw = True
432.0345 	EXP 	Line3: autoDraw = True
432.0345 	EXP 	Line4: autoDraw = True
433.0354 	INFO 	Keyboard events cleared
433.0351 	EXP 	Probe: autoDraw = True
433.4952 	EXP 	Device response: <KeyPress from None: t=433.4941950539942, value=x, duration=None>
433.4955 	EXP 	New trial (rep=19, index=78): <Trial 78 (78 in rep 19) data={'pos': np.int64(150), 'corr_resp': 'v', 'thisN': 78, 'thisTrialN': 78, 'thisRepN': 19}>
433.5014 	EXP 	Fixation: autoDraw = False
433.5014 	EXP 	Line1: autoDraw = False
433.5014 	EXP 	Line2: autoDraw = False
433.5014 	EXP 	Line3: autoDraw = False
433.5014 	EXP 	Line4: autoDraw = False
433.5014 	EXP 	Probe: autoDraw = False
433.5014 	EXP 	Fixation: autoDraw = True
433.5044 	DATA 	Keypress: x
433.6616 	EXP 	Device response: <KeyPress from None: t=433.4941950539942, value=x, duration=0.16437202802626416>
434.4941 	EXP 	Line1: autoDraw = True
434.4941 	EXP 	Line2: autoDraw = True
434.4941 	EXP 	Line3: autoDraw = True
434.4941 	EXP 	Line4: autoDraw = True
434.5006 	EXP 	Fixation: autoDraw = False
435.4942 	INFO 	Keyboard events cleared
435.4940 	EXP 	Probe: autoDraw = True
436.0023 	EXP 	Device response: <KeyPress from None: t=436.00027536199195, value=v, duration=None>
436.0026 	EXP 	New trial (rep=19, index=79): <Trial 79 (79 in rep 19) data={'pos': np.int64(-150), 'corr_resp': 'z', 'thisN': 79, 'thisTrialN': 79, 'thisRepN': 19}>
436.0104 	EXP 	Fixation: autoDraw = False
436.0104 	EXP 	Line1: autoDraw = False
436.0104 	EXP 	Line2: autoDraw = False
436.0104 	EXP 	Line3: autoDraw = False
436.0104 	EXP 	Line4: autoDraw = False
436.0104 	EXP 	Probe: autoDraw = False
436.0104 	EXP 	Fixation: autoDraw = True
436.0133 	DATA 	Keypress: v
436.1851 	EXP 	Device response: <KeyPress from None: t=436.00027536199195, value=v, duration=0.18025449599372223>
437.0012 	EXP 	Fixation: autoDraw = False
437.0012 	EXP 	Line1: autoDraw = True
437.0012 	EXP 	Line2: autoDraw = True
437.0012 	EXP 	Line3: autoDraw = True
437.0012 	EXP 	Line4: autoDraw = True
438.0019 	INFO 	Keyboard events cleared
438.0017 	EXP 	Probe: autoDraw = True
438.4855 	EXP 	Device response: <KeyPress from None: t=438.48143702500965, value=z, duration=None>
438.4858 	EXP 	New trial (rep=19, index=80): <Trial 80 (80 in rep 19) data={'pos': np.int64(-50), 'corr_resp': 'x', 'thisN': 80, 'thisTrialN': 80, 'thisRepN': 19}>
438.4881 	DATA 	Keypress: z
438.4941 	EXP 	Fixation: autoDraw = False
438.4941 	EXP 	Line1: autoDraw = False
438.4941 	EXP 	Line2: autoDraw = False
438.4941 	EXP 	Line3: autoDraw = False
438.4941 	EXP 	Line4: autoDraw = False
438.4941 	EXP 	Probe: autoDraw = False
438.4941 	EXP 	Fixation: autoDraw = True
438.7288 	EXP 	Device response: <KeyPress from None: t=438.48143702500965, value=z, duration=0.23700349498540163>
439.4844 	EXP 	Fixation: autoDraw = False
439.4844 	EXP 	Line1: autoDraw = True
439.4844 	EXP 	Line2: autoDraw = True
439.4844 	EXP 	Line3: autoDraw = True
439.4844 	EXP 	Line4: autoDraw = True
440.4849 	INFO 	Keyboard events cleared
440.4847 	EXP 	Probe: autoDraw = True
440.9187 	EXP 	Device response: <KeyPress from None: t=440.9140653529903, value=x, duration=None>
440.9190 	EXP 	New trial (rep=20, index=81): <Trial 81 (81 in rep 20) data={'pos': np.int64(-150), 'corr_resp': 'z', 'thisN': 81, 'thisTrialN': 81, 'thisRepN': 20}>
440.9213 	DATA 	Keypress: x
440.9274 	EXP 	Fixation: autoDraw = False
440.9274 	EXP 	Line1: autoDraw = False
440.9274 	EXP 	Line2: autoDraw = False
440.9274 	EXP 	Line3: autoDraw = False
440.9274 	EXP 	Line4: autoDraw = False
440.9274 	EXP 	Probe: autoDraw = False
440.9274 	EXP 	Fixation: autoDraw = True
441.0685 	EXP 	Device response: <KeyPress from None: t=440.9140653529903, value=x, duration=0.15231353900162503>
441.9177 	EXP 	Fixation: autoDraw = False
441.9177 	EXP 	Line1: autoDraw = True
441.9177 	EXP 	Line2: autoDraw = True
441.9177 	EXP 	Line3: autoDraw = True
441.9177 	EXP 	Line4: autoDraw = True
442.9184 	INFO 	Keyboard events cleared
442.9182 	EXP 	Probe: autoDraw = True
443.5114 	EXP 	Device response: <KeyPress from None: t=443.50990298303077, value=z, duration=None>
443.5116 	EXP 	New trial (rep=20, index=82): <Trial 82 (82 in rep 20) data={'pos': np.int64(-50), 'corr_resp': 'x', 'thisN': 82, 'thisTrialN': 82, 'thisRepN': 20}>
443.5175 	EXP 	Fixation: autoDraw = False
443.5175 	EXP 	Line1: autoDraw = False
443.5175 	EXP 	Line2: autoDraw = False
443.5175 	EXP 	Line3: autoDraw = False
443.5175 	EXP 	Line4: autoDraw = False
443.5175 	EXP 	Probe: autoDraw = False
443.5175 	EXP 	Fixation: autoDraw = True
443.5205 	DATA 	Keypress: z
443.7846 	EXP 	Device response: <KeyPress from None: t=443.50990298303077, value=z, duration=0.2722777539747767>
444.5105 	EXP 	Fixation: autoDraw = False
444.5105 	EXP 	Line1: autoDraw = True
444.5105 	EXP 	Line2: autoDraw = True
444.5105 	EXP 	Line3: autoDraw = True
444.5105 	EXP 	Line4: autoDraw = True
445.5107 	INFO 	Keyboard events cleared
445.5105 	EXP 	Probe: autoDraw = True
445.9517 	EXP 	Device response: <KeyPress from None: t=445.94788376201177, value=x, duration=None>
445.9520 	EXP 	New trial (rep=21, index=83): <Trial 83 (83 in rep 21) data={'pos': np.int64(-150), 'corr_resp': 'z', 'thisN': 83, 'thisTrialN': 83, 'thisRepN': 21}>
445.9542 	DATA 	Keypress: x
445.9602 	EXP 	Fixation: autoDraw = False
445.9602 	EXP 	Line1: autoDraw = False
445.9602 	EXP 	Line2: autoDraw = False
445.9602 	EXP 	Line3: autoDraw = False
445.9602 	EXP 	Line4: autoDraw = False
445.9602 	EXP 	Probe: autoDraw = False
445.9602 	EXP 	Fixation: autoDraw = True
446.1184 	EXP 	Device response: <KeyPress from None: t=445.94788376201177, value=x, duration=0.1642190560232848>
446.9494 	EXP 	Fixation: autoDraw = False
446.9494 	EXP 	Line1: autoDraw = True
446.9494 	EXP 	Line2: autoDraw = True
446.9494 	EXP 	Line3: autoDraw = True
446.9494 	EXP 	Line4: autoDraw = True
447.9515 	INFO 	Keyboard events cleared
447.9513 	EXP 	Probe: autoDraw = True
448.4356 	EXP 	Device response: <KeyPress from None: t=448.4308603249956, value=z, duration=None>
448.4359 	EXP 	New trial (rep=20, index=84): <Trial 84 (84 in rep 20) data={'pos': np.int64(150), 'corr_resp': 'v', 'thisN': 84, 'thisTrialN': 84, 'thisRepN': 20}>
448.4381 	DATA 	Keypress: z
448.4442 	EXP 	Fixation: autoDraw = False
448.4442 	EXP 	Line1: autoDraw = False
448.4442 	EXP 	Line2: autoDraw = False
448.4442 	EXP 	Line3: autoDraw = False
448.4442 	EXP 	Line4: autoDraw = False
448.4442 	EXP 	Probe: autoDraw = False
448.4442 	EXP 	Fixation: autoDraw = True
448.6779 	EXP 	Device response: <KeyPress from None: t=448.4308603249956, value=z, duration=0.24444278003647923>
449.4346 	EXP 	Fixation: autoDraw = False
449.4346 	EXP 	Line1: autoDraw = True
449.4346 	EXP 	Line2: autoDraw = True
449.4346 	EXP 	Line3: autoDraw = True
449.4346 	EXP 	Line4: autoDraw = True
450.4347 	INFO 	Keyboard events cleared
450.4345 	EXP 	Probe: autoDraw = True
451.3274 	EXP 	Device response: <KeyPress from None: t=451.3176177230198, value=v, duration=None>
451.3277 	EXP 	New trial (rep=22, index=85): <Trial 85 (85 in rep 22) data={'pos': np.int64(-150), 'corr_resp': 'z', 'thisN': 85, 'thisTrialN': 85, 'thisRepN': 22}>
451.3300 	DATA 	Keypress: v
451.3362 	EXP 	Fixation: autoDraw = False
451.3362 	EXP 	Line1: autoDraw = False
451.3362 	EXP 	Line2: autoDraw = False
451.3362 	EXP 	Line3: autoDraw = False
451.3362 	EXP 	Line4: autoDraw = False
451.3362 	EXP 	Probe: autoDraw = False
451.3362 	EXP 	Fixation: autoDraw = True
451.4776 	EXP 	Device response: <KeyPress from None: t=451.3176177230198, value=v, duration=0.15192263497738168>
452.3178 	EXP 	Line1: autoDraw = True
452.3178 	EXP 	Line2: autoDraw = True
452.3178 	EXP 	Line3: autoDraw = True
452.3178 	EXP 	Line4: autoDraw = True
452.3340 	EXP 	Fixation: autoDraw = False
453.3181 	INFO 	Keyboard events cleared
453.3179 	EXP 	Probe: autoDraw = True
453.7945 	EXP 	Device response: <KeyPress from None: t=453.78975836001337, value=z, duration=None>
453.7948 	EXP 	New trial (rep=21, index=86): <Trial 86 (86 in rep 21) data={'pos': np.int64(150), 'corr_resp': 'v', 'thisN': 86, 'thisTrialN': 86, 'thisRepN': 21}>
453.7970 	DATA 	Keypress: z
453.8032 	EXP 	Fixation: autoDraw = False
453.8032 	EXP 	Line1: autoDraw = False
453.8032 	EXP 	Line2: autoDraw = False
453.8032 	EXP 	Line3: autoDraw = False
453.8032 	EXP 	Line4: autoDraw = False
453.8032 	EXP 	Probe: autoDraw = False
453.8032 	EXP 	Fixation: autoDraw = True
454.0117 	EXP 	Device response: <KeyPress from None: t=453.78975836001337, value=z, duration=0.22017402097117156>
454.7844 	EXP 	Line1: autoDraw = True
454.7844 	EXP 	Line2: autoDraw = True
454.7844 	EXP 	Line3: autoDraw = True
454.7844 	EXP 	Line4: autoDraw = True
454.8008 	EXP 	Fixation: autoDraw = False
455.7940 	INFO 	Keyboard events cleared
455.7938 	EXP 	Probe: autoDraw = True
456.4514 	EXP 	Device response: <KeyPress from None: t=456.44940175599186, value=v, duration=None>
456.4517 	EXP 	New trial (rep=22, index=87): <Trial 87 (87 in rep 22) data={'pos': np.int64(150), 'corr_resp': 'v', 'thisN': 87, 'thisTrialN': 87, 'thisRepN': 22}>
456.4601 	EXP 	Fixation: autoDraw = False
456.4601 	EXP 	Line1: autoDraw = False
456.4601 	EXP 	Line2: autoDraw = False
456.4601 	EXP 	Line3: autoDraw = False
456.4601 	EXP 	Line4: autoDraw = False
456.4601 	EXP 	Probe: autoDraw = False
456.4601 	EXP 	Fixation: autoDraw = True
456.4630 	DATA 	Keypress: v
456.6442 	EXP 	Device response: <KeyPress from None: t=456.44940175599186, value=v, duration=0.18431379704270512>
457.4508 	EXP 	Fixation: autoDraw = False
457.4508 	EXP 	Line1: autoDraw = True
457.4508 	EXP 	Line2: autoDraw = True
457.4508 	EXP 	Line3: autoDraw = True
457.4508 	EXP 	Line4: autoDraw = True
458.4520 	INFO 	Keyboard events cleared
458.4518 	EXP 	Probe: autoDraw = True
459.1612 	EXP 	Device response: <KeyPress from None: t=459.1592657220317, value=v, duration=None>
459.1615 	EXP 	New trial (rep=21, index=88): <Trial 88 (88 in rep 21) data={'pos': np.int64(50), 'corr_resp': 'c', 'thisN': 88, 'thisTrialN': 88, 'thisRepN': 21}>
459.1674 	EXP 	Fixation: autoDraw = False
459.1674 	EXP 	Line1: autoDraw = False
459.1674 	EXP 	Line2: autoDraw = False
459.1674 	EXP 	Line3: autoDraw = False
459.1674 	EXP 	Line4: autoDraw = False
459.1674 	EXP 	Probe: autoDraw = False
459.1674 	EXP 	Fixation: autoDraw = True
459.1708 	DATA 	Keypress: v
459.3184 	EXP 	Device response: <KeyPress from None: t=459.1592657220317, value=v, duration=0.15561543800868094>
460.1603 	EXP 	Fixation: autoDraw = False
460.1603 	EXP 	Line1: autoDraw = True
460.1603 	EXP 	Line2: autoDraw = True
460.1603 	EXP 	Line3: autoDraw = True
460.1603 	EXP 	Line4: autoDraw = True
461.1605 	INFO 	Keyboard events cleared
461.1602 	EXP 	Probe: autoDraw = True
461.7180 	EXP 	Device response: <KeyPress from None: t=461.7162174549885, value=c, duration=None>
461.7184 	EXP 	New trial (rep=21, index=89): <Trial 89 (89 in rep 21) data={'pos': np.int64(-50), 'corr_resp': 'x', 'thisN': 89, 'thisTrialN': 89, 'thisRepN': 21}>
461.7266 	EXP 	Fixation: autoDraw = False
461.7266 	EXP 	Line1: autoDraw = False
461.7266 	EXP 	Line2: autoDraw = False
461.7266 	EXP 	Line3: autoDraw = False
461.7266 	EXP 	Line4: autoDraw = False
461.7266 	EXP 	Probe: autoDraw = False
461.7266 	EXP 	Fixation: autoDraw = True
461.7293 	DATA 	Keypress: c
461.9275 	EXP 	Device response: <KeyPress from None: t=461.7162174549885, value=c, duration=0.20044044801034033>
462.7175 	EXP 	Fixation: autoDraw = False
462.7175 	EXP 	Line1: autoDraw = True
462.7175 	EXP 	Line2: autoDraw = True
462.7175 	EXP 	Line3: autoDraw = True
462.7175 	EXP 	Line4: autoDraw = True
463.7181 	INFO 	Keyboard events cleared
463.7179 	EXP 	Probe: autoDraw = True
464.2107 	EXP 	Device response: <KeyPress from None: t=464.20312115200795, value=x, duration=None>
464.2110 	EXP 	New trial (rep=22, index=90): <Trial 90 (90 in rep 22) data={'pos': np.int64(-50), 'corr_resp': 'x', 'thisN': 90, 'thisTrialN': 90, 'thisRepN': 22}>
464.2132 	DATA 	Keypress: x
464.2188 	EXP 	Fixation: autoDraw = False
464.2188 	EXP 	Line1: autoDraw = False
464.2188 	EXP 	Line2: autoDraw = False
464.2188 	EXP 	Line3: autoDraw = False
464.2188 	EXP 	Line4: autoDraw = False
464.2188 	EXP 	Probe: autoDraw = False
464.2188 	EXP 	Fixation: autoDraw = True
464.4012 	EXP 	Device response: <KeyPress from None: t=464.20312115200795, value=x, duration=0.19224234198918566>
465.2008 	EXP 	Line1: autoDraw = True
465.2008 	EXP 	Line2: autoDraw = True
465.2008 	EXP 	Line3: autoDraw = True
465.2008 	EXP 	Line4: autoDraw = True
465.2167 	EXP 	Fixation: autoDraw = False
466.2015 	INFO 	Keyboard events cleared
466.2013 	EXP 	Probe: autoDraw = True
466.6943 	EXP 	Device response: <KeyPress from None: t=466.68601823900826, value=x, duration=None>
466.6946 	EXP 	New trial (rep=23, index=91): <Trial 91 (91 in rep 23) data={'pos': np.int64(150), 'corr_resp': 'v', 'thisN': 91, 'thisTrialN': 91, 'thisRepN': 23}>
466.6970 	DATA 	Keypress: x
466.7025 	EXP 	Fixation: autoDraw = False
466.7025 	EXP 	Line1: autoDraw = False
466.7025 	EXP 	Line2: autoDraw = False
466.7025 	EXP 	Line3: autoDraw = False
466.7025 	EXP 	Line4: autoDraw = False
466.7025 	EXP 	Probe: autoDraw = False
466.7025 	EXP 	Fixation: autoDraw = True
466.8776 	EXP 	Device response: <KeyPress from None: t=466.68601823900826, value=x, duration=0.18027313298080117>
467.6842 	EXP 	Line1: autoDraw = True
467.6842 	EXP 	Line2: autoDraw = True
467.6842 	EXP 	Line3: autoDraw = True
467.6842 	EXP 	Line4: autoDraw = True
467.7006 	EXP 	Fixation: autoDraw = False
468.6937 	INFO 	Keyboard events cleared
468.6935 	EXP 	Probe: autoDraw = True
469.2944 	EXP 	Device response: <KeyPress from None: t=469.2929667640128, value=v, duration=None>
469.2947 	EXP 	New trial (rep=22, index=92): <Trial 92 (92 in rep 22) data={'pos': np.int64(50), 'corr_resp': 'c', 'thisN': 92, 'thisTrialN': 92, 'thisRepN': 22}>
469.3005 	EXP 	Fixation: autoDraw = False
469.3005 	EXP 	Line1: autoDraw = False
469.3005 	EXP 	Line2: autoDraw = False
469.3005 	EXP 	Line3: autoDraw = False
469.3005 	EXP 	Line4: autoDraw = False
469.3005 	EXP 	Probe: autoDraw = False
469.3005 	EXP 	Fixation: autoDraw = True
469.3035 	DATA 	Keypress: v
469.4608 	EXP 	Device response: <KeyPress from None: t=469.2929667640128, value=v, duration=0.16013587597990409>
470.2935 	EXP 	Fixation: autoDraw = False
470.2935 	EXP 	Line1: autoDraw = True
470.2935 	EXP 	Line2: autoDraw = True
470.2935 	EXP 	Line3: autoDraw = True
470.2935 	EXP 	Line4: autoDraw = True
471.2937 	INFO 	Keyboard events cleared
471.2935 	EXP 	Probe: autoDraw = True
471.7773 	EXP 	Device response: <KeyPress from None: t=471.77181251801085, value=c, duration=None>
471.7776 	EXP 	New trial (rep=23, index=93): <Trial 93 (93 in rep 23) data={'pos': np.int64(-150), 'corr_resp': 'z', 'thisN': 93, 'thisTrialN': 93, 'thisRepN': 23}>
471.7798 	DATA 	Keypress: c
471.7853 	EXP 	Fixation: autoDraw = False
471.7853 	EXP 	Line1: autoDraw = False
471.7853 	EXP 	Line2: autoDraw = False
471.7853 	EXP 	Line3: autoDraw = False
471.7853 	EXP 	Line4: autoDraw = False
471.7853 	EXP 	Probe: autoDraw = False
471.7853 	EXP 	Fixation: autoDraw = True
471.9612 	EXP 	Device response: <KeyPress from None: t=471.77181251801085, value=c, duration=0.1881784109864384>
472.7675 	EXP 	Line1: autoDraw = True
472.7675 	EXP 	Line2: autoDraw = True
472.7675 	EXP 	Line3: autoDraw = True
472.7675 	EXP 	Line4: autoDraw = True
472.7833 	EXP 	Fixation: autoDraw = False
473.7682 	INFO 	Keyboard events cleared
473.7680 	EXP 	Probe: autoDraw = True
474.2276 	EXP 	Device response: <KeyPress from None: t=474.2260325960233, value=z, duration=None>
474.2279 	EXP 	New trial (rep=24, index=94): <Trial 94 (94 in rep 24) data={'pos': np.int64(-150), 'corr_resp': 'z', 'thisN': 94, 'thisTrialN': 94, 'thisRepN': 24}>
474.2337 	EXP 	Fixation: autoDraw = False
474.2337 	EXP 	Line1: autoDraw = False
474.2337 	EXP 	Line2: autoDraw = False
474.2337 	EXP 	Line3: autoDraw = False
474.2337 	EXP 	Line4: autoDraw = False
474.2337 	EXP 	Probe: autoDraw = False
474.2337 	EXP 	Fixation: autoDraw = True
474.2365 	DATA 	Keypress: z
474.4772 	EXP 	Device response: <KeyPress from None: t=474.2260325960233, value=z, duration=0.24408104398753494>
475.2267 	EXP 	Fixation: autoDraw = False
475.2267 	EXP 	Line1: autoDraw = True
475.2267 	EXP 	Line2: autoDraw = True
475.2267 	EXP 	Line3: autoDraw = True
475.2267 	EXP 	Line4: autoDraw = True
476.2270 	INFO 	Keyboard events cleared
476.2268 	EXP 	Probe: autoDraw = True
476.5776 	EXP 	Device response: <KeyPress from None: t=476.5755298139993, value=z, duration=None>
476.5779 	EXP 	New trial (rep=23, index=95): <Trial 95 (95 in rep 23) data={'pos': np.int64(50), 'corr_resp': 'c', 'thisN': 95, 'thisTrialN': 95, 'thisRepN': 23}>
476.5802 	DATA 	Keypress: z
476.5865 	EXP 	Fixation: autoDraw = False
476.5865 	EXP 	Line1: autoDraw = False
476.5865 	EXP 	Line2: autoDraw = False
476.5865 	EXP 	Line3: autoDraw = False
476.5865 	EXP 	Line4: autoDraw = False
476.5865 	EXP 	Probe: autoDraw = False
476.5865 	EXP 	Fixation: autoDraw = True
476.8508 	EXP 	Device response: <KeyPress from None: t=476.5755298139993, value=z, duration=0.2724636060302146>
477.5768 	EXP 	Line1: autoDraw = True
477.5768 	EXP 	Line2: autoDraw = True
477.5768 	EXP 	Line3: autoDraw = True
477.5768 	EXP 	Line4: autoDraw = True
477.5837 	EXP 	Fixation: autoDraw = False
478.5770 	INFO 	Keyboard events cleared
478.5767 	EXP 	Probe: autoDraw = True
479.1998 	EXP 	Device response: <KeyPress from None: t=479.1966419609962, value=c, duration=None>
479.2001 	EXP 	New trial (rep=23, index=96): <Trial 96 (96 in rep 23) data={'pos': np.int64(-50), 'corr_resp': 'x', 'thisN': 96, 'thisTrialN': 96, 'thisRepN': 23}>
479.2024 	DATA 	Keypress: c
479.2097 	EXP 	Fixation: autoDraw = False
479.2097 	EXP 	Line1: autoDraw = False
479.2097 	EXP 	Line2: autoDraw = False
479.2097 	EXP 	Line3: autoDraw = False
479.2097 	EXP 	Line4: autoDraw = False
479.2097 	EXP 	Probe: autoDraw = False
479.2097 	EXP 	Fixation: autoDraw = True
479.3775 	EXP 	Device response: <KeyPress from None: t=479.1966419609962, value=c, duration=0.17985377099830657>
480.1988 	EXP 	Fixation: autoDraw = False
480.1988 	EXP 	Line1: autoDraw = True
480.1988 	EXP 	Line2: autoDraw = True
480.1988 	EXP 	Line3: autoDraw = True
480.1988 	EXP 	Line4: autoDraw = True
481.1988 	INFO 	Keyboard events cleared
481.1987 	EXP 	Probe: autoDraw = True
481.6936 	EXP 	Device response: <KeyPress from None: t=481.6885290259961, value=x, duration=None>
481.6939 	EXP 	New trial (rep=24, index=97): <Trial 97 (97 in rep 24) data={'pos': np.int64(-50), 'corr_resp': 'x', 'thisN': 97, 'thisTrialN': 97, 'thisRepN': 24}>
481.6961 	DATA 	Keypress: x
481.7021 	EXP 	Fixation: autoDraw = False
481.7021 	EXP 	Line1: autoDraw = False
481.7021 	EXP 	Line2: autoDraw = False
481.7021 	EXP 	Line3: autoDraw = False
481.7021 	EXP 	Line4: autoDraw = False
481.7021 	EXP 	Probe: autoDraw = False
481.7021 	EXP 	Fixation: autoDraw = True
481.8668 	EXP 	Device response: <KeyPress from None: t=481.6885290259961, value=x, duration=0.17214146204059944>
482.6832 	EXP 	Line1: autoDraw = True
482.6832 	EXP 	Line2: autoDraw = True
482.6832 	EXP 	Line3: autoDraw = True
482.6832 	EXP 	Line4: autoDraw = True
482.6996 	EXP 	Fixation: autoDraw = False
483.6837 	INFO 	Keyboard events cleared
483.6834 	EXP 	Probe: autoDraw = True
484.1338 	EXP 	Device response: <KeyPress from None: t=484.1303906030371, value=x, duration=None>
484.1341 	EXP 	New trial (rep=24, index=98): <Trial 98 (98 in rep 24) data={'pos': np.int64(150), 'corr_resp': 'v', 'thisN': 98, 'thisTrialN': 98, 'thisRepN': 24}>
484.1364 	DATA 	Keypress: x
484.1422 	EXP 	Fixation: autoDraw = False
484.1422 	EXP 	Line1: autoDraw = False
484.1422 	EXP 	Line2: autoDraw = False
484.1422 	EXP 	Line3: autoDraw = False
484.1422 	EXP 	Line4: autoDraw = False
484.1422 	EXP 	Probe: autoDraw = False
484.1422 	EXP 	Fixation: autoDraw = True
484.3002 	EXP 	Device response: <KeyPress from None: t=484.1303906030371, value=x, duration=0.1639480899902992>
485.1339 	EXP 	Fixation: autoDraw = False
485.1339 	EXP 	Line1: autoDraw = True
485.1339 	EXP 	Line2: autoDraw = True
485.1339 	EXP 	Line3: autoDraw = True
485.1339 	EXP 	Line4: autoDraw = True
486.1332 	INFO 	Keyboard events cleared
486.1330 	EXP 	Probe: autoDraw = True
486.7772 	EXP 	Device response: <KeyPress from None: t=486.77517716103466, value=v, duration=None>
486.7775 	EXP 	New trial (rep=24, index=99): <Trial 99 (99 in rep 24) data={'pos': np.int64(50), 'corr_resp': 'c', 'thisN': 99, 'thisTrialN': 99, 'thisRepN': 24}>
486.7797 	DATA 	Keypress: v
486.7851 	EXP 	Fixation: autoDraw = False
486.7851 	EXP 	Line1: autoDraw = False
486.7851 	EXP 	Line2: autoDraw = False
486.7851 	EXP 	Line3: autoDraw = False
486.7851 	EXP 	Line4: autoDraw = False
486.7851 	EXP 	Probe: autoDraw = False
486.7851 	EXP 	Fixation: autoDraw = True
486.9662 	EXP 	Device response: <KeyPress from None: t=486.77517716103466, value=v, duration=0.18823816400254145>
487.7761 	EXP 	Line1: autoDraw = True
487.7761 	EXP 	Line2: autoDraw = True
487.7761 	EXP 	Line3: autoDraw = True
487.7761 	EXP 	Line4: autoDraw = True
487.7824 	EXP 	Fixation: autoDraw = False
488.7760 	INFO 	Keyboard events cleared
488.7759 	EXP 	Probe: autoDraw = True
489.2267 	EXP 	Device response: <KeyPress from None: t=489.2190550020314, value=c, duration=None>
489.2289 	DATA 	Keypress: c
489.2344 	EXP 	Fixation: autoDraw = False
489.2344 	EXP 	Line1: autoDraw = False
489.2344 	EXP 	Line2: autoDraw = False
489.2344 	EXP 	Line3: autoDraw = False
489.2344 	EXP 	Line4: autoDraw = False
489.2344 	EXP 	Probe: autoDraw = False
489.2345 	EXP 	Motor Sequence Learning: status = STOPPED
489.2963 	INFO 	saved data to '/Users/ayk-j/Desktop/data/01_Motor Sequence Learning_2025-10-02_17h09.06.189.csv'
489.2980 	INFO 	saved data to /Users/ayk-j/Desktop/data/01_Motor Sequence Learning_2025-10-02_17h09.06.189.psydat
490.1257 	WARNING 	Stopping key buffers but this could be dangerous ifother keyboards rely on the same.
490.1257 	WARNING 	Stopping key buffers but this could be dangerous ifother keyboards rely on the same.
490.1258 	WARNING 	Stopping key buffers but this could be dangerous ifother keyboards rely on the same.
