29.6812 	WARNING 	Font Manager failed to load file /System/Library/PrivateFrameworks/FontServices.framework/Resources/Reserved/PingFangUI.ttc
29.8413 	WARNING 	Font Manager failed to load file /System/Library/PrivateFrameworks/FontServices.framework/Resources/Reserved/PingFangUI.ttc
33.6137 	INFO 	Loaded monitor calibration from ['2025_08_12 09:40']
33.6257 	WARNING 	User requested fullscreen with size [1024  768], but screen is actually [1440, 900]. Using actual size
33.9014 	INFO 	Using renderer 'Intel(R) Iris(TM) Plus Graphics 655' for graphics
33.9015 	INFO 	OpenGL version supported by driver is 2..
33.9268 	EXP 	Created window1 = Window(allowGUI=False, allowStencil=False, autoLog=True, backendConf=UNKNOWN, backgroundFit=<method-wrapper '__getattribute__' of attributeSetter object at 0x132fa5570>, backgroundImage=<method-wrapper '__getattribute__' of attributeSetter object at 0x132fa55d0>, bitsMode=UNKNOWN, blendMode='avg', bpc=(8, 8, 8), color=array([0, 0, 0]), colorSpace='rgb', depthBits=8, fullscr=True, gamma=None, gammaErrorPolicy='raise', infoMsg=UNKNOWN, lms=UNKNOWN, monitor=<psychopy.monitors.calibTools.Monitor object at 0x13298b8b0>, multiSample=False, name='window1', numSamples=2, pos=[np.float64(0.0), np.float64(0.0)], screen=0, size=array([2880, 1800]), stencilBits=0, stereo=False, title='PsychoPy', units='height', useFBO=True, useRetina=True, viewOri=0.0, viewPos=None, viewScale=None, waitBlanking=True, winType='pyglet')
33.9269 	EXP 	window1: backgroundImage = ''
33.9270 	EXP 	window1: backgroundFit = 'none'
34.4153 	EXP 	window1: Attempting to measure frame rate of screen (0) ...
34.4153 	EXP 	window1: recordFrameIntervals = False
34.9201 	EXP 	window1: recordFrameIntervals = True
35.0218 	WARNING 	t of last frame was 21.12ms (=1/47)
35.2800 	EXP 	Screen (0) actual frame rate measured at 84.46Hz
35.2802 	EXP 	window1: recordFrameIntervals = False
38.3435 	INFO 	keyboard.Keyboard is using ptb backend.
38.7507 	INFO 	keyboard.Keyboard is using ptb backend.
39.1551 	INFO 	keyboard.Keyboard is using ptb backend.
39.1551 	EXP 	Motor Sequence Learning: status = STARTED
39.1634 	EXP 	Created fixation = ShapeStim(__class__=<class 'psychopy.visual.shape.ShapeStim'>, anchor=('center', 'center'), autoDraw=False, autoLog=True, closeShape=True, color=method-wrapper(...), colorSpace='rgb', contrast=None, depth=0.0, draggable=False, fillColor=array([-0.2549,  0.2392,  0.2549]), fillColorSpace='rgb', fillRGB=array([-0.2549,  0.2392,  0.2549]), interpolate=True, lineColor=array([1., 1., 1.]), lineColorSpace='rgb', lineRGB=array([1, 1, 1]), lineWidth=1.0, name='fixation', opacity=1, ori=0.0, pos=array([0., 0.]), size=array([10., 10.]), units='pix', vertices=ndarray(...), win=Window(...), windingRule=None)
39.1653 	EXP 	Created line1 = Rect(__class__=<class 'psychopy.visual.rect.Rect'>, anchor=('center', 'center'), autoDraw=False, autoLog=True, closeShape=True, color=method-wrapper(...), colorSpace='rgb', contrast=None, depth=-1.0, draggable=False, fillColor=array([1, 1, 1]), fillColorSpace='rgb', fillRGB=array([1, 1, 1]), interpolate=True, lineColor=array([1., 1., 1.]), lineColorSpace='rgb', lineRGB=array([1, 1, 1]), lineWidth=1.0, name='line1', opacity=1, ori=90.0, pos=array([-150.,    0.]), size=array([100.,  10.]), units='pix', vertices=ndarray(...), win=Window(...))
39.1671 	EXP 	Created line2 = Rect(__class__=<class 'psychopy.visual.rect.Rect'>, anchor=('center', 'center'), autoDraw=False, autoLog=True, closeShape=True, color=method-wrapper(...), colorSpace='rgb', contrast=None, depth=-2.0, draggable=False, fillColor=array([1, 1, 1]), fillColorSpace='rgb', fillRGB=array([1, 1, 1]), interpolate=True, lineColor=array([1., 1., 1.]), lineColorSpace='rgb', lineRGB=array([1, 1, 1]), lineWidth=1.0, name='line2', opacity=1, ori=90.0, pos=array([-50.,   0.]), size=array([100.,  10.]), units='pix', vertices=ndarray(...), win=Window(...))
39.1689 	EXP 	Created line3 = Rect(__class__=<class 'psychopy.visual.rect.Rect'>, anchor=('center', 'center'), autoDraw=False, autoLog=True, closeShape=True, color=method-wrapper(...), colorSpace='rgb', contrast=None, depth=-3.0, draggable=True, fillColor=array([1, 1, 1]), fillColorSpace='rgb', fillRGB=array([1, 1, 1]), interpolate=True, lineColor=array([1., 1., 1.]), lineColorSpace='rgb', lineRGB=array([1, 1, 1]), lineWidth=1.0, name='line3', opacity=1, ori=90.0, pos=array([50.,  0.]), size=array([100.,  10.]), units='pix', vertices=ndarray(...), win=Window(...))
39.1707 	EXP 	Created line4 = Rect(__class__=<class 'psychopy.visual.rect.Rect'>, anchor=('center', 'center'), autoDraw=False, autoLog=True, closeShape=True, color=method-wrapper(...), colorSpace='rgb', contrast=None, depth=-4.0, draggable=False, fillColor=array([1, 1, 1]), fillColorSpace='rgb', fillRGB=array([1, 1, 1]), interpolate=True, lineColor=array([1., 1., 1.]), lineColorSpace='rgb', lineRGB=array([1, 1, 1]), lineWidth=1.0, name='line4', opacity=1, ori=90.0, pos=array([150.,   0.]), size=array([100.,  10.]), units='pix', vertices=ndarray(...), win=Window(...))
39.1728 	EXP 	Created probe = ShapeStim(__class__=<class 'psychopy.visual.shape.ShapeStim'>, anchor=('center', 'center'), autoDraw=False, autoLog=True, closeShape=True, color=method-wrapper(...), colorSpace='rgb', contrast=None, depth=-5.0, draggable=False, fillColor=array([1, 1, 1]), fillColorSpace='rgb', fillRGB=array([1, 1, 1]), interpolate=True, lineColor=array([1., 1., 1.]), lineColorSpace='rgb', lineRGB=array([1, 1, 1]), lineWidth=1.0, name='probe', opacity=1, ori=0.0, pos=array([0., 0.]), size=array([10., 10.]), units='pix', vertices=ndarray(...), win=Window(...), windingRule=None)
39.1752 	EXP 	Created Fixation = ShapeStim(__class__=<class 'psychopy.visual.shape.ShapeStim'>, anchor=('center', 'center'), autoDraw=False, autoLog=True, closeShape=True, color=method-wrapper(...), colorSpace='rgb', contrast=None, depth=0.0, draggable=False, fillColor=array([1, 1, 1]), fillColorSpace='rgb', fillRGB=array([1, 1, 1]), interpolate=True, lineColor=array([1., 1., 1.]), lineColorSpace='rgb', lineRGB=array([1, 1, 1]), lineWidth=1.0, name='Fixation', opacity=1, ori=0.0, pos=array([0., 0.]), size=array([10., 10.]), units='pix', vertices=ndarray(...), win=Window(...), windingRule=None)
39.1770 	EXP 	Created Line1 = Rect(__class__=<class 'psychopy.visual.rect.Rect'>, anchor=('center', 'center'), autoDraw=False, autoLog=True, closeShape=True, color=method-wrapper(...), colorSpace='rgb', contrast=None, depth=-1.0, draggable=False, fillColor=array([1, 1, 1]), fillColorSpace='rgb', fillRGB=array([1, 1, 1]), interpolate=True, lineColor=array([1., 1., 1.]), lineColorSpace='rgb', lineRGB=array([1, 1, 1]), lineWidth=1.0, name='Line1', opacity=1, ori=90.0, pos=array([-150.,    0.]), size=array([100.,  10.]), units='pix', vertices=ndarray(...), win=Window(...))
39.1788 	EXP 	Created Line2 = Rect(__class__=<class 'psychopy.visual.rect.Rect'>, anchor=('center', 'center'), autoDraw=False, autoLog=True, closeShape=True, color=method-wrapper(...), colorSpace='rgb', contrast=None, depth=-2.0, draggable=False, fillColor=array([1, 1, 1]), fillColorSpace='rgb', fillRGB=array([1, 1, 1]), interpolate=True, lineColor=array([1., 1., 1.]), lineColorSpace='rgb', lineRGB=array([1, 1, 1]), lineWidth=1.0, name='Line2', opacity=1, ori=90.0, pos=array([-50.,   0.]), size=array([100.,  10.]), units='pix', vertices=ndarray(...), win=Window(...))
39.1805 	EXP 	Created Line3 = Rect(__class__=<class 'psychopy.visual.rect.Rect'>, anchor=('center', 'center'), autoDraw=False, autoLog=True, closeShape=True, color=method-wrapper(...), colorSpace='rgb', contrast=None, depth=-3.0, draggable=False, fillColor=array([1, 1, 1]), fillColorSpace='rgb', fillRGB=array([1, 1, 1]), interpolate=True, lineColor=array([1., 1., 1.]), lineColorSpace='rgb', lineRGB=array([1, 1, 1]), lineWidth=1.0, name='Line3', opacity=1, ori=90.0, pos=array([50.,  0.]), size=array([100.,  10.]), units='pix', vertices=ndarray(...), win=Window(...))
39.1823 	EXP 	Created Line4 = Rect(__class__=<class 'psychopy.visual.rect.Rect'>, anchor=('center', 'center'), autoDraw=False, autoLog=True, closeShape=True, color=method-wrapper(...), colorSpace='rgb', contrast=None, depth=-4.0, draggable=False, fillColor=array([1, 1, 1]), fillColorSpace='rgb', fillRGB=array([1, 1, 1]), interpolate=True, lineColor=array([1., 1., 1.]), lineColorSpace='rgb', lineRGB=array([1, 1, 1]), lineWidth=1.0, name='Line4', opacity=1, ori=90.0, pos=array([150.,   0.]), size=array([100.,  10.]), units='pix', vertices=ndarray(...), win=Window(...))
39.1844 	EXP 	Created Probe = ShapeStim(__class__=<class 'psychopy.visual.shape.ShapeStim'>, anchor=('center', 'center'), autoDraw=False, autoLog=True, closeShape=True, color=method-wrapper(...), colorSpace='rgb', contrast=None, depth=-5.0, draggable=False, fillColor=array([1, 1, 1]), fillColorSpace='rgb', fillRGB=array([1, 1, 1]), interpolate=True, lineColor=array([1., 1., 1.]), lineColorSpace='rgb', lineRGB=array([1, 1, 1]), lineWidth=1.0, name='Probe', opacity=1, ori=0.0, pos=array([0., 0.]), size=array([10., 10.]), units='pix', vertices=ndarray(...), win=Window(...), windingRule=None)
0.0204 	EXP 	Imported sequence_con.csv as conditions, 4 conditions, 2 params
0.0215 	EXP 	New trial (rep=0, index=0): <Trial 0 (0 in rep 0) data={'pos': np.int64(-50), 'corr_resp': 'x', 'thisN': 0, 'thisTrialN': 0, 'thisRepN': 0}>
0.0418 	EXP 	fixation: autoDraw = True
0.9956 	EXP 	line1: autoDraw = True
0.9956 	EXP 	line2: autoDraw = True
0.9956 	EXP 	line3: autoDraw = True
0.9956 	EXP 	line4: autoDraw = True
1.0333 	EXP 	fixation: autoDraw = False
1.9929 	INFO 	Keyboard events cleared
1.9927 	EXP 	probe: autoDraw = True
2.6108 	EXP 	Device response: <KeyPress from None: t=2.2842748949769884, value=x, duration=None>
2.6111 	EXP 	Device response: <KeyPress from None: t=2.2842748949769884, value=x, duration=0.1458246129914187>
2.6113 	EXP 	New trial (rep=0, index=1): <Trial 1 (1 in rep 0) data={'pos': np.int64(150), 'corr_resp': 'v', 'thisN': 1, 'thisTrialN': 1, 'thisRepN': 0}>
2.6170 	DATA 	Keypress: x
2.6309 	EXP 	fixation: autoDraw = False
2.6309 	EXP 	line1: autoDraw = False
2.6309 	EXP 	line2: autoDraw = False
2.6309 	EXP 	line3: autoDraw = False
2.6309 	EXP 	line4: autoDraw = False
2.6309 	EXP 	probe: autoDraw = False
2.6309 	EXP 	fixation: autoDraw = True
3.6073 	EXP 	line1: autoDraw = True
3.6073 	EXP 	line2: autoDraw = True
3.6073 	EXP 	line3: autoDraw = True
3.6073 	EXP 	line4: autoDraw = True
3.6235 	EXP 	fixation: autoDraw = False
4.6081 	INFO 	Keyboard events cleared
4.6078 	EXP 	probe: autoDraw = True
4.8837 	EXP 	Device response: <KeyPress from None: t=4.877705618971959, value=v, duration=None>
4.8840 	EXP 	New trial (rep=0, index=2): <Trial 2 (2 in rep 0) data={'pos': np.int64(50), 'corr_resp': 'c', 'thisN': 2, 'thisTrialN': 2, 'thisRepN': 0}>
4.8865 	DATA 	Keypress: v
4.8922 	EXP 	fixation: autoDraw = False
4.8922 	EXP 	line1: autoDraw = False
4.8922 	EXP 	line2: autoDraw = False
4.8922 	EXP 	line3: autoDraw = False
4.8922 	EXP 	line4: autoDraw = False
4.8922 	EXP 	probe: autoDraw = False
4.8922 	EXP 	fixation: autoDraw = True
5.0069 	EXP 	Device response: <KeyPress from None: t=4.877705618971959, value=v, duration=0.12435480701969936>
5.8829 	EXP 	line1: autoDraw = True
5.8829 	EXP 	line2: autoDraw = True
5.8829 	EXP 	line3: autoDraw = True
5.8829 	EXP 	line4: autoDraw = True
5.8899 	EXP 	fixation: autoDraw = False
6.8742 	INFO 	Keyboard events cleared
6.8739 	EXP 	probe: autoDraw = True
7.1082 	EXP 	Device response: <KeyPress from None: t=7.101717418991029, value=c, duration=None>
7.1085 	EXP 	New trial (rep=0, index=3): <Trial 3 (3 in rep 0) data={'pos': np.int64(-150), 'corr_resp': 'z', 'thisN': 3, 'thisTrialN': 3, 'thisRepN': 0}>
7.1109 	DATA 	Keypress: c
7.1170 	EXP 	fixation: autoDraw = False
7.1170 	EXP 	line1: autoDraw = False
7.1170 	EXP 	line2: autoDraw = False
7.1170 	EXP 	line3: autoDraw = False
7.1170 	EXP 	line4: autoDraw = False
7.1170 	EXP 	probe: autoDraw = False
7.1170 	EXP 	fixation: autoDraw = True
7.2671 	EXP 	Device response: <KeyPress from None: t=7.101717418991029, value=c, duration=0.164252933987882>
8.1074 	EXP 	fixation: autoDraw = False
8.1074 	EXP 	line1: autoDraw = True
8.1074 	EXP 	line2: autoDraw = True
8.1074 	EXP 	line3: autoDraw = True
8.1074 	EXP 	line4: autoDraw = True
9.1079 	INFO 	Keyboard events cleared
9.1076 	EXP 	probe: autoDraw = True
9.3417 	EXP 	Device response: <KeyPress from None: t=9.337696044007316, value=z, duration=None>
9.3420 	EXP 	New trial (rep=1, index=0): <Trial 4 (0 in rep 1) data={'pos': np.int64(-50), 'corr_resp': 'x', 'thisN': 4, 'thisTrialN': 0, 'thisRepN': 1}>
9.3444 	DATA 	Keypress: z
9.3507 	EXP 	fixation: autoDraw = False
9.3507 	EXP 	line1: autoDraw = False
9.3507 	EXP 	line2: autoDraw = False
9.3507 	EXP 	line3: autoDraw = False
9.3507 	EXP 	line4: autoDraw = False
9.3507 	EXP 	probe: autoDraw = False
9.3507 	EXP 	fixation: autoDraw = True
9.5008 	EXP 	Device response: <KeyPress from None: t=9.337696044007316, value=z, duration=0.16027009999379516>
10.3414 	EXP 	fixation: autoDraw = False
10.3414 	EXP 	line1: autoDraw = True
10.3414 	EXP 	line2: autoDraw = True
10.3414 	EXP 	line3: autoDraw = True
10.3414 	EXP 	line4: autoDraw = True
11.3418 	INFO 	Keyboard events cleared
11.3416 	EXP 	probe: autoDraw = True
11.8674 	EXP 	Device response: <KeyPress from None: t=11.861496720986906, value=x, duration=None>
11.8678 	EXP 	New trial (rep=1, index=1): <Trial 5 (1 in rep 1) data={'pos': np.int64(150), 'corr_resp': 'v', 'thisN': 5, 'thisTrialN': 1, 'thisRepN': 1}>
11.8702 	DATA 	Keypress: x
11.8767 	EXP 	fixation: autoDraw = False
11.8767 	EXP 	line1: autoDraw = False
11.8767 	EXP 	line2: autoDraw = False
11.8767 	EXP 	line3: autoDraw = False
11.8767 	EXP 	line4: autoDraw = False
11.8767 	EXP 	probe: autoDraw = False
11.8767 	EXP 	fixation: autoDraw = True
11.9666 	EXP 	Device response: <KeyPress from None: t=11.861496720986906, value=x, duration=0.09646090102614835>
12.8661 	EXP 	line1: autoDraw = True
12.8661 	EXP 	line2: autoDraw = True
12.8661 	EXP 	line3: autoDraw = True
12.8661 	EXP 	line4: autoDraw = True
12.8730 	EXP 	fixation: autoDraw = False
13.8664 	INFO 	Keyboard events cleared
13.8663 	EXP 	probe: autoDraw = True
14.1337 	EXP 	Device response: <KeyPress from None: t=14.129281689005438, value=v, duration=None>
14.1340 	EXP 	New trial (rep=1, index=2): <Trial 6 (2 in rep 1) data={'pos': np.int64(50), 'corr_resp': 'c', 'thisN': 6, 'thisTrialN': 2, 'thisRepN': 1}>
14.1363 	DATA 	Keypress: v
14.1420 	EXP 	fixation: autoDraw = False
14.1420 	EXP 	line1: autoDraw = False
14.1420 	EXP 	line2: autoDraw = False
14.1420 	EXP 	line3: autoDraw = False
14.1420 	EXP 	line4: autoDraw = False
14.1420 	EXP 	probe: autoDraw = False
14.1420 	EXP 	fixation: autoDraw = True
14.3571 	EXP 	Device response: <KeyPress from None: t=14.129281689005438, value=v, duration=0.22444815398193896>
15.1329 	EXP 	line1: autoDraw = True
15.1329 	EXP 	line2: autoDraw = True
15.1329 	EXP 	line3: autoDraw = True
15.1329 	EXP 	line4: autoDraw = True
15.1402 	EXP 	fixation: autoDraw = False
16.1322 	INFO 	Keyboard events cleared
16.1320 	EXP 	probe: autoDraw = True
16.5834 	EXP 	Device response: <KeyPress from None: t=16.574187640973832, value=c, duration=None>
16.5837 	EXP 	New trial (rep=1, index=3): <Trial 7 (3 in rep 1) data={'pos': np.int64(-150), 'corr_resp': 'z', 'thisN': 7, 'thisTrialN': 3, 'thisRepN': 1}>
16.5860 	DATA 	Keypress: c
16.5916 	EXP 	fixation: autoDraw = False
16.5916 	EXP 	line1: autoDraw = False
16.5916 	EXP 	line2: autoDraw = False
16.5916 	EXP 	line3: autoDraw = False
16.5916 	EXP 	line4: autoDraw = False
16.5916 	EXP 	probe: autoDraw = False
16.5916 	EXP 	fixation: autoDraw = True
16.7670 	EXP 	Device response: <KeyPress from None: t=16.574187640973832, value=c, duration=0.18841628299560398>
17.5738 	EXP 	line1: autoDraw = True
17.5738 	EXP 	line2: autoDraw = True
17.5738 	EXP 	line3: autoDraw = True
17.5738 	EXP 	line4: autoDraw = True
17.5898 	EXP 	fixation: autoDraw = False
18.5737 	INFO 	Keyboard events cleared
18.5735 	EXP 	probe: autoDraw = True
18.8170 	EXP 	Device response: <KeyPress from None: t=18.812139348010533, value=z, duration=None>
18.8173 	EXP 	New trial (rep=2, index=0): <Trial 8 (0 in rep 2) data={'pos': np.int64(-50), 'corr_resp': 'x', 'thisN': 8, 'thisTrialN': 0, 'thisRepN': 2}>
18.8196 	DATA 	Keypress: z
18.8256 	EXP 	fixation: autoDraw = False
18.8256 	EXP 	line1: autoDraw = False
18.8256 	EXP 	line2: autoDraw = False
18.8256 	EXP 	line3: autoDraw = False
18.8256 	EXP 	line4: autoDraw = False
18.8256 	EXP 	probe: autoDraw = False
18.8256 	EXP 	fixation: autoDraw = True
19.0069 	EXP 	Device response: <KeyPress from None: t=18.812139348010533, value=z, duration=0.1922690009814687>
19.8074 	EXP 	line1: autoDraw = True
19.8074 	EXP 	line2: autoDraw = True
19.8074 	EXP 	line3: autoDraw = True
19.8074 	EXP 	line4: autoDraw = True
19.8232 	EXP 	fixation: autoDraw = False
20.8163 	INFO 	Keyboard events cleared
20.8161 	EXP 	probe: autoDraw = True
21.0408 	EXP 	Device response: <KeyPress from None: t=21.0331140300259, value=x, duration=None>
21.0411 	EXP 	New trial (rep=2, index=1): <Trial 9 (1 in rep 2) data={'pos': np.int64(150), 'corr_resp': 'v', 'thisN': 9, 'thisTrialN': 1, 'thisRepN': 2}>
21.0437 	DATA 	Keypress: x
21.0498 	EXP 	fixation: autoDraw = False
21.0498 	EXP 	line1: autoDraw = False
21.0498 	EXP 	line2: autoDraw = False
21.0498 	EXP 	line3: autoDraw = False
21.0498 	EXP 	line4: autoDraw = False
21.0498 	EXP 	probe: autoDraw = False
21.0498 	EXP 	fixation: autoDraw = True
21.2167 	EXP 	Device response: <KeyPress from None: t=21.0331140300259, value=x, duration=0.17638269695453346>
22.0402 	EXP 	fixation: autoDraw = False
22.0402 	EXP 	line1: autoDraw = True
22.0402 	EXP 	line2: autoDraw = True
22.0402 	EXP 	line3: autoDraw = True
22.0402 	EXP 	line4: autoDraw = True
23.0405 	INFO 	Keyboard events cleared
23.0403 	EXP 	probe: autoDraw = True
23.3002 	EXP 	Device response: <KeyPress from None: t=23.290038431994617, value=v, duration=None>
23.3005 	EXP 	New trial (rep=2, index=2): <Trial 10 (2 in rep 2) data={'pos': np.int64(50), 'corr_resp': 'c', 'thisN': 10, 'thisTrialN': 2, 'thisRepN': 2}>
23.3032 	DATA 	Keypress: v
23.3089 	EXP 	fixation: autoDraw = False
23.3089 	EXP 	line1: autoDraw = False
23.3089 	EXP 	line2: autoDraw = False
23.3089 	EXP 	line3: autoDraw = False
23.3089 	EXP 	line4: autoDraw = False
23.3089 	EXP 	probe: autoDraw = False
23.3089 	EXP 	fixation: autoDraw = True
23.4668 	EXP 	Device response: <KeyPress from None: t=23.290038431994617, value=v, duration=0.16829717700602487>
24.2900 	EXP 	line1: autoDraw = True
24.2900 	EXP 	line2: autoDraw = True
24.2900 	EXP 	line3: autoDraw = True
24.2900 	EXP 	line4: autoDraw = True
24.3066 	EXP 	fixation: autoDraw = False
25.2909 	INFO 	Keyboard events cleared
25.2906 	EXP 	probe: autoDraw = True
25.8170 	EXP 	Device response: <KeyPress from None: t=25.81388848501956, value=c, duration=None>
25.8173 	EXP 	New trial (rep=2, index=3): <Trial 11 (3 in rep 2) data={'pos': np.int64(-150), 'corr_resp': 'z', 'thisN': 11, 'thisTrialN': 3, 'thisRepN': 2}>
25.8196 	DATA 	Keypress: c
25.8260 	EXP 	fixation: autoDraw = False
25.8260 	EXP 	line1: autoDraw = False
25.8260 	EXP 	line2: autoDraw = False
25.8260 	EXP 	line3: autoDraw = False
25.8260 	EXP 	line4: autoDraw = False
25.8260 	EXP 	probe: autoDraw = False
25.8260 	EXP 	fixation: autoDraw = True
25.9567 	EXP 	Device response: <KeyPress from None: t=25.81388848501956, value=c, duration=0.1402886409778148>
26.8161 	EXP 	line1: autoDraw = True
26.8161 	EXP 	line2: autoDraw = True
26.8161 	EXP 	line3: autoDraw = True
26.8161 	EXP 	line4: autoDraw = True
26.8236 	EXP 	fixation: autoDraw = False
27.8158 	INFO 	Keyboard events cleared
27.8157 	EXP 	probe: autoDraw = True
28.3907 	EXP 	Device response: <KeyPress from None: t=28.38763812300749, value=z, duration=None>
28.3910 	EXP 	New trial (rep=3, index=0): <Trial 12 (0 in rep 3) data={'pos': np.int64(-50), 'corr_resp': 'x', 'thisN': 12, 'thisTrialN': 0, 'thisRepN': 3}>
28.3934 	DATA 	Keypress: z
28.3996 	EXP 	fixation: autoDraw = False
28.3996 	EXP 	line1: autoDraw = False
28.3996 	EXP 	line2: autoDraw = False
28.3996 	EXP 	line3: autoDraw = False
28.3996 	EXP 	line4: autoDraw = False
28.3996 	EXP 	probe: autoDraw = False
28.3996 	EXP 	fixation: autoDraw = True
28.5834 	EXP 	Device response: <KeyPress from None: t=28.38763812300749, value=z, duration=0.1884281329694204>
29.3903 	EXP 	fixation: autoDraw = False
29.3903 	EXP 	line1: autoDraw = True
29.3903 	EXP 	line2: autoDraw = True
29.3903 	EXP 	line3: autoDraw = True
29.3903 	EXP 	line4: autoDraw = True
30.3910 	INFO 	Keyboard events cleared
30.3908 	EXP 	probe: autoDraw = True
30.6500 	EXP 	Device response: <KeyPress from None: t=30.64473508601077, value=x, duration=None>
30.6503 	EXP 	New trial (rep=3, index=1): <Trial 13 (1 in rep 3) data={'pos': np.int64(150), 'corr_resp': 'v', 'thisN': 13, 'thisTrialN': 1, 'thisRepN': 3}>
30.6526 	DATA 	Keypress: x
30.6589 	EXP 	fixation: autoDraw = False
30.6589 	EXP 	line1: autoDraw = False
30.6589 	EXP 	line2: autoDraw = False
30.6589 	EXP 	line3: autoDraw = False
30.6589 	EXP 	line4: autoDraw = False
30.6589 	EXP 	probe: autoDraw = False
30.6589 	EXP 	fixation: autoDraw = True
30.8666 	EXP 	Device response: <KeyPress from None: t=30.64473508601077, value=x, duration=0.21629607497015968>
31.6404 	EXP 	line1: autoDraw = True
31.6404 	EXP 	line2: autoDraw = True
31.6404 	EXP 	line3: autoDraw = True
31.6404 	EXP 	line4: autoDraw = True
31.6560 	EXP 	fixation: autoDraw = False
32.6496 	INFO 	Keyboard events cleared
32.6494 	EXP 	probe: autoDraw = True
32.8741 	EXP 	Device response: <KeyPress from None: t=32.871505114017054, value=v, duration=None>
32.8744 	EXP 	New trial (rep=3, index=2): <Trial 14 (2 in rep 3) data={'pos': np.int64(50), 'corr_resp': 'c', 'thisN': 14, 'thisTrialN': 2, 'thisRepN': 3}>
32.8822 	EXP 	fixation: autoDraw = False
32.8822 	EXP 	line1: autoDraw = False
32.8822 	EXP 	line2: autoDraw = False
32.8822 	EXP 	line3: autoDraw = False
32.8822 	EXP 	line4: autoDraw = False
32.8822 	EXP 	probe: autoDraw = False
32.8822 	EXP 	fixation: autoDraw = True
32.8850 	DATA 	Keypress: v
33.0733 	EXP 	Device response: <KeyPress from None: t=32.871505114017054, value=v, duration=0.1963020369876176>
33.8734 	EXP 	fixation: autoDraw = False
33.8734 	EXP 	line1: autoDraw = True
33.8734 	EXP 	line2: autoDraw = True
33.8734 	EXP 	line3: autoDraw = True
33.8734 	EXP 	line4: autoDraw = True
34.8737 	INFO 	Keyboard events cleared
34.8734 	EXP 	probe: autoDraw = True
35.4578 	EXP 	Device response: <KeyPress from None: t=35.450365153024904, value=c, duration=None>
35.4581 	EXP 	New trial (rep=3, index=3): <Trial 15 (3 in rep 3) data={'pos': np.int64(-150), 'corr_resp': 'z', 'thisN': 15, 'thisTrialN': 3, 'thisRepN': 3}>
35.4604 	DATA 	Keypress: c
35.4665 	EXP 	fixation: autoDraw = False
35.4665 	EXP 	line1: autoDraw = False
35.4665 	EXP 	line2: autoDraw = False
35.4665 	EXP 	line3: autoDraw = False
35.4665 	EXP 	line4: autoDraw = False
35.4665 	EXP 	probe: autoDraw = False
35.4665 	EXP 	fixation: autoDraw = True
35.6405 	EXP 	Device response: <KeyPress from None: t=35.450365153024904, value=c, duration=0.18436708394438028>
36.4569 	EXP 	fixation: autoDraw = False
36.4569 	EXP 	line1: autoDraw = True
36.4569 	EXP 	line2: autoDraw = True
36.4569 	EXP 	line3: autoDraw = True
36.4569 	EXP 	line4: autoDraw = True
37.4575 	INFO 	Keyboard events cleared
37.4572 	EXP 	probe: autoDraw = True
37.7001 	EXP 	Device response: <KeyPress from None: t=37.691280636994634, value=z, duration=None>
37.7004 	EXP 	New trial (rep=4, index=0): <Trial 16 (0 in rep 4) data={'pos': np.int64(-50), 'corr_resp': 'x', 'thisN': 16, 'thisTrialN': 0, 'thisRepN': 4}>
37.7028 	DATA 	Keypress: z
37.7086 	EXP 	fixation: autoDraw = False
37.7086 	EXP 	line1: autoDraw = False
37.7086 	EXP 	line2: autoDraw = False
37.7086 	EXP 	line3: autoDraw = False
37.7086 	EXP 	line4: autoDraw = False
37.7086 	EXP 	probe: autoDraw = False
37.7086 	EXP 	fixation: autoDraw = True
37.8831 	EXP 	Device response: <KeyPress from None: t=37.691280636994634, value=z, duration=0.18231160298455507>
38.6992 	EXP 	line1: autoDraw = True
38.6992 	EXP 	line2: autoDraw = True
38.6992 	EXP 	line3: autoDraw = True
38.6992 	EXP 	line4: autoDraw = True
38.7066 	EXP 	fixation: autoDraw = False
39.6994 	INFO 	Keyboard events cleared
39.6992 	EXP 	probe: autoDraw = True
40.0583 	EXP 	Device response: <KeyPress from None: t=40.05215182900429, value=x, duration=None>
40.0586 	EXP 	New trial (rep=4, index=1): <Trial 17 (1 in rep 4) data={'pos': np.int64(150), 'corr_resp': 'v', 'thisN': 17, 'thisTrialN': 1, 'thisRepN': 4}>
40.0612 	DATA 	Keypress: x
40.0818 	EXP 	fixation: autoDraw = False
40.0818 	EXP 	line1: autoDraw = False
40.0818 	EXP 	line2: autoDraw = False
40.0818 	EXP 	line3: autoDraw = False
40.0818 	EXP 	line4: autoDraw = False
40.0818 	EXP 	probe: autoDraw = False
40.0818 	EXP 	fixation: autoDraw = True
40.2401 	EXP 	Device response: <KeyPress from None: t=40.05215182900429, value=x, duration=0.1845281959977001>
41.0568 	EXP 	line1: autoDraw = True
41.0568 	EXP 	line2: autoDraw = True
41.0568 	EXP 	line3: autoDraw = True
41.0568 	EXP 	line4: autoDraw = True
41.0729 	EXP 	fixation: autoDraw = False
42.0571 	INFO 	Keyboard events cleared
42.0569 	EXP 	probe: autoDraw = True
42.3000 	EXP 	Device response: <KeyPress from None: t=42.29204422800103, value=v, duration=None>
42.3003 	EXP 	New trial (rep=4, index=2): <Trial 18 (2 in rep 4) data={'pos': np.int64(50), 'corr_resp': 'c', 'thisN': 18, 'thisTrialN': 2, 'thisRepN': 4}>
42.3025 	DATA 	Keypress: v
42.3084 	EXP 	fixation: autoDraw = False
42.3084 	EXP 	line1: autoDraw = False
42.3084 	EXP 	line2: autoDraw = False
42.3084 	EXP 	line3: autoDraw = False
42.3084 	EXP 	line4: autoDraw = False
42.3084 	EXP 	probe: autoDraw = False
42.3084 	EXP 	fixation: autoDraw = True
42.5073 	EXP 	Device response: <KeyPress from None: t=42.29204422800103, value=v, duration=0.20837978000054136>
43.2906 	EXP 	line1: autoDraw = True
43.2906 	EXP 	line2: autoDraw = True
43.2906 	EXP 	line3: autoDraw = True
43.2906 	EXP 	line4: autoDraw = True
43.3065 	EXP 	fixation: autoDraw = False
44.2912 	INFO 	Keyboard events cleared
44.2910 	EXP 	probe: autoDraw = True
44.5748 	EXP 	Device response: <KeyPress from None: t=44.56897237501107, value=c, duration=None>
44.5751 	EXP 	New trial (rep=4, index=3): <Trial 19 (3 in rep 4) data={'pos': np.int64(-150), 'corr_resp': 'z', 'thisN': 19, 'thisTrialN': 3, 'thisRepN': 4}>
44.5774 	DATA 	Keypress: c
44.5836 	EXP 	fixation: autoDraw = False
44.5836 	EXP 	line1: autoDraw = False
44.5836 	EXP 	line2: autoDraw = False
44.5836 	EXP 	line3: autoDraw = False
44.5836 	EXP 	line4: autoDraw = False
44.5836 	EXP 	probe: autoDraw = False
44.5836 	EXP 	fixation: autoDraw = True
44.7832 	EXP 	Device response: <KeyPress from None: t=44.56897237501107, value=c, duration=0.20437875197967514>
45.5736 	EXP 	fixation: autoDraw = False
45.5736 	EXP 	line1: autoDraw = True
45.5736 	EXP 	line2: autoDraw = True
45.5736 	EXP 	line3: autoDraw = True
45.5736 	EXP 	line4: autoDraw = True
46.5412 	EXP 	Device response: <KeyPress from None: t=46.53782150900224, value=z, duration=None>
46.5434 	DATA 	Keypress: z
46.5658 	INFO 	Keyboard events cleared
46.5656 	EXP 	probe: autoDraw = True
46.7170 	EXP 	Device response: <KeyPress from None: t=46.53782150900224, value=z, duration=0.17022690101293847>
47.1498 	EXP 	Device response: <KeyPress from None: t=47.142921445018146, value=z, duration=None>
47.1501 	EXP 	New trial (rep=5, index=0): <Trial 20 (0 in rep 5) data={'pos': np.int64(-50), 'corr_resp': 'x', 'thisN': 20, 'thisTrialN': 0, 'thisRepN': 5}>
47.1559 	DATA 	Keypress: z
47.1627 	EXP 	fixation: autoDraw = False
47.1627 	EXP 	line1: autoDraw = False
47.1627 	EXP 	line2: autoDraw = False
47.1627 	EXP 	line3: autoDraw = False
47.1627 	EXP 	line4: autoDraw = False
47.1627 	EXP 	probe: autoDraw = False
47.1627 	EXP 	fixation: autoDraw = True
47.3001 	EXP 	Device response: <KeyPress from None: t=47.142921445018146, value=z, duration=0.15230785496532917>
48.1401 	EXP 	line1: autoDraw = True
48.1401 	EXP 	line2: autoDraw = True
48.1401 	EXP 	line3: autoDraw = True
48.1401 	EXP 	line4: autoDraw = True
48.1561 	EXP 	fixation: autoDraw = False
49.1495 	INFO 	Keyboard events cleared
49.1493 	EXP 	probe: autoDraw = True
49.4005 	EXP 	Device response: <KeyPress from None: t=49.394922968989704, value=x, duration=None>
49.4008 	EXP 	New trial (rep=5, index=1): <Trial 21 (1 in rep 5) data={'pos': np.int64(150), 'corr_resp': 'v', 'thisN': 21, 'thisTrialN': 1, 'thisRepN': 5}>
49.4031 	DATA 	Keypress: x
49.4092 	EXP 	fixation: autoDraw = False
49.4092 	EXP 	line1: autoDraw = False
49.4092 	EXP 	line2: autoDraw = False
49.4092 	EXP 	line3: autoDraw = False
49.4092 	EXP 	line4: autoDraw = False
49.4092 	EXP 	probe: autoDraw = False
49.4092 	EXP 	fixation: autoDraw = True
49.5666 	EXP 	Device response: <KeyPress from None: t=49.394922968989704, value=x, duration=0.1681029230239801>
50.3991 	EXP 	line1: autoDraw = True
50.3991 	EXP 	line2: autoDraw = True
50.3991 	EXP 	line3: autoDraw = True
50.3991 	EXP 	line4: autoDraw = True
50.4063 	EXP 	fixation: autoDraw = False
51.3991 	INFO 	Keyboard events cleared
51.3989 	EXP 	probe: autoDraw = True
51.6751 	EXP 	Device response: <KeyPress from None: t=51.6686323590111, value=v, duration=None>
51.6754 	EXP 	New trial (rep=5, index=2): <Trial 22 (2 in rep 5) data={'pos': np.int64(50), 'corr_resp': 'c', 'thisN': 22, 'thisTrialN': 2, 'thisRepN': 5}>
51.6778 	DATA 	Keypress: v
51.6985 	EXP 	fixation: autoDraw = False
51.6985 	EXP 	line1: autoDraw = False
51.6985 	EXP 	line2: autoDraw = False
51.6985 	EXP 	line3: autoDraw = False
51.6985 	EXP 	line4: autoDraw = False
51.6985 	EXP 	probe: autoDraw = False
51.6985 	EXP 	fixation: autoDraw = True
51.8499 	EXP 	Device response: <KeyPress from None: t=51.6686323590111, value=v, duration=0.1723993819905445>
52.6737 	EXP 	line1: autoDraw = True
52.6737 	EXP 	line2: autoDraw = True
52.6737 	EXP 	line3: autoDraw = True
52.6737 	EXP 	line4: autoDraw = True
52.6896 	EXP 	fixation: autoDraw = False
53.6740 	INFO 	Keyboard events cleared
53.6738 	EXP 	probe: autoDraw = True
53.9330 	EXP 	Device response: <KeyPress from None: t=53.925525014987215, value=c, duration=None>
53.9333 	EXP 	New trial (rep=5, index=3): <Trial 23 (3 in rep 5) data={'pos': np.int64(-150), 'corr_resp': 'z', 'thisN': 23, 'thisTrialN': 3, 'thisRepN': 5}>
53.9356 	DATA 	Keypress: c
53.9416 	EXP 	fixation: autoDraw = False
53.9416 	EXP 	line1: autoDraw = False
53.9416 	EXP 	line2: autoDraw = False
53.9416 	EXP 	line3: autoDraw = False
53.9416 	EXP 	line4: autoDraw = False
53.9416 	EXP 	probe: autoDraw = False
53.9416 	EXP 	fixation: autoDraw = True
54.1162 	EXP 	Device response: <KeyPress from None: t=53.925525014987215, value=c, duration=0.1843243319890462>
54.9233 	EXP 	line1: autoDraw = True
54.9233 	EXP 	line2: autoDraw = True
54.9233 	EXP 	line3: autoDraw = True
54.9233 	EXP 	line4: autoDraw = True
54.9386 	EXP 	fixation: autoDraw = False
55.9239 	INFO 	Keyboard events cleared
55.9237 	EXP 	probe: autoDraw = True
56.1496 	EXP 	Device response: <KeyPress from None: t=56.14363528799731, value=z, duration=None>
56.1499 	EXP 	New trial (rep=6, index=0): <Trial 24 (0 in rep 6) data={'pos': np.int64(-50), 'corr_resp': 'x', 'thisN': 24, 'thisTrialN': 0, 'thisRepN': 6}>
56.1523 	DATA 	Keypress: z
56.1581 	EXP 	fixation: autoDraw = False
56.1581 	EXP 	line1: autoDraw = False
56.1581 	EXP 	line2: autoDraw = False
56.1581 	EXP 	line3: autoDraw = False
56.1581 	EXP 	line4: autoDraw = False
56.1581 	EXP 	probe: autoDraw = False
56.1581 	EXP 	fixation: autoDraw = True
56.3328 	EXP 	Device response: <KeyPress from None: t=56.14363528799731, value=z, duration=0.1802012540283613>
57.1399 	EXP 	line1: autoDraw = True
57.1399 	EXP 	line2: autoDraw = True
57.1399 	EXP 	line3: autoDraw = True
57.1399 	EXP 	line4: autoDraw = True
57.1561 	EXP 	fixation: autoDraw = False
58.1399 	INFO 	Keyboard events cleared
58.1397 	EXP 	probe: autoDraw = True
58.4906 	EXP 	Device response: <KeyPress from None: t=58.4823984419927, value=x, duration=None>
58.4909 	EXP 	New trial (rep=6, index=1): <Trial 25 (1 in rep 6) data={'pos': np.int64(150), 'corr_resp': 'v', 'thisN': 25, 'thisTrialN': 1, 'thisRepN': 6}>
58.4932 	DATA 	Keypress: x
58.4986 	EXP 	fixation: autoDraw = False
58.4986 	EXP 	line1: autoDraw = False
58.4986 	EXP 	line2: autoDraw = False
58.4986 	EXP 	line3: autoDraw = False
58.4986 	EXP 	line4: autoDraw = False
58.4986 	EXP 	probe: autoDraw = False
58.4986 	EXP 	fixation: autoDraw = True
58.6394 	EXP 	Device response: <KeyPress from None: t=58.4823984419927, value=x, duration=0.15401137003209442>
59.4890 	EXP 	fixation: autoDraw = False
59.4890 	EXP 	line1: autoDraw = True
59.4890 	EXP 	line2: autoDraw = True
59.4890 	EXP 	line3: autoDraw = True
59.4890 	EXP 	line4: autoDraw = True
60.4901 	INFO 	Keyboard events cleared
60.4899 	EXP 	probe: autoDraw = True
60.8493 	EXP 	Device response: <KeyPress from None: t=60.842424763017334, value=v, duration=None>
60.8496 	EXP 	New trial (rep=6, index=2): <Trial 26 (2 in rep 6) data={'pos': np.int64(50), 'corr_resp': 'c', 'thisN': 26, 'thisTrialN': 2, 'thisRepN': 6}>
60.8520 	DATA 	Keypress: v
60.8585 	EXP 	fixation: autoDraw = False
60.8585 	EXP 	line1: autoDraw = False
60.8585 	EXP 	line2: autoDraw = False
60.8585 	EXP 	line3: autoDraw = False
60.8585 	EXP 	line4: autoDraw = False
60.8585 	EXP 	probe: autoDraw = False
60.8585 	EXP 	fixation: autoDraw = True
61.0332 	EXP 	Device response: <KeyPress from None: t=60.842424763017334, value=v, duration=0.18815427797380835>
61.8402 	EXP 	line1: autoDraw = True
61.8402 	EXP 	line2: autoDraw = True
61.8402 	EXP 	line3: autoDraw = True
61.8402 	EXP 	line4: autoDraw = True
61.8563 	EXP 	fixation: autoDraw = False
62.8405 	INFO 	Keyboard events cleared
62.8403 	EXP 	probe: autoDraw = True
63.1335 	EXP 	Device response: <KeyPress from None: t=63.130114702973515, value=c, duration=None>
63.1337 	EXP 	New trial (rep=6, index=3): <Trial 27 (3 in rep 6) data={'pos': np.int64(-150), 'corr_resp': 'z', 'thisN': 27, 'thisTrialN': 3, 'thisRepN': 6}>
63.1361 	DATA 	Keypress: c
63.1420 	EXP 	fixation: autoDraw = False
63.1420 	EXP 	line1: autoDraw = False
63.1420 	EXP 	line2: autoDraw = False
63.1420 	EXP 	line3: autoDraw = False
63.1420 	EXP 	line4: autoDraw = False
63.1420 	EXP 	probe: autoDraw = False
63.1420 	EXP 	fixation: autoDraw = True
63.3499 	EXP 	Device response: <KeyPress from None: t=63.130114702973515, value=c, duration=0.21636406501056626>
64.1323 	EXP 	line1: autoDraw = True
64.1323 	EXP 	line2: autoDraw = True
64.1323 	EXP 	line3: autoDraw = True
64.1323 	EXP 	line4: autoDraw = True
64.1396 	EXP 	fixation: autoDraw = False
65.1327 	INFO 	Keyboard events cleared
65.1325 	EXP 	probe: autoDraw = True
65.3748 	EXP 	Device response: <KeyPress from None: t=65.37315739900805, value=z, duration=None>
65.3751 	EXP 	New trial (rep=7, index=0): <Trial 28 (0 in rep 7) data={'pos': np.int64(-50), 'corr_resp': 'x', 'thisN': 28, 'thisTrialN': 0, 'thisRepN': 7}>
65.3818 	EXP 	fixation: autoDraw = False
65.3818 	EXP 	line1: autoDraw = False
65.3818 	EXP 	line2: autoDraw = False
65.3818 	EXP 	line3: autoDraw = False
65.3818 	EXP 	line4: autoDraw = False
65.3818 	EXP 	probe: autoDraw = False
65.3818 	EXP 	fixation: autoDraw = True
65.3847 	DATA 	Keypress: z
65.5665 	EXP 	Device response: <KeyPress from None: t=65.37315739900805, value=z, duration=0.1923617779975757>
66.3732 	EXP 	fixation: autoDraw = False
66.3732 	EXP 	line1: autoDraw = True
66.3732 	EXP 	line2: autoDraw = True
66.3732 	EXP 	line3: autoDraw = True
66.3732 	EXP 	line4: autoDraw = True
67.3731 	INFO 	Keyboard events cleared
67.3729 	EXP 	probe: autoDraw = True
67.6330 	EXP 	Device response: <KeyPress from None: t=67.62995385401882, value=x, duration=None>
67.6333 	EXP 	New trial (rep=7, index=1): <Trial 29 (1 in rep 7) data={'pos': np.int64(150), 'corr_resp': 'v', 'thisN': 29, 'thisTrialN': 1, 'thisRepN': 7}>
67.6356 	DATA 	Keypress: x
67.6413 	EXP 	fixation: autoDraw = False
67.6413 	EXP 	line1: autoDraw = False
67.6413 	EXP 	line2: autoDraw = False
67.6413 	EXP 	line3: autoDraw = False
67.6413 	EXP 	line4: autoDraw = False
67.6413 	EXP 	probe: autoDraw = False
67.6413 	EXP 	fixation: autoDraw = True
67.8396 	EXP 	Device response: <KeyPress from None: t=67.62995385401882, value=x, duration=0.20833260897779837>
68.6321 	EXP 	line1: autoDraw = True
68.6321 	EXP 	line2: autoDraw = True
68.6321 	EXP 	line3: autoDraw = True
68.6321 	EXP 	line4: autoDraw = True
68.6391 	EXP 	fixation: autoDraw = False
69.6235 	INFO 	Keyboard events cleared
69.6232 	EXP 	probe: autoDraw = True
70.1077 	EXP 	Device response: <KeyPress from None: t=70.10296058899257, value=v, duration=None>
70.1080 	EXP 	New trial (rep=7, index=2): <Trial 30 (2 in rep 7) data={'pos': np.int64(50), 'corr_resp': 'c', 'thisN': 30, 'thisTrialN': 2, 'thisRepN': 7}>
70.1103 	DATA 	Keypress: v
70.1165 	EXP 	fixation: autoDraw = False
70.1165 	EXP 	line1: autoDraw = False
70.1165 	EXP 	line2: autoDraw = False
70.1165 	EXP 	line3: autoDraw = False
70.1165 	EXP 	line4: autoDraw = False
70.1165 	EXP 	probe: autoDraw = False
70.1165 	EXP 	fixation: autoDraw = True
70.3159 	EXP 	Device response: <KeyPress from None: t=70.10296058899257, value=v, duration=0.2041914529982023>
71.1068 	EXP 	line1: autoDraw = True
71.1068 	EXP 	line2: autoDraw = True
71.1068 	EXP 	line3: autoDraw = True
71.1068 	EXP 	line4: autoDraw = True
71.1158 	EXP 	fixation: autoDraw = False
72.1064 	INFO 	Keyboard events cleared
72.1062 	EXP 	probe: autoDraw = True
72.3665 	EXP 	Device response: <KeyPress from None: t=72.36496428697137, value=c, duration=None>
72.3668 	EXP 	New trial (rep=7, index=3): <Trial 31 (3 in rep 7) data={'pos': np.int64(-150), 'corr_resp': 'z', 'thisN': 31, 'thisTrialN': 3, 'thisRepN': 7}>
72.3728 	EXP 	fixation: autoDraw = False
72.3728 	EXP 	line1: autoDraw = False
72.3728 	EXP 	line2: autoDraw = False
72.3728 	EXP 	line3: autoDraw = False
72.3728 	EXP 	line4: autoDraw = False
72.3728 	EXP 	probe: autoDraw = False
72.3728 	EXP 	fixation: autoDraw = True
72.3755 	DATA 	Keypress: c
72.5664 	EXP 	Device response: <KeyPress from None: t=72.36496428697137, value=c, duration=0.19997370603960007>
73.3654 	EXP 	line1: autoDraw = True
73.3654 	EXP 	line2: autoDraw = True
73.3654 	EXP 	line3: autoDraw = True
73.3654 	EXP 	line4: autoDraw = True
73.3729 	EXP 	fixation: autoDraw = False
74.3656 	INFO 	Keyboard events cleared
74.3654 	EXP 	probe: autoDraw = True
74.5664 	EXP 	Device response: <KeyPress from None: t=74.55861758597894, value=z, duration=None>
74.5666 	EXP 	New trial (rep=8, index=0): <Trial 32 (0 in rep 8) data={'pos': np.int64(-50), 'corr_resp': 'x', 'thisN': 32, 'thisTrialN': 0, 'thisRepN': 8}>
74.5690 	DATA 	Keypress: z
74.5748 	EXP 	fixation: autoDraw = False
74.5748 	EXP 	line1: autoDraw = False
74.5748 	EXP 	line2: autoDraw = False
74.5748 	EXP 	line3: autoDraw = False
74.5748 	EXP 	line4: autoDraw = False
74.5748 	EXP 	probe: autoDraw = False
74.5748 	EXP 	fixation: autoDraw = True
74.7491 	EXP 	Device response: <KeyPress from None: t=74.55861758597894, value=z, duration=0.1842873549903743>
75.5655 	EXP 	line1: autoDraw = True
75.5655 	EXP 	line2: autoDraw = True
75.5655 	EXP 	line3: autoDraw = True
75.5655 	EXP 	line4: autoDraw = True
75.5727 	EXP 	fixation: autoDraw = False
76.5657 	INFO 	Keyboard events cleared
76.5654 	EXP 	probe: autoDraw = True
76.8163 	EXP 	Device response: <KeyPress from None: t=76.81255710497499, value=x, duration=None>
76.8166 	EXP 	New trial (rep=8, index=1): <Trial 33 (1 in rep 8) data={'pos': np.int64(150), 'corr_resp': 'v', 'thisN': 33, 'thisTrialN': 1, 'thisRepN': 8}>
76.8189 	DATA 	Keypress: x
76.8246 	EXP 	fixation: autoDraw = False
76.8246 	EXP 	line1: autoDraw = False
76.8246 	EXP 	line2: autoDraw = False
76.8246 	EXP 	line3: autoDraw = False
76.8246 	EXP 	line4: autoDraw = False
76.8246 	EXP 	probe: autoDraw = False
76.8246 	EXP 	fixation: autoDraw = True
77.0063 	EXP 	Device response: <KeyPress from None: t=76.81255710497499, value=x, duration=0.1883288590470329>
77.8154 	EXP 	line1: autoDraw = True
77.8154 	EXP 	line2: autoDraw = True
77.8154 	EXP 	line3: autoDraw = True
77.8154 	EXP 	line4: autoDraw = True
77.8227 	EXP 	fixation: autoDraw = False
78.8158 	INFO 	Keyboard events cleared
78.8156 	EXP 	probe: autoDraw = True
78.9992 	EXP 	Device response: <KeyPress from None: t=78.98945743701188, value=v, duration=None>
78.9995 	EXP 	New trial (rep=8, index=2): <Trial 34 (2 in rep 8) data={'pos': np.int64(50), 'corr_resp': 'c', 'thisN': 34, 'thisTrialN': 2, 'thisRepN': 8}>
79.0021 	DATA 	Keypress: v
79.0079 	EXP 	fixation: autoDraw = False
79.0079 	EXP 	line1: autoDraw = False
79.0079 	EXP 	line2: autoDraw = False
79.0079 	EXP 	line3: autoDraw = False
79.0079 	EXP 	line4: autoDraw = False
79.0079 	EXP 	probe: autoDraw = False
79.0079 	EXP 	fixation: autoDraw = True
79.1563 	EXP 	Device response: <KeyPress from None: t=78.98945743701188, value=v, duration=0.16029351798351854>
79.9898 	EXP 	line1: autoDraw = True
79.9898 	EXP 	line2: autoDraw = True
79.9898 	EXP 	line3: autoDraw = True
79.9898 	EXP 	line4: autoDraw = True
80.0055 	EXP 	fixation: autoDraw = False
80.9900 	INFO 	Keyboard events cleared
80.9898 	EXP 	probe: autoDraw = True
81.3073 	EXP 	Device response: <KeyPress from None: t=81.30136253702221, value=c, duration=None>
81.3076 	EXP 	New trial (rep=8, index=3): <Trial 35 (3 in rep 8) data={'pos': np.int64(-150), 'corr_resp': 'z', 'thisN': 35, 'thisTrialN': 3, 'thisRepN': 8}>
81.3099 	DATA 	Keypress: c
81.3159 	EXP 	fixation: autoDraw = False
81.3159 	EXP 	line1: autoDraw = False
81.3159 	EXP 	line2: autoDraw = False
81.3159 	EXP 	line3: autoDraw = False
81.3159 	EXP 	line4: autoDraw = False
81.3159 	EXP 	probe: autoDraw = False
81.3159 	EXP 	fixation: autoDraw = True
81.4828 	EXP 	Device response: <KeyPress from None: t=81.30136253702221, value=c, duration=0.1764187709777616>
82.3063 	EXP 	fixation: autoDraw = False
82.3063 	EXP 	line1: autoDraw = True
82.3063 	EXP 	line2: autoDraw = True
82.3063 	EXP 	line3: autoDraw = True
82.3063 	EXP 	line4: autoDraw = True
83.3061 	INFO 	Keyboard events cleared
83.3058 	EXP 	probe: autoDraw = True
83.5901 	EXP 	Device response: <KeyPress from None: t=83.58723455801373, value=z, duration=None>
83.5904 	EXP 	New trial (rep=9, index=0): <Trial 36 (0 in rep 9) data={'pos': np.int64(-50), 'corr_resp': 'x', 'thisN': 36, 'thisTrialN': 0, 'thisRepN': 9}>
83.5927 	DATA 	Keypress: z
83.5989 	EXP 	fixation: autoDraw = False
83.5989 	EXP 	line1: autoDraw = False
83.5989 	EXP 	line2: autoDraw = False
83.5989 	EXP 	line3: autoDraw = False
83.5989 	EXP 	line4: autoDraw = False
83.5989 	EXP 	probe: autoDraw = False
83.5989 	EXP 	fixation: autoDraw = True
83.7660 	EXP 	Device response: <KeyPress from None: t=83.58723455801373, value=z, duration=0.1763795170118101>
84.5893 	EXP 	fixation: autoDraw = False
84.5893 	EXP 	line1: autoDraw = True
84.5893 	EXP 	line2: autoDraw = True
84.5893 	EXP 	line3: autoDraw = True
84.5893 	EXP 	line4: autoDraw = True
85.5904 	INFO 	Keyboard events cleared
85.5902 	EXP 	probe: autoDraw = True
85.6737 	EXP 	Device response: <KeyPress from None: t=85.66812655399553, value=x, duration=None>
85.6740 	EXP 	New trial (rep=9, index=1): <Trial 37 (1 in rep 9) data={'pos': np.int64(150), 'corr_resp': 'v', 'thisN': 37, 'thisTrialN': 1, 'thisRepN': 9}>
85.6764 	DATA 	Keypress: x
85.6824 	EXP 	fixation: autoDraw = False
85.6824 	EXP 	line1: autoDraw = False
85.6824 	EXP 	line2: autoDraw = False
85.6824 	EXP 	line3: autoDraw = False
85.6824 	EXP 	line4: autoDraw = False
85.6824 	EXP 	probe: autoDraw = False
85.6824 	EXP 	fixation: autoDraw = True
85.8662 	EXP 	Device response: <KeyPress from None: t=85.66812655399553, value=x, duration=0.196371232974343>
86.6726 	EXP 	fixation: autoDraw = False
86.6726 	EXP 	line1: autoDraw = True
86.6726 	EXP 	line2: autoDraw = True
86.6726 	EXP 	line3: autoDraw = True
86.6726 	EXP 	line4: autoDraw = True
87.6729 	INFO 	Keyboard events cleared
87.6726 	EXP 	probe: autoDraw = True
87.9658 	EXP 	Device response: <KeyPress from None: t=87.96307252999395, value=v, duration=None>
87.9661 	EXP 	New trial (rep=9, index=2): <Trial 38 (2 in rep 9) data={'pos': np.int64(50), 'corr_resp': 'c', 'thisN': 38, 'thisTrialN': 2, 'thisRepN': 9}>
87.9684 	DATA 	Keypress: v
87.9741 	EXP 	fixation: autoDraw = False
87.9741 	EXP 	line1: autoDraw = False
87.9741 	EXP 	line2: autoDraw = False
87.9741 	EXP 	line3: autoDraw = False
87.9741 	EXP 	line4: autoDraw = False
87.9741 	EXP 	probe: autoDraw = False
87.9741 	EXP 	fixation: autoDraw = True
88.1656 	EXP 	Device response: <KeyPress from None: t=87.96307252999395, value=v, duration=0.19231918401783332>
88.9651 	EXP 	line1: autoDraw = True
88.9651 	EXP 	line2: autoDraw = True
88.9651 	EXP 	line3: autoDraw = True
88.9651 	EXP 	line4: autoDraw = True
88.9722 	EXP 	fixation: autoDraw = False
89.9565 	INFO 	Keyboard events cleared
89.9563 	EXP 	probe: autoDraw = True
90.2493 	EXP 	Device response: <KeyPress from None: t=90.24411292001605, value=c, duration=None>
90.2496 	EXP 	New trial (rep=9, index=3): <Trial 39 (3 in rep 9) data={'pos': np.int64(-150), 'corr_resp': 'z', 'thisN': 39, 'thisTrialN': 3, 'thisRepN': 9}>
90.2519 	DATA 	Keypress: c
90.2574 	EXP 	fixation: autoDraw = False
90.2574 	EXP 	line1: autoDraw = False
90.2574 	EXP 	line2: autoDraw = False
90.2574 	EXP 	line3: autoDraw = False
90.2574 	EXP 	line4: autoDraw = False
90.2574 	EXP 	probe: autoDraw = False
90.2574 	EXP 	fixation: autoDraw = True
90.4827 	EXP 	Device response: <KeyPress from None: t=90.24411292001605, value=c, duration=0.23630483297165483>
91.2483 	EXP 	line1: autoDraw = True
91.2483 	EXP 	line2: autoDraw = True
91.2483 	EXP 	line3: autoDraw = True
91.2483 	EXP 	line4: autoDraw = True
91.2551 	EXP 	fixation: autoDraw = False
92.2485 	INFO 	Keyboard events cleared
92.2483 	EXP 	probe: autoDraw = True
92.5152 	EXP 	Device response: <KeyPress from None: t=92.50987115001772, value=z, duration=None>
92.5156 	EXP 	New trial (rep=10, index=0): <Trial 40 (0 in rep 10) data={'pos': np.int64(-50), 'corr_resp': 'x', 'thisN': 40, 'thisTrialN': 0, 'thisRepN': 10}>
92.5180 	DATA 	Keypress: z
92.5242 	EXP 	fixation: autoDraw = False
92.5242 	EXP 	line1: autoDraw = False
92.5242 	EXP 	line2: autoDraw = False
92.5242 	EXP 	line3: autoDraw = False
92.5242 	EXP 	line4: autoDraw = False
92.5242 	EXP 	probe: autoDraw = False
92.5242 	EXP 	fixation: autoDraw = True
92.6988 	EXP 	Device response: <KeyPress from None: t=92.50987115001772, value=z, duration=0.1804306340054609>
93.5058 	EXP 	line1: autoDraw = True
93.5058 	EXP 	line2: autoDraw = True
93.5058 	EXP 	line3: autoDraw = True
93.5058 	EXP 	line4: autoDraw = True
93.5219 	EXP 	fixation: autoDraw = False
94.5055 	INFO 	Keyboard events cleared
94.5053 	EXP 	probe: autoDraw = True
95.0489 	EXP 	Device response: <KeyPress from None: t=95.04379065299872, value=x, duration=None>
95.0492 	EXP 	New trial (rep=10, index=1): <Trial 41 (1 in rep 10) data={'pos': np.int64(150), 'corr_resp': 'v', 'thisN': 41, 'thisTrialN': 1, 'thisRepN': 10}>
95.0515 	DATA 	Keypress: x
95.0570 	EXP 	fixation: autoDraw = False
95.0570 	EXP 	line1: autoDraw = False
95.0570 	EXP 	line2: autoDraw = False
95.0570 	EXP 	line3: autoDraw = False
95.0570 	EXP 	line4: autoDraw = False
95.0570 	EXP 	probe: autoDraw = False
95.0570 	EXP 	fixation: autoDraw = True
95.2221 	EXP 	Device response: <KeyPress from None: t=95.04379065299872, value=x, duration=0.17635997798060998>
96.0391 	EXP 	line1: autoDraw = True
96.0391 	EXP 	line2: autoDraw = True
96.0391 	EXP 	line3: autoDraw = True
96.0391 	EXP 	line4: autoDraw = True
96.0551 	EXP 	fixation: autoDraw = False
97.0391 	INFO 	Keyboard events cleared
97.0389 	EXP 	probe: autoDraw = True
97.3069 	EXP 	Device response: <KeyPress from None: t=97.30563716398319, value=v, duration=None>
97.3152 	EXP 	New trial (rep=10, index=2): <Trial 42 (2 in rep 10) data={'pos': np.int64(50), 'corr_resp': 'c', 'thisN': 42, 'thisTrialN': 2, 'thisRepN': 10}>
97.3177 	DATA 	Keypress: v
97.3232 	EXP 	fixation: autoDraw = False
97.3232 	EXP 	line1: autoDraw = False
97.3232 	EXP 	line2: autoDraw = False
97.3232 	EXP 	line3: autoDraw = False
97.3232 	EXP 	line4: autoDraw = False
97.3232 	EXP 	probe: autoDraw = False
97.3232 	EXP 	fixation: autoDraw = True
97.5167 	EXP 	Device response: <KeyPress from None: t=97.30563716398319, value=v, duration=0.20841646002372727>
98.3060 	EXP 	line1: autoDraw = True
98.3060 	EXP 	line2: autoDraw = True
98.3060 	EXP 	line3: autoDraw = True
98.3060 	EXP 	line4: autoDraw = True
98.3149 	EXP 	fixation: autoDraw = False
99.0728 	EXP 	Device response: <KeyPress from None: t=99.06859421398258, value=c, duration=None>
99.0750 	DATA 	Keypress: c
99.2656 	EXP 	Device response: <KeyPress from None: t=99.06859421398258, value=c, duration=0.18815757101401687>
99.3057 	INFO 	Keyboard events cleared
99.3055 	EXP 	probe: autoDraw = True
100.1329 	EXP 	Device response: <KeyPress from None: t=100.13165725802537, value=c, duration=None>
100.1332 	EXP 	New trial (rep=10, index=3): <Trial 43 (3 in rep 10) data={'pos': np.int64(-150), 'corr_resp': 'z', 'thisN': 43, 'thisTrialN': 3, 'thisRepN': 10}>
100.1390 	EXP 	fixation: autoDraw = False
100.1390 	EXP 	line1: autoDraw = False
100.1390 	EXP 	line2: autoDraw = False
100.1390 	EXP 	line3: autoDraw = False
100.1390 	EXP 	line4: autoDraw = False
100.1390 	EXP 	probe: autoDraw = False
100.1390 	EXP 	fixation: autoDraw = True
100.1418 	DATA 	Keypress: c
100.3062 	EXP 	Device response: <KeyPress from None: t=100.13165725802537, value=c, duration=0.16818178998073563>
101.1316 	EXP 	line1: autoDraw = True
101.1316 	EXP 	line2: autoDraw = True
101.1316 	EXP 	line3: autoDraw = True
101.1316 	EXP 	line4: autoDraw = True
101.1391 	EXP 	fixation: autoDraw = False
102.1317 	INFO 	Keyboard events cleared
102.1315 	EXP 	probe: autoDraw = True
102.3325 	EXP 	Device response: <KeyPress from None: t=102.33144337602425, value=z, duration=None>
102.3328 	EXP 	New trial (rep=11, index=0): <Trial 44 (0 in rep 11) data={'pos': np.int64(-50), 'corr_resp': 'x', 'thisN': 44, 'thisTrialN': 0, 'thisRepN': 11}>
102.3388 	EXP 	fixation: autoDraw = False
102.3388 	EXP 	line1: autoDraw = False
102.3388 	EXP 	line2: autoDraw = False
102.3388 	EXP 	line3: autoDraw = False
102.3388 	EXP 	line4: autoDraw = False
102.3388 	EXP 	probe: autoDraw = False
102.3388 	EXP 	fixation: autoDraw = True
102.3414 	DATA 	Keypress: z
102.5486 	EXP 	Device response: <KeyPress from None: t=102.33144337602425, value=z, duration=0.20836236199829727>
103.3316 	EXP 	line1: autoDraw = True
103.3316 	EXP 	line2: autoDraw = True
103.3316 	EXP 	line3: autoDraw = True
103.3316 	EXP 	line4: autoDraw = True
103.3389 	EXP 	fixation: autoDraw = False
104.3318 	INFO 	Keyboard events cleared
104.3315 	EXP 	probe: autoDraw = True
104.6156 	EXP 	Device response: <KeyPress from None: t=104.61237969697686, value=x, duration=None>
104.6159 	EXP 	New trial (rep=11, index=1): <Trial 45 (1 in rep 11) data={'pos': np.int64(150), 'corr_resp': 'v', 'thisN': 45, 'thisTrialN': 1, 'thisRepN': 11}>
104.6183 	DATA 	Keypress: x
104.6245 	EXP 	fixation: autoDraw = False
104.6245 	EXP 	line1: autoDraw = False
104.6245 	EXP 	line2: autoDraw = False
104.6245 	EXP 	line3: autoDraw = False
104.6245 	EXP 	line4: autoDraw = False
104.6245 	EXP 	probe: autoDraw = False
104.6245 	EXP 	fixation: autoDraw = True
104.8157 	EXP 	Device response: <KeyPress from None: t=104.61237969697686, value=x, duration=0.20046728203305975>
105.6059 	EXP 	line1: autoDraw = True
105.6059 	EXP 	line2: autoDraw = True
105.6059 	EXP 	line3: autoDraw = True
105.6059 	EXP 	line4: autoDraw = True
105.6217 	EXP 	fixation: autoDraw = False
106.4900 	EXP 	Device response: <KeyPress from None: t=106.48728399997344, value=v, duration=None>
106.5003 	DATA 	Keypress: v
106.6150 	INFO 	Keyboard events cleared
106.6148 	EXP 	probe: autoDraw = True
106.6992 	EXP 	Device response: <KeyPress from None: t=106.48728399997344, value=v, duration=0.20437909703468904>
107.5826 	EXP 	Device response: <KeyPress from None: t=107.58126454200828, value=v, duration=None>
107.5829 	EXP 	New trial (rep=11, index=2): <Trial 46 (2 in rep 11) data={'pos': np.int64(50), 'corr_resp': 'c', 'thisN': 46, 'thisTrialN': 2, 'thisRepN': 11}>
107.5887 	EXP 	fixation: autoDraw = False
107.5887 	EXP 	line1: autoDraw = False
107.5887 	EXP 	line2: autoDraw = False
107.5887 	EXP 	line3: autoDraw = False
107.5887 	EXP 	line4: autoDraw = False
107.5887 	EXP 	probe: autoDraw = False
107.5887 	EXP 	fixation: autoDraw = True
107.5915 	DATA 	Keypress: v
107.7486 	EXP 	Device response: <KeyPress from None: t=107.58126454200828, value=v, duration=0.156252181972377>
108.5815 	EXP 	line1: autoDraw = True
108.5815 	EXP 	line2: autoDraw = True
108.5815 	EXP 	line3: autoDraw = True
108.5815 	EXP 	line4: autoDraw = True
108.5884 	EXP 	fixation: autoDraw = False
109.5815 	INFO 	Keyboard events cleared
109.5813 	EXP 	probe: autoDraw = True
109.7486 	EXP 	Device response: <KeyPress from None: t=109.73985095700482, value=c, duration=None>
109.7489 	EXP 	New trial (rep=11, index=3): <Trial 47 (3 in rep 11) data={'pos': np.int64(-150), 'corr_resp': 'z', 'thisN': 47, 'thisTrialN': 3, 'thisRepN': 11}>
109.7513 	DATA 	Keypress: c
109.7567 	EXP 	fixation: autoDraw = False
109.7567 	EXP 	line1: autoDraw = False
109.7567 	EXP 	line2: autoDraw = False
109.7567 	EXP 	line3: autoDraw = False
109.7567 	EXP 	line4: autoDraw = False
109.7567 	EXP 	probe: autoDraw = False
109.7567 	EXP 	fixation: autoDraw = True
109.9555 	EXP 	Device response: <KeyPress from None: t=109.73985095700482, value=c, duration=0.21060880599543452>
110.7385 	EXP 	line1: autoDraw = True
110.7385 	EXP 	line2: autoDraw = True
110.7385 	EXP 	line3: autoDraw = True
110.7385 	EXP 	line4: autoDraw = True
110.7553 	EXP 	fixation: autoDraw = False
111.7390 	INFO 	Keyboard events cleared
111.7388 	EXP 	probe: autoDraw = True
111.9986 	EXP 	Device response: <KeyPress from None: t=111.99002133501926, value=z, duration=None>
111.9989 	EXP 	New trial (rep=12, index=0): <Trial 48 (0 in rep 12) data={'pos': np.int64(-50), 'corr_resp': 'x', 'thisN': 48, 'thisTrialN': 0, 'thisRepN': 12}>
112.0012 	DATA 	Keypress: z
112.0066 	EXP 	fixation: autoDraw = False
112.0066 	EXP 	line1: autoDraw = False
112.0066 	EXP 	line2: autoDraw = False
112.0066 	EXP 	line3: autoDraw = False
112.0066 	EXP 	line4: autoDraw = False
112.0066 	EXP 	probe: autoDraw = False
112.0066 	EXP 	fixation: autoDraw = True
112.1991 	EXP 	Device response: <KeyPress from None: t=111.99002133501926, value=z, duration=0.20436386100482196>
112.9888 	EXP 	line1: autoDraw = True
112.9888 	EXP 	line2: autoDraw = True
112.9888 	EXP 	line3: autoDraw = True
112.9888 	EXP 	line4: autoDraw = True
113.0050 	EXP 	fixation: autoDraw = False
113.9978 	INFO 	Keyboard events cleared
113.9977 	EXP 	probe: autoDraw = True
114.3322 	EXP 	Device response: <KeyPress from None: t=114.32410335697932, value=x, duration=None>
114.3325 	EXP 	New trial (rep=12, index=1): <Trial 49 (1 in rep 12) data={'pos': np.int64(150), 'corr_resp': 'v', 'thisN': 49, 'thisTrialN': 1, 'thisRepN': 12}>
114.3349 	DATA 	Keypress: x
114.3406 	EXP 	fixation: autoDraw = False
114.3406 	EXP 	line1: autoDraw = False
114.3406 	EXP 	line2: autoDraw = False
114.3406 	EXP 	line3: autoDraw = False
114.3406 	EXP 	line4: autoDraw = False
114.3406 	EXP 	probe: autoDraw = False
114.3406 	EXP 	fixation: autoDraw = True
114.5823 	EXP 	Device response: <KeyPress from None: t=114.32410335697932, value=x, duration=0.2561309020384215>
115.3222 	EXP 	line1: autoDraw = True
115.3222 	EXP 	line2: autoDraw = True
115.3222 	EXP 	line3: autoDraw = True
115.3222 	EXP 	line4: autoDraw = True
115.3383 	EXP 	fixation: autoDraw = False
115.7153 	EXP 	Device response: <KeyPress from None: t=115.71288123802515, value=c, duration=None>
115.7180 	DATA 	Keypress: c
115.9990 	EXP 	Device response: <KeyPress from None: t=115.71288123802515, value=c, duration=0.2842912249616347>
116.3316 	INFO 	Keyboard events cleared
116.3314 	EXP 	probe: autoDraw = True
116.9320 	EXP 	Device response: <KeyPress from None: t=116.92377611302072, value=v, duration=None>
116.9323 	EXP 	New trial (rep=12, index=2): <Trial 50 (2 in rep 12) data={'pos': np.int64(50), 'corr_resp': 'c', 'thisN': 50, 'thisTrialN': 2, 'thisRepN': 12}>
116.9350 	DATA 	Keypress: v
116.9405 	EXP 	fixation: autoDraw = False
116.9405 	EXP 	line1: autoDraw = False
116.9405 	EXP 	line2: autoDraw = False
116.9405 	EXP 	line3: autoDraw = False
116.9405 	EXP 	line4: autoDraw = False
116.9405 	EXP 	probe: autoDraw = False
116.9405 	EXP 	fixation: autoDraw = True
117.1154 	EXP 	Device response: <KeyPress from None: t=116.92377611302072, value=v, duration=0.1806287769577466>
117.9223 	EXP 	line1: autoDraw = True
117.9223 	EXP 	line2: autoDraw = True
117.9223 	EXP 	line3: autoDraw = True
117.9223 	EXP 	line4: autoDraw = True
117.9384 	EXP 	fixation: autoDraw = False
118.9219 	INFO 	Keyboard events cleared
118.9217 	EXP 	probe: autoDraw = True
119.3322 	EXP 	Device response: <KeyPress from None: t=119.32775607099757, value=c, duration=None>
119.3325 	EXP 	New trial (rep=12, index=3): <Trial 51 (3 in rep 12) data={'pos': np.int64(-150), 'corr_resp': 'z', 'thisN': 51, 'thisTrialN': 3, 'thisRepN': 12}>
119.3348 	DATA 	Keypress: c
119.3402 	EXP 	fixation: autoDraw = False
119.3402 	EXP 	line1: autoDraw = False
119.3402 	EXP 	line2: autoDraw = False
119.3402 	EXP 	line3: autoDraw = False
119.3402 	EXP 	line4: autoDraw = False
119.3402 	EXP 	probe: autoDraw = False
119.3402 	EXP 	fixation: autoDraw = True
119.4987 	EXP 	Device response: <KeyPress from None: t=119.32775607099757, value=c, duration=0.16025581199210137>
120.3314 	EXP 	line1: autoDraw = True
120.3314 	EXP 	line2: autoDraw = True
120.3314 	EXP 	line3: autoDraw = True
120.3314 	EXP 	line4: autoDraw = True
120.3386 	EXP 	fixation: autoDraw = False
121.3315 	INFO 	Keyboard events cleared
121.3313 	EXP 	probe: autoDraw = True
121.6319 	EXP 	Device response: <KeyPress from None: t=121.62661330698757, value=z, duration=None>
121.6322 	EXP 	New trial (rep=13, index=0): <Trial 52 (0 in rep 13) data={'pos': np.int64(-50), 'corr_resp': 'x', 'thisN': 52, 'thisTrialN': 0, 'thisRepN': 13}>
121.6345 	DATA 	Keypress: z
121.6401 	EXP 	fixation: autoDraw = False
121.6401 	EXP 	line1: autoDraw = False
121.6401 	EXP 	line2: autoDraw = False
121.6401 	EXP 	line3: autoDraw = False
121.6401 	EXP 	line4: autoDraw = False
121.6401 	EXP 	probe: autoDraw = False
121.6401 	EXP 	fixation: autoDraw = True
121.8151 	EXP 	Device response: <KeyPress from None: t=121.62661330698757, value=z, duration=0.17978537798626348>
122.6218 	EXP 	line1: autoDraw = True
122.6218 	EXP 	line2: autoDraw = True
122.6218 	EXP 	line3: autoDraw = True
122.6218 	EXP 	line4: autoDraw = True
122.6382 	EXP 	fixation: autoDraw = False
123.6227 	INFO 	Keyboard events cleared
123.6225 	EXP 	probe: autoDraw = True
123.9656 	EXP 	Device response: <KeyPress from None: t=123.96064569998998, value=x, duration=None>
123.9659 	EXP 	New trial (rep=13, index=1): <Trial 53 (1 in rep 13) data={'pos': np.int64(150), 'corr_resp': 'v', 'thisN': 53, 'thisTrialN': 1, 'thisRepN': 13}>
123.9683 	DATA 	Keypress: x
123.9738 	EXP 	fixation: autoDraw = False
123.9738 	EXP 	line1: autoDraw = False
123.9738 	EXP 	line2: autoDraw = False
123.9738 	EXP 	line3: autoDraw = False
123.9738 	EXP 	line4: autoDraw = False
123.9738 	EXP 	probe: autoDraw = False
123.9738 	EXP 	fixation: autoDraw = True
124.1153 	EXP 	Device response: <KeyPress from None: t=123.96064569998998, value=x, duration=0.15228973497869447>
124.9646 	EXP 	line1: autoDraw = True
124.9646 	EXP 	line2: autoDraw = True
124.9646 	EXP 	line3: autoDraw = True
124.9646 	EXP 	line4: autoDraw = True
124.9713 	EXP 	fixation: autoDraw = False
125.9647 	INFO 	Keyboard events cleared
125.9645 	EXP 	probe: autoDraw = True
126.2067 	EXP 	Device response: <KeyPress from None: t=126.20039437199011, value=v, duration=None>
126.2070 	EXP 	New trial (rep=13, index=2): <Trial 54 (2 in rep 13) data={'pos': np.int64(50), 'corr_resp': 'c', 'thisN': 54, 'thisTrialN': 2, 'thisRepN': 13}>
126.2094 	DATA 	Keypress: v
126.2154 	EXP 	fixation: autoDraw = False
126.2154 	EXP 	line1: autoDraw = False
126.2154 	EXP 	line2: autoDraw = False
126.2154 	EXP 	line3: autoDraw = False
126.2154 	EXP 	line4: autoDraw = False
126.2154 	EXP 	probe: autoDraw = False
126.2154 	EXP 	fixation: autoDraw = True
126.3821 	EXP 	Device response: <KeyPress from None: t=126.20039437199011, value=v, duration=0.1804957429994829>
127.2051 	EXP 	line1: autoDraw = True
127.2051 	EXP 	line2: autoDraw = True
127.2051 	EXP 	line3: autoDraw = True
127.2051 	EXP 	line4: autoDraw = True
127.2144 	EXP 	fixation: autoDraw = False
128.2066 	INFO 	Keyboard events cleared
128.2064 	EXP 	probe: autoDraw = True
128.5401 	EXP 	Device response: <KeyPress from None: t=128.53423643601127, value=c, duration=None>
128.5404 	EXP 	New trial (rep=13, index=3): <Trial 55 (3 in rep 13) data={'pos': np.int64(-150), 'corr_resp': 'z', 'thisN': 55, 'thisTrialN': 3, 'thisRepN': 13}>
128.5428 	DATA 	Keypress: c
128.5488 	EXP 	fixation: autoDraw = False
128.5488 	EXP 	line1: autoDraw = False
128.5488 	EXP 	line2: autoDraw = False
128.5488 	EXP 	line3: autoDraw = False
128.5488 	EXP 	line4: autoDraw = False
128.5488 	EXP 	probe: autoDraw = False
128.5488 	EXP 	fixation: autoDraw = True
128.7651 	EXP 	Device response: <KeyPress from None: t=128.53423643601127, value=c, duration=0.22044255101354793>
129.5381 	EXP 	fixation: autoDraw = False
129.5381 	EXP 	line1: autoDraw = True
129.5381 	EXP 	line2: autoDraw = True
129.5381 	EXP 	line3: autoDraw = True
129.5381 	EXP 	line4: autoDraw = True
130.5394 	INFO 	Keyboard events cleared
130.5392 	EXP 	probe: autoDraw = True
130.8227 	EXP 	Device response: <KeyPress from None: t=130.81621647498105, value=z, duration=None>
130.8230 	EXP 	New trial (rep=14, index=0): <Trial 56 (0 in rep 14) data={'pos': np.int64(-50), 'corr_resp': 'x', 'thisN': 56, 'thisTrialN': 0, 'thisRepN': 14}>
130.8254 	DATA 	Keypress: z
130.8313 	EXP 	fixation: autoDraw = False
130.8313 	EXP 	line1: autoDraw = False
130.8313 	EXP 	line2: autoDraw = False
130.8313 	EXP 	line3: autoDraw = False
130.8313 	EXP 	line4: autoDraw = False
130.8313 	EXP 	probe: autoDraw = False
130.8313 	EXP 	fixation: autoDraw = True
130.9649 	EXP 	Device response: <KeyPress from None: t=130.81621647498105, value=z, duration=0.14037477102829143>
131.8220 	EXP 	fixation: autoDraw = False
131.8220 	EXP 	line1: autoDraw = True
131.8220 	EXP 	line2: autoDraw = True
131.8220 	EXP 	line3: autoDraw = True
131.8220 	EXP 	line4: autoDraw = True
132.8220 	INFO 	Keyboard events cleared
132.8217 	EXP 	probe: autoDraw = True
133.4067 	EXP 	Device response: <KeyPress from None: t=133.4012471640017, value=x, duration=None>
133.4070 	EXP 	New trial (rep=14, index=1): <Trial 57 (1 in rep 14) data={'pos': np.int64(150), 'corr_resp': 'v', 'thisN': 57, 'thisTrialN': 1, 'thisRepN': 14}>
133.4093 	DATA 	Keypress: x
133.4152 	EXP 	fixation: autoDraw = False
133.4152 	EXP 	line1: autoDraw = False
133.4152 	EXP 	line2: autoDraw = False
133.4152 	EXP 	line3: autoDraw = False
133.4152 	EXP 	line4: autoDraw = False
133.4152 	EXP 	probe: autoDraw = False
133.4152 	EXP 	fixation: autoDraw = True
133.5986 	EXP 	Device response: <KeyPress from None: t=133.4012471640017, value=x, duration=0.19608643098035827>
134.4052 	EXP 	fixation: autoDraw = False
134.4052 	EXP 	line1: autoDraw = True
134.4052 	EXP 	line2: autoDraw = True
134.4052 	EXP 	line3: autoDraw = True
134.4052 	EXP 	line4: autoDraw = True
135.4057 	INFO 	Keyboard events cleared
135.4055 	EXP 	probe: autoDraw = True
135.7151 	EXP 	Device response: <KeyPress from None: t=135.70902416697936, value=v, duration=None>
135.7154 	EXP 	New trial (rep=14, index=2): <Trial 58 (2 in rep 14) data={'pos': np.int64(50), 'corr_resp': 'c', 'thisN': 58, 'thisTrialN': 2, 'thisRepN': 14}>
135.7177 	DATA 	Keypress: v
135.7232 	EXP 	fixation: autoDraw = False
135.7232 	EXP 	line1: autoDraw = False
135.7232 	EXP 	line2: autoDraw = False
135.7232 	EXP 	line3: autoDraw = False
135.7232 	EXP 	line4: autoDraw = False
135.7232 	EXP 	probe: autoDraw = False
135.7232 	EXP 	fixation: autoDraw = True
135.9485 	EXP 	Device response: <KeyPress from None: t=135.70902416697936, value=v, duration=0.23632373299915344>
136.7055 	EXP 	line1: autoDraw = True
136.7055 	EXP 	line2: autoDraw = True
136.7055 	EXP 	line3: autoDraw = True
136.7055 	EXP 	line4: autoDraw = True
136.7213 	EXP 	fixation: autoDraw = False
137.7053 	INFO 	Keyboard events cleared
137.7051 	EXP 	probe: autoDraw = True
138.0232 	EXP 	Device response: <KeyPress from None: t=138.0168931959779, value=c, duration=None>
138.0235 	EXP 	New trial (rep=14, index=3): <Trial 59 (3 in rep 14) data={'pos': np.int64(-150), 'corr_resp': 'z', 'thisN': 59, 'thisTrialN': 3, 'thisRepN': 14}>
138.0259 	DATA 	Keypress: c
138.0317 	EXP 	fixation: autoDraw = False
138.0317 	EXP 	line1: autoDraw = False
138.0317 	EXP 	line2: autoDraw = False
138.0317 	EXP 	line3: autoDraw = False
138.0317 	EXP 	line4: autoDraw = False
138.0317 	EXP 	probe: autoDraw = False
138.0317 	EXP 	fixation: autoDraw = True
138.2320 	EXP 	Device response: <KeyPress from None: t=138.0168931959779, value=c, duration=0.21257313899695873>
139.0217 	EXP 	fixation: autoDraw = False
139.0217 	EXP 	line1: autoDraw = True
139.0217 	EXP 	line2: autoDraw = True
139.0217 	EXP 	line3: autoDraw = True
139.0217 	EXP 	line4: autoDraw = True
140.0218 	INFO 	Keyboard events cleared
140.0216 	EXP 	probe: autoDraw = True
140.2819 	EXP 	Device response: <KeyPress from None: t=140.2778011530172, value=z, duration=None>
140.2822 	EXP 	New trial (rep=15, index=0): <Trial 60 (0 in rep 15) data={'pos': np.int64(-50), 'corr_resp': 'x', 'thisN': 60, 'thisTrialN': 0, 'thisRepN': 15}>
140.2845 	DATA 	Keypress: z
140.2906 	EXP 	fixation: autoDraw = False
140.2906 	EXP 	line1: autoDraw = False
140.2906 	EXP 	line2: autoDraw = False
140.2906 	EXP 	line3: autoDraw = False
140.2906 	EXP 	line4: autoDraw = False
140.2906 	EXP 	probe: autoDraw = False
140.2906 	EXP 	fixation: autoDraw = True
140.4652 	EXP 	Device response: <KeyPress from None: t=140.2778011530172, value=z, duration=0.1843441819655709>
141.2811 	EXP 	line1: autoDraw = True
141.2811 	EXP 	line2: autoDraw = True
141.2811 	EXP 	line3: autoDraw = True
141.2811 	EXP 	line4: autoDraw = True
141.2879 	EXP 	fixation: autoDraw = False
142.2813 	INFO 	Keyboard events cleared
142.2811 	EXP 	probe: autoDraw = True
142.5059 	EXP 	Device response: <KeyPress from None: t=142.5046103799832, value=x, duration=None>
142.5145 	EXP 	New trial (rep=15, index=1): <Trial 61 (1 in rep 15) data={'pos': np.int64(150), 'corr_resp': 'v', 'thisN': 61, 'thisTrialN': 1, 'thisRepN': 15}>
142.5169 	DATA 	Keypress: x
142.5223 	EXP 	fixation: autoDraw = False
142.5223 	EXP 	line1: autoDraw = False
142.5223 	EXP 	line2: autoDraw = False
142.5223 	EXP 	line3: autoDraw = False
142.5223 	EXP 	line4: autoDraw = False
142.5223 	EXP 	probe: autoDraw = False
142.5223 	EXP 	fixation: autoDraw = True
142.6981 	EXP 	Device response: <KeyPress from None: t=142.5046103799832, value=x, duration=0.18843391799600795>
143.5047 	EXP 	line1: autoDraw = True
143.5047 	EXP 	line2: autoDraw = True
143.5047 	EXP 	line3: autoDraw = True
143.5047 	EXP 	line4: autoDraw = True
143.5143 	EXP 	fixation: autoDraw = False
144.5058 	INFO 	Keyboard events cleared
144.5055 	EXP 	probe: autoDraw = True
144.7728 	EXP 	Device response: <KeyPress from None: t=144.76564541098196, value=v, duration=None>
144.7731 	EXP 	New trial (rep=15, index=2): <Trial 62 (2 in rep 15) data={'pos': np.int64(50), 'corr_resp': 'c', 'thisN': 62, 'thisTrialN': 2, 'thisRepN': 15}>
144.7757 	DATA 	Keypress: v
144.7816 	EXP 	fixation: autoDraw = False
144.7816 	EXP 	line1: autoDraw = False
144.7816 	EXP 	line2: autoDraw = False
144.7816 	EXP 	line3: autoDraw = False
144.7816 	EXP 	line4: autoDraw = False
144.7816 	EXP 	probe: autoDraw = False
144.7816 	EXP 	fixation: autoDraw = True
144.9320 	EXP 	Device response: <KeyPress from None: t=144.76564541098196, value=v, duration=0.1645020780269988>
145.7717 	EXP 	fixation: autoDraw = False
145.7717 	EXP 	line1: autoDraw = True
145.7717 	EXP 	line2: autoDraw = True
145.7717 	EXP 	line3: autoDraw = True
145.7717 	EXP 	line4: autoDraw = True
146.7724 	INFO 	Keyboard events cleared
146.7721 	EXP 	probe: autoDraw = True
147.0313 	EXP 	Device response: <KeyPress from None: t=147.02453403297113, value=c, duration=None>
147.0317 	EXP 	New trial (rep=15, index=3): <Trial 63 (3 in rep 15) data={'pos': np.int64(-150), 'corr_resp': 'z', 'thisN': 63, 'thisTrialN': 3, 'thisRepN': 15}>
147.0340 	DATA 	Keypress: c
147.0401 	EXP 	fixation: autoDraw = False
147.0401 	EXP 	line1: autoDraw = False
147.0401 	EXP 	line2: autoDraw = False
147.0401 	EXP 	line3: autoDraw = False
147.0401 	EXP 	line4: autoDraw = False
147.0401 	EXP 	probe: autoDraw = False
147.0401 	EXP 	fixation: autoDraw = True
147.2214 	EXP 	Device response: <KeyPress from None: t=147.02453403297113, value=c, duration=0.19227095902897418>
148.0212 	EXP 	line1: autoDraw = True
148.0212 	EXP 	line2: autoDraw = True
148.0212 	EXP 	line3: autoDraw = True
148.0212 	EXP 	line4: autoDraw = True
148.0377 	EXP 	fixation: autoDraw = False
149.0217 	INFO 	Keyboard events cleared
149.0215 	EXP 	probe: autoDraw = True
149.2150 	EXP 	Device response: <KeyPress from None: t=149.21252059499966, value=z, duration=None>
149.2152 	EXP 	New trial (rep=16, index=0): <Trial 64 (0 in rep 16) data={'pos': np.int64(-50), 'corr_resp': 'x', 'thisN': 64, 'thisTrialN': 0, 'thisRepN': 16}>
149.2176 	DATA 	Keypress: z
149.2238 	EXP 	fixation: autoDraw = False
149.2238 	EXP 	line1: autoDraw = False
149.2238 	EXP 	line2: autoDraw = False
149.2238 	EXP 	line3: autoDraw = False
149.2238 	EXP 	line4: autoDraw = False
149.2238 	EXP 	probe: autoDraw = False
149.2238 	EXP 	fixation: autoDraw = True
149.4383 	EXP 	Device response: <KeyPress from None: t=149.21252059499966, value=z, duration=0.22422923101112247>
150.2051 	EXP 	line1: autoDraw = True
150.2051 	EXP 	line2: autoDraw = True
150.2051 	EXP 	line3: autoDraw = True
150.2051 	EXP 	line4: autoDraw = True
150.2214 	EXP 	fixation: autoDraw = False
151.2052 	INFO 	Keyboard events cleared
151.2050 	EXP 	probe: autoDraw = True
151.5315 	EXP 	Device response: <KeyPress from None: t=151.52240592701128, value=x, duration=None>
151.5318 	EXP 	New trial (rep=16, index=1): <Trial 65 (1 in rep 16) data={'pos': np.int64(150), 'corr_resp': 'v', 'thisN': 65, 'thisTrialN': 1, 'thisRepN': 16}>
151.5341 	DATA 	Keypress: x
151.5396 	EXP 	fixation: autoDraw = False
151.5396 	EXP 	line1: autoDraw = False
151.5396 	EXP 	line2: autoDraw = False
151.5396 	EXP 	line3: autoDraw = False
151.5396 	EXP 	line4: autoDraw = False
151.5396 	EXP 	probe: autoDraw = False
151.5396 	EXP 	fixation: autoDraw = True
151.7146 	EXP 	Device response: <KeyPress from None: t=151.52240592701128, value=x, duration=0.18388109997613356>
152.5219 	EXP 	line1: autoDraw = True
152.5219 	EXP 	line2: autoDraw = True
152.5219 	EXP 	line3: autoDraw = True
152.5219 	EXP 	line4: autoDraw = True
152.5378 	EXP 	fixation: autoDraw = False
153.5216 	INFO 	Keyboard events cleared
153.5214 	EXP 	probe: autoDraw = True
153.9891 	EXP 	Device response: <KeyPress from None: t=153.98317750100978, value=v, duration=None>
153.9894 	EXP 	New trial (rep=16, index=2): <Trial 66 (2 in rep 16) data={'pos': np.int64(50), 'corr_resp': 'c', 'thisN': 66, 'thisTrialN': 2, 'thisRepN': 16}>
153.9917 	DATA 	Keypress: v
153.9976 	EXP 	fixation: autoDraw = False
153.9976 	EXP 	line1: autoDraw = False
153.9976 	EXP 	line2: autoDraw = False
153.9976 	EXP 	line3: autoDraw = False
153.9976 	EXP 	line4: autoDraw = False
153.9976 	EXP 	probe: autoDraw = False
153.9976 	EXP 	fixation: autoDraw = True
154.1647 	EXP 	Device response: <KeyPress from None: t=153.98317750100978, value=v, duration=0.17231601098319516>
154.9883 	EXP 	fixation: autoDraw = False
154.9883 	EXP 	line1: autoDraw = True
154.9883 	EXP 	line2: autoDraw = True
154.9883 	EXP 	line3: autoDraw = True
154.9883 	EXP 	line4: autoDraw = True
155.9883 	INFO 	Keyboard events cleared
155.9881 	EXP 	probe: autoDraw = True
156.1648 	EXP 	Device response: <KeyPress from None: t=156.15615628898377, value=c, duration=None>
156.1651 	EXP 	New trial (rep=16, index=3): <Trial 67 (3 in rep 16) data={'pos': np.int64(-150), 'corr_resp': 'z', 'thisN': 67, 'thisTrialN': 3, 'thisRepN': 16}>
156.1675 	DATA 	Keypress: c
156.1730 	EXP 	fixation: autoDraw = False
156.1730 	EXP 	line1: autoDraw = False
156.1730 	EXP 	line2: autoDraw = False
156.1730 	EXP 	line3: autoDraw = False
156.1730 	EXP 	line4: autoDraw = False
156.1730 	EXP 	probe: autoDraw = False
156.1730 	EXP 	fixation: autoDraw = True
156.3654 	EXP 	Device response: <KeyPress from None: t=156.15615628898377, value=c, duration=0.20827691303566098>
157.1549 	EXP 	line1: autoDraw = True
157.1549 	EXP 	line2: autoDraw = True
157.1549 	EXP 	line3: autoDraw = True
157.1549 	EXP 	line4: autoDraw = True
157.1710 	EXP 	fixation: autoDraw = False
158.1560 	INFO 	Keyboard events cleared
158.1558 	EXP 	probe: autoDraw = True
158.4480 	EXP 	Device response: <KeyPress from None: t=158.44307385198772, value=z, duration=None>
158.4482 	EXP 	New trial (rep=17, index=0): <Trial 68 (0 in rep 17) data={'pos': np.int64(-50), 'corr_resp': 'x', 'thisN': 68, 'thisTrialN': 0, 'thisRepN': 17}>
158.4506 	DATA 	Keypress: z
158.4559 	EXP 	fixation: autoDraw = False
158.4559 	EXP 	line1: autoDraw = False
158.4559 	EXP 	line2: autoDraw = False
158.4559 	EXP 	line3: autoDraw = False
158.4559 	EXP 	line4: autoDraw = False
158.4559 	EXP 	probe: autoDraw = False
158.4559 	EXP 	fixation: autoDraw = True
158.6378 	EXP 	Device response: <KeyPress from None: t=158.44307385198772, value=z, duration=0.1924158030305989>
159.4381 	EXP 	line1: autoDraw = True
159.4381 	EXP 	line2: autoDraw = True
159.4381 	EXP 	line3: autoDraw = True
159.4381 	EXP 	line4: autoDraw = True
159.4537 	EXP 	fixation: autoDraw = False
160.4382 	INFO 	Keyboard events cleared
160.4379 	EXP 	probe: autoDraw = True
160.7219 	EXP 	Device response: <KeyPress from None: t=160.71397675399203, value=x, duration=None>
160.7222 	EXP 	New trial (rep=17, index=1): <Trial 69 (1 in rep 17) data={'pos': np.int64(150), 'corr_resp': 'v', 'thisN': 69, 'thisTrialN': 1, 'thisRepN': 17}>
160.7246 	DATA 	Keypress: x
160.7297 	EXP 	fixation: autoDraw = False
160.7297 	EXP 	line1: autoDraw = False
160.7297 	EXP 	line2: autoDraw = False
160.7297 	EXP 	line3: autoDraw = False
160.7297 	EXP 	line4: autoDraw = False
160.7297 	EXP 	probe: autoDraw = False
160.7297 	EXP 	fixation: autoDraw = True
160.9313 	EXP 	Device response: <KeyPress from None: t=160.71397675399203, value=x, duration=0.21232853300170973>
161.7214 	EXP 	fixation: autoDraw = False
161.7214 	EXP 	line1: autoDraw = True
161.7214 	EXP 	line2: autoDraw = True
161.7214 	EXP 	line3: autoDraw = True
161.7214 	EXP 	line4: autoDraw = True
162.7214 	INFO 	Keyboard events cleared
162.7212 	EXP 	probe: autoDraw = True
162.9818 	EXP 	Device response: <KeyPress from None: t=162.98080405802466, value=v, duration=None>
162.9821 	EXP 	New trial (rep=17, index=2): <Trial 70 (2 in rep 17) data={'pos': np.int64(50), 'corr_resp': 'c', 'thisN': 70, 'thisTrialN': 2, 'thisRepN': 17}>
162.9886 	EXP 	fixation: autoDraw = False
162.9886 	EXP 	line1: autoDraw = False
162.9886 	EXP 	line2: autoDraw = False
162.9886 	EXP 	line3: autoDraw = False
162.9886 	EXP 	line4: autoDraw = False
162.9886 	EXP 	probe: autoDraw = False
162.9886 	EXP 	fixation: autoDraw = True
162.9913 	DATA 	Keypress: v
163.1712 	EXP 	Device response: <KeyPress from None: t=162.98080405802466, value=v, duration=0.1885412509436719>
163.9807 	EXP 	line1: autoDraw = True
163.9807 	EXP 	line2: autoDraw = True
163.9807 	EXP 	line3: autoDraw = True
163.9807 	EXP 	line4: autoDraw = True
163.9881 	EXP 	fixation: autoDraw = False
164.9802 	INFO 	Keyboard events cleared
164.9801 	EXP 	probe: autoDraw = True
165.2720 	EXP 	Device response: <KeyPress from None: t=165.26973641000222, value=c, duration=None>
165.2723 	EXP 	New trial (rep=17, index=3): <Trial 71 (3 in rep 17) data={'pos': np.int64(-150), 'corr_resp': 'z', 'thisN': 71, 'thisTrialN': 3, 'thisRepN': 17}>
165.2803 	EXP 	fixation: autoDraw = False
165.2803 	EXP 	line1: autoDraw = False
165.2803 	EXP 	line2: autoDraw = False
165.2803 	EXP 	line3: autoDraw = False
165.2803 	EXP 	line4: autoDraw = False
165.2803 	EXP 	probe: autoDraw = False
165.2803 	EXP 	fixation: autoDraw = True
165.2830 	DATA 	Keypress: c
165.4880 	EXP 	Device response: <KeyPress from None: t=165.26973641000222, value=c, duration=0.2163270289893262>
166.2709 	EXP 	fixation: autoDraw = False
166.2709 	EXP 	line1: autoDraw = True
166.2709 	EXP 	line2: autoDraw = True
166.2709 	EXP 	line3: autoDraw = True
166.2709 	EXP 	line4: autoDraw = True
167.2712 	INFO 	Keyboard events cleared
167.2710 	EXP 	probe: autoDraw = True
167.5316 	EXP 	Device response: <KeyPress from None: t=167.52675994799938, value=z, duration=None>
167.5319 	EXP 	New trial (rep=18, index=0): <Trial 72 (0 in rep 18) data={'pos': np.int64(-50), 'corr_resp': 'x', 'thisN': 72, 'thisTrialN': 0, 'thisRepN': 18}>
167.5342 	DATA 	Keypress: z
167.5397 	EXP 	fixation: autoDraw = False
167.5397 	EXP 	line1: autoDraw = False
167.5397 	EXP 	line2: autoDraw = False
167.5397 	EXP 	line3: autoDraw = False
167.5397 	EXP 	line4: autoDraw = False
167.5397 	EXP 	probe: autoDraw = False
167.5397 	EXP 	fixation: autoDraw = True
167.7478 	EXP 	Device response: <KeyPress from None: t=167.52675994799938, value=z, duration=0.2122433700133115>
168.5305 	EXP 	line1: autoDraw = True
168.5305 	EXP 	line2: autoDraw = True
168.5305 	EXP 	line3: autoDraw = True
168.5305 	EXP 	line4: autoDraw = True
168.5375 	EXP 	fixation: autoDraw = False
169.5303 	INFO 	Keyboard events cleared
169.5301 	EXP 	probe: autoDraw = True
169.8148 	EXP 	Device response: <KeyPress from None: t=169.80878366000252, value=x, duration=None>
169.8151 	EXP 	New trial (rep=18, index=1): <Trial 73 (1 in rep 18) data={'pos': np.int64(150), 'corr_resp': 'v', 'thisN': 73, 'thisTrialN': 1, 'thisRepN': 18}>
169.8175 	DATA 	Keypress: x
169.8230 	EXP 	fixation: autoDraw = False
169.8230 	EXP 	line1: autoDraw = False
169.8230 	EXP 	line2: autoDraw = False
169.8230 	EXP 	line3: autoDraw = False
169.8230 	EXP 	line4: autoDraw = False
169.8230 	EXP 	probe: autoDraw = False
169.8230 	EXP 	fixation: autoDraw = True
169.9983 	EXP 	Device response: <KeyPress from None: t=169.80878366000252, value=x, duration=0.18802734301425517>
170.8140 	EXP 	line1: autoDraw = True
170.8140 	EXP 	line2: autoDraw = True
170.8140 	EXP 	line3: autoDraw = True
170.8140 	EXP 	line4: autoDraw = True
170.8211 	EXP 	fixation: autoDraw = False
171.8055 	INFO 	Keyboard events cleared
171.8052 	EXP 	probe: autoDraw = True
172.0554 	EXP 	Device response: <KeyPress from None: t=172.05057889100863, value=v, duration=None>
172.0557 	EXP 	New trial (rep=18, index=2): <Trial 74 (2 in rep 18) data={'pos': np.int64(50), 'corr_resp': 'c', 'thisN': 74, 'thisTrialN': 2, 'thisRepN': 18}>
172.0582 	DATA 	Keypress: v
172.0641 	EXP 	fixation: autoDraw = False
172.0641 	EXP 	line1: autoDraw = False
172.0641 	EXP 	line2: autoDraw = False
172.0641 	EXP 	line3: autoDraw = False
172.0641 	EXP 	line4: autoDraw = False
172.0641 	EXP 	probe: autoDraw = False
172.0641 	EXP 	fixation: autoDraw = True
172.2209 	EXP 	Device response: <KeyPress from None: t=172.05057889100863, value=v, duration=0.16812939901137725>
173.0546 	EXP 	fixation: autoDraw = False
173.0546 	EXP 	line1: autoDraw = True
173.0546 	EXP 	line2: autoDraw = True
173.0546 	EXP 	line3: autoDraw = True
173.0546 	EXP 	line4: autoDraw = True
174.0556 	INFO 	Keyboard events cleared
174.0554 	EXP 	probe: autoDraw = True
174.2981 	EXP 	Device response: <KeyPress from None: t=174.295361218974, value=c, duration=None>
174.2984 	EXP 	New trial (rep=18, index=3): <Trial 75 (3 in rep 18) data={'pos': np.int64(-150), 'corr_resp': 'z', 'thisN': 75, 'thisTrialN': 3, 'thisRepN': 18}>
174.3007 	DATA 	Keypress: c
174.3068 	EXP 	fixation: autoDraw = False
174.3068 	EXP 	line1: autoDraw = False
174.3068 	EXP 	line2: autoDraw = False
174.3068 	EXP 	line3: autoDraw = False
174.3068 	EXP 	line4: autoDraw = False
174.3068 	EXP 	probe: autoDraw = False
174.3068 	EXP 	fixation: autoDraw = True
174.4881 	EXP 	Device response: <KeyPress from None: t=174.295361218974, value=c, duration=0.18822380801429972>
175.2877 	EXP 	line1: autoDraw = True
175.2877 	EXP 	line2: autoDraw = True
175.2877 	EXP 	line3: autoDraw = True
175.2877 	EXP 	line4: autoDraw = True
175.3040 	EXP 	fixation: autoDraw = False
176.2888 	INFO 	Keyboard events cleared
176.2886 	EXP 	probe: autoDraw = True
176.5980 	EXP 	Device response: <KeyPress from None: t=176.5953786119935, value=z, duration=None>
176.5983 	EXP 	New trial (rep=19, index=0): <Trial 76 (0 in rep 19) data={'pos': np.int64(-50), 'corr_resp': 'x', 'thisN': 76, 'thisTrialN': 0, 'thisRepN': 19}>
176.6011 	DATA 	Keypress: z
176.6067 	EXP 	fixation: autoDraw = False
176.6067 	EXP 	line1: autoDraw = False
176.6067 	EXP 	line2: autoDraw = False
176.6067 	EXP 	line3: autoDraw = False
176.6067 	EXP 	line4: autoDraw = False
176.6067 	EXP 	probe: autoDraw = False
176.6067 	EXP 	fixation: autoDraw = True
176.7708 	EXP 	Device response: <KeyPress from None: t=176.5953786119935, value=z, duration=0.17230077099520713>
177.5972 	EXP 	line1: autoDraw = True
177.5972 	EXP 	line2: autoDraw = True
177.5972 	EXP 	line3: autoDraw = True
177.5972 	EXP 	line4: autoDraw = True
177.6040 	EXP 	fixation: autoDraw = False
178.5973 	INFO 	Keyboard events cleared
178.5971 	EXP 	probe: autoDraw = True
178.8723 	EXP 	Device response: <KeyPress from None: t=178.86420260602608, value=x, duration=None>
178.8726 	EXP 	New trial (rep=19, index=1): <Trial 77 (1 in rep 19) data={'pos': np.int64(150), 'corr_resp': 'v', 'thisN': 77, 'thisTrialN': 1, 'thisRepN': 19}>
178.8749 	DATA 	Keypress: x
178.8804 	EXP 	fixation: autoDraw = False
178.8804 	EXP 	line1: autoDraw = False
178.8804 	EXP 	line2: autoDraw = False
178.8804 	EXP 	line3: autoDraw = False
178.8804 	EXP 	line4: autoDraw = False
178.8804 	EXP 	probe: autoDraw = False
178.8804 	EXP 	fixation: autoDraw = True
179.0388 	EXP 	Device response: <KeyPress from None: t=178.86420260602608, value=x, duration=0.16817638097563758>
179.8716 	EXP 	fixation: autoDraw = False
179.8716 	EXP 	line1: autoDraw = True
179.8716 	EXP 	line2: autoDraw = True
179.8716 	EXP 	line3: autoDraw = True
179.8716 	EXP 	line4: autoDraw = True
180.8720 	INFO 	Keyboard events cleared
180.8718 	EXP 	probe: autoDraw = True
181.1732 	EXP 	Device response: <KeyPress from None: t=181.16511705098674, value=v, duration=None>
181.1735 	EXP 	New trial (rep=19, index=2): <Trial 78 (2 in rep 19) data={'pos': np.int64(50), 'corr_resp': 'c', 'thisN': 78, 'thisTrialN': 2, 'thisRepN': 19}>
181.1759 	DATA 	Keypress: v
181.1968 	EXP 	fixation: autoDraw = False
181.1968 	EXP 	line1: autoDraw = False
181.1968 	EXP 	line2: autoDraw = False
181.1968 	EXP 	line3: autoDraw = False
181.1968 	EXP 	line4: autoDraw = False
181.1968 	EXP 	probe: autoDraw = False
181.1968 	EXP 	fixation: autoDraw = True
181.3314 	EXP 	Device response: <KeyPress from None: t=181.16511705098674, value=v, duration=0.16017357498640195>
182.1715 	EXP 	line1: autoDraw = True
182.1715 	EXP 	line2: autoDraw = True
182.1715 	EXP 	line3: autoDraw = True
182.1715 	EXP 	line4: autoDraw = True
182.1879 	EXP 	fixation: autoDraw = False
183.1725 	INFO 	Keyboard events cleared
183.1722 	EXP 	probe: autoDraw = True
183.4152 	EXP 	Device response: <KeyPress from None: t=183.4129909540061, value=c, duration=None>
183.4155 	EXP 	New trial (rep=19, index=3): <Trial 79 (3 in rep 19) data={'pos': np.int64(-150), 'corr_resp': 'z', 'thisN': 79, 'thisTrialN': 3, 'thisRepN': 19}>
183.4217 	EXP 	fixation: autoDraw = False
183.4217 	EXP 	line1: autoDraw = False
183.4217 	EXP 	line2: autoDraw = False
183.4217 	EXP 	line3: autoDraw = False
183.4217 	EXP 	line4: autoDraw = False
183.4217 	EXP 	probe: autoDraw = False
183.4217 	EXP 	fixation: autoDraw = True
183.4246 	DATA 	Keypress: c
183.5887 	EXP 	Device response: <KeyPress from None: t=183.4129909540061, value=c, duration=0.17231188801815733>
184.4142 	EXP 	line1: autoDraw = True
184.4142 	EXP 	line2: autoDraw = True
184.4142 	EXP 	line3: autoDraw = True
184.4142 	EXP 	line4: autoDraw = True
184.4218 	EXP 	fixation: autoDraw = False
185.4140 	INFO 	Keyboard events cleared
185.4138 	EXP 	probe: autoDraw = True
185.4392 	EXP 	Device response: <KeyPress from None: t=185.4351741800201, value=z, duration=None>
185.4395 	EXP 	New trial (rep=20, index=0): <Trial 80 (0 in rep 20) data={'pos': np.int64(-50), 'corr_resp': 'x', 'thisN': 80, 'thisTrialN': 0, 'thisRepN': 20}>
185.4418 	DATA 	Keypress: z
185.4481 	EXP 	fixation: autoDraw = False
185.4481 	EXP 	line1: autoDraw = False
185.4481 	EXP 	line2: autoDraw = False
185.4481 	EXP 	line3: autoDraw = False
185.4481 	EXP 	line4: autoDraw = False
185.4481 	EXP 	probe: autoDraw = False
185.4481 	EXP 	fixation: autoDraw = True
185.6814 	EXP 	Device response: <KeyPress from None: t=185.4351741800201, value=z, duration=0.23607826995430514>
186.4386 	EXP 	fixation: autoDraw = False
186.4386 	EXP 	line1: autoDraw = True
186.4386 	EXP 	line2: autoDraw = True
186.4386 	EXP 	line3: autoDraw = True
186.4386 	EXP 	line4: autoDraw = True
187.4392 	INFO 	Keyboard events cleared
187.4390 	EXP 	probe: autoDraw = True
187.7564 	EXP 	Device response: <KeyPress from None: t=187.7488108180114, value=x, duration=None>
187.7567 	EXP 	New trial (rep=20, index=1): <Trial 81 (1 in rep 20) data={'pos': np.int64(150), 'corr_resp': 'v', 'thisN': 81, 'thisTrialN': 1, 'thisRepN': 20}>
187.7591 	DATA 	Keypress: x
187.7799 	EXP 	fixation: autoDraw = False
187.7799 	EXP 	line1: autoDraw = False
187.7799 	EXP 	line2: autoDraw = False
187.7799 	EXP 	line3: autoDraw = False
187.7799 	EXP 	line4: autoDraw = False
187.7799 	EXP 	probe: autoDraw = False
187.7799 	EXP 	fixation: autoDraw = True
187.9483 	EXP 	Device response: <KeyPress from None: t=187.7488108180114, value=x, duration=0.1923610899830237>
188.7551 	EXP 	line1: autoDraw = True
188.7551 	EXP 	line2: autoDraw = True
188.7551 	EXP 	line3: autoDraw = True
188.7551 	EXP 	line4: autoDraw = True
188.7707 	EXP 	fixation: autoDraw = False
189.7549 	INFO 	Keyboard events cleared
189.7547 	EXP 	probe: autoDraw = True
190.0223 	EXP 	Device response: <KeyPress from None: t=190.0167349029798, value=v, duration=None>
190.0226 	EXP 	New trial (rep=20, index=2): <Trial 82 (2 in rep 20) data={'pos': np.int64(50), 'corr_resp': 'c', 'thisN': 82, 'thisTrialN': 2, 'thisRepN': 20}>
190.0250 	DATA 	Keypress: v
190.0311 	EXP 	fixation: autoDraw = False
190.0311 	EXP 	line1: autoDraw = False
190.0311 	EXP 	line2: autoDraw = False
190.0311 	EXP 	line3: autoDraw = False
190.0311 	EXP 	line4: autoDraw = False
190.0311 	EXP 	probe: autoDraw = False
190.0311 	EXP 	fixation: autoDraw = True
190.2143 	EXP 	Device response: <KeyPress from None: t=190.0167349029798, value=v, duration=0.18823205400258303>
191.0215 	EXP 	fixation: autoDraw = False
191.0215 	EXP 	line1: autoDraw = True
191.0215 	EXP 	line2: autoDraw = True
191.0215 	EXP 	line3: autoDraw = True
191.0215 	EXP 	line4: autoDraw = True
192.0216 	INFO 	Keyboard events cleared
192.0214 	EXP 	probe: autoDraw = True
192.3147 	EXP 	Device response: <KeyPress from None: t=192.3136566359899, value=c, duration=None>
192.3150 	EXP 	New trial (rep=20, index=3): <Trial 83 (3 in rep 20) data={'pos': np.int64(-150), 'corr_resp': 'z', 'thisN': 83, 'thisTrialN': 3, 'thisRepN': 20}>
192.3217 	EXP 	fixation: autoDraw = False
192.3217 	EXP 	line1: autoDraw = False
192.3217 	EXP 	line2: autoDraw = False
192.3217 	EXP 	line3: autoDraw = False
192.3217 	EXP 	line4: autoDraw = False
192.3217 	EXP 	probe: autoDraw = False
192.3217 	EXP 	fixation: autoDraw = True
192.3241 	DATA 	Keypress: c
192.5316 	EXP 	Device response: <KeyPress from None: t=192.3136566359899, value=c, duration=0.21627103502396494>
193.3139 	EXP 	line1: autoDraw = True
193.3139 	EXP 	line2: autoDraw = True
193.3139 	EXP 	line3: autoDraw = True
193.3139 	EXP 	line4: autoDraw = True
193.3216 	EXP 	fixation: autoDraw = False
194.3135 	INFO 	Keyboard events cleared
194.3133 	EXP 	probe: autoDraw = True
194.5147 	EXP 	Device response: <KeyPress from None: t=194.51257395598805, value=z, duration=None>
194.5150 	EXP 	New trial (rep=21, index=0): <Trial 84 (0 in rep 21) data={'pos': np.int64(-50), 'corr_resp': 'x', 'thisN': 84, 'thisTrialN': 0, 'thisRepN': 21}>
194.5174 	DATA 	Keypress: z
194.5240 	EXP 	fixation: autoDraw = False
194.5240 	EXP 	line1: autoDraw = False
194.5240 	EXP 	line2: autoDraw = False
194.5240 	EXP 	line3: autoDraw = False
194.5240 	EXP 	line4: autoDraw = False
194.5240 	EXP 	probe: autoDraw = False
194.5240 	EXP 	fixation: autoDraw = True
194.7037 	EXP 	Device response: <KeyPress from None: t=194.51257395598805, value=z, duration=0.18815237301168963>
195.5136 	EXP 	line1: autoDraw = True
195.5136 	EXP 	line2: autoDraw = True
195.5136 	EXP 	line3: autoDraw = True
195.5136 	EXP 	line4: autoDraw = True
195.5205 	EXP 	fixation: autoDraw = False
196.5138 	INFO 	Keyboard events cleared
196.5136 	EXP 	probe: autoDraw = True
196.7808 	EXP 	Device response: <KeyPress from None: t=196.77239028102485, value=x, duration=None>
196.7810 	EXP 	New trial (rep=21, index=1): <Trial 85 (1 in rep 21) data={'pos': np.int64(150), 'corr_resp': 'v', 'thisN': 85, 'thisTrialN': 1, 'thisRepN': 21}>
196.7834 	DATA 	Keypress: x
196.7896 	EXP 	fixation: autoDraw = False
196.7896 	EXP 	line1: autoDraw = False
196.7896 	EXP 	line2: autoDraw = False
196.7896 	EXP 	line3: autoDraw = False
196.7896 	EXP 	line4: autoDraw = False
196.7896 	EXP 	probe: autoDraw = False
196.7896 	EXP 	fixation: autoDraw = True
196.9979 	EXP 	Device response: <KeyPress from None: t=196.77239028102485, value=x, duration=0.22435256495373324>
197.7706 	EXP 	line1: autoDraw = True
197.7706 	EXP 	line2: autoDraw = True
197.7706 	EXP 	line3: autoDraw = True
197.7706 	EXP 	line4: autoDraw = True
197.7870 	EXP 	fixation: autoDraw = False
198.7714 	INFO 	Keyboard events cleared
198.7711 	EXP 	probe: autoDraw = True
199.0311 	EXP 	Device response: <KeyPress from None: t=199.02834095200524, value=v, duration=None>
199.0314 	EXP 	New trial (rep=21, index=2): <Trial 86 (2 in rep 21) data={'pos': np.int64(50), 'corr_resp': 'c', 'thisN': 86, 'thisTrialN': 2, 'thisRepN': 21}>
199.0337 	DATA 	Keypress: v
199.0399 	EXP 	fixation: autoDraw = False
199.0399 	EXP 	line1: autoDraw = False
199.0399 	EXP 	line2: autoDraw = False
199.0399 	EXP 	line3: autoDraw = False
199.0399 	EXP 	line4: autoDraw = False
199.0399 	EXP 	probe: autoDraw = False
199.0399 	EXP 	fixation: autoDraw = True
199.1977 	EXP 	Device response: <KeyPress from None: t=199.02834095200524, value=v, duration=0.1644415999762714>
200.0302 	EXP 	line1: autoDraw = True
200.0302 	EXP 	line2: autoDraw = True
200.0302 	EXP 	line3: autoDraw = True
200.0302 	EXP 	line4: autoDraw = True
200.0370 	EXP 	fixation: autoDraw = False
201.0303 	INFO 	Keyboard events cleared
201.0301 	EXP 	probe: autoDraw = True
201.2715 	EXP 	Device response: <KeyPress from None: t=201.26834192697424, value=c, duration=None>
201.2718 	EXP 	New trial (rep=21, index=3): <Trial 87 (3 in rep 21) data={'pos': np.int64(-150), 'corr_resp': 'z', 'thisN': 87, 'thisTrialN': 3, 'thisRepN': 21}>
201.2741 	DATA 	Keypress: c
201.2800 	EXP 	fixation: autoDraw = False
201.2800 	EXP 	line1: autoDraw = False
201.2800 	EXP 	line2: autoDraw = False
201.2800 	EXP 	line3: autoDraw = False
201.2800 	EXP 	line4: autoDraw = False
201.2800 	EXP 	probe: autoDraw = False
201.2800 	EXP 	fixation: autoDraw = True
201.4539 	EXP 	Device response: <KeyPress from None: t=201.26834192697424, value=c, duration=0.18014366104034707>
202.2708 	EXP 	fixation: autoDraw = False
202.2708 	EXP 	line1: autoDraw = True
202.2708 	EXP 	line2: autoDraw = True
202.2708 	EXP 	line3: autoDraw = True
202.2708 	EXP 	line4: autoDraw = True
203.2714 	INFO 	Keyboard events cleared
203.2712 	EXP 	probe: autoDraw = True
203.6049 	EXP 	Device response: <KeyPress from None: t=203.6031489240122, value=z, duration=None>
203.6052 	EXP 	New trial (rep=22, index=0): <Trial 88 (0 in rep 22) data={'pos': np.int64(-50), 'corr_resp': 'x', 'thisN': 88, 'thisTrialN': 0, 'thisRepN': 22}>
203.6133 	EXP 	fixation: autoDraw = False
203.6133 	EXP 	line1: autoDraw = False
203.6133 	EXP 	line2: autoDraw = False
203.6133 	EXP 	line3: autoDraw = False
203.6133 	EXP 	line4: autoDraw = False
203.6133 	EXP 	probe: autoDraw = False
203.6133 	EXP 	fixation: autoDraw = True
203.6160 	DATA 	Keypress: z
203.8142 	EXP 	Device response: <KeyPress from None: t=203.6031489240122, value=z, duration=0.20034609199501574>
204.6042 	EXP 	fixation: autoDraw = False
204.6042 	EXP 	line1: autoDraw = True
204.6042 	EXP 	line2: autoDraw = True
204.6042 	EXP 	line3: autoDraw = True
204.6042 	EXP 	line4: autoDraw = True
205.5972 	INFO 	Keyboard events cleared
205.5970 	EXP 	probe: autoDraw = True
205.8721 	EXP 	Device response: <KeyPress from None: t=205.86705766501836, value=x, duration=None>
205.8724 	EXP 	New trial (rep=22, index=1): <Trial 89 (1 in rep 22) data={'pos': np.int64(150), 'corr_resp': 'v', 'thisN': 89, 'thisTrialN': 1, 'thisRepN': 22}>
205.8751 	DATA 	Keypress: x
205.8811 	EXP 	fixation: autoDraw = False
205.8811 	EXP 	line1: autoDraw = False
205.8811 	EXP 	line2: autoDraw = False
205.8811 	EXP 	line3: autoDraw = False
205.8811 	EXP 	line4: autoDraw = False
205.8811 	EXP 	probe: autoDraw = False
205.8811 	EXP 	fixation: autoDraw = True
206.0806 	EXP 	Device response: <KeyPress from None: t=205.86705766501836, value=x, duration=0.20846775296377018>
206.8703 	EXP 	fixation: autoDraw = False
206.8703 	EXP 	line1: autoDraw = True
206.8703 	EXP 	line2: autoDraw = True
206.8703 	EXP 	line3: autoDraw = True
206.8703 	EXP 	line4: autoDraw = True
207.8717 	INFO 	Keyboard events cleared
207.8714 	EXP 	probe: autoDraw = True
208.3140 	EXP 	Device response: <KeyPress from None: t=208.3079755869694, value=v, duration=None>
208.3143 	EXP 	New trial (rep=22, index=2): <Trial 90 (2 in rep 22) data={'pos': np.int64(50), 'corr_resp': 'c', 'thisN': 90, 'thisTrialN': 2, 'thisRepN': 22}>
208.3166 	DATA 	Keypress: v
208.3227 	EXP 	fixation: autoDraw = False
208.3227 	EXP 	line1: autoDraw = False
208.3227 	EXP 	line2: autoDraw = False
208.3227 	EXP 	line3: autoDraw = False
208.3227 	EXP 	line4: autoDraw = False
208.3227 	EXP 	probe: autoDraw = False
208.3227 	EXP 	fixation: autoDraw = True
208.4973 	EXP 	Device response: <KeyPress from None: t=208.3079755869694, value=v, duration=0.18044349103001878>
209.3042 	EXP 	line1: autoDraw = True
209.3042 	EXP 	line2: autoDraw = True
209.3042 	EXP 	line3: autoDraw = True
209.3042 	EXP 	line4: autoDraw = True
209.3199 	EXP 	fixation: autoDraw = False
210.3047 	INFO 	Keyboard events cleared
210.3044 	EXP 	probe: autoDraw = True
210.5640 	EXP 	Device response: <KeyPress from None: t=210.5538550990168, value=c, duration=None>
210.5643 	EXP 	New trial (rep=22, index=3): <Trial 91 (3 in rep 22) data={'pos': np.int64(-150), 'corr_resp': 'z', 'thisN': 91, 'thisTrialN': 3, 'thisRepN': 22}>
210.5668 	DATA 	Keypress: c
210.5723 	EXP 	fixation: autoDraw = False
210.5723 	EXP 	line1: autoDraw = False
210.5723 	EXP 	line2: autoDraw = False
210.5723 	EXP 	line3: autoDraw = False
210.5723 	EXP 	line4: autoDraw = False
210.5723 	EXP 	probe: autoDraw = False
210.5723 	EXP 	fixation: autoDraw = True
210.7204 	EXP 	Device response: <KeyPress from None: t=210.5538550990168, value=c, duration=0.16028015298070386>
211.5543 	EXP 	line1: autoDraw = True
211.5543 	EXP 	line2: autoDraw = True
211.5543 	EXP 	line3: autoDraw = True
211.5543 	EXP 	line4: autoDraw = True
211.5699 	EXP 	fixation: autoDraw = False
212.5551 	INFO 	Keyboard events cleared
212.5548 	EXP 	probe: autoDraw = True
212.8141 	EXP 	Device response: <KeyPress from None: t=212.80385574500542, value=z, duration=None>
212.8143 	EXP 	New trial (rep=23, index=0): <Trial 92 (0 in rep 23) data={'pos': np.int64(-50), 'corr_resp': 'x', 'thisN': 92, 'thisTrialN': 0, 'thisRepN': 23}>
212.8167 	DATA 	Keypress: z
212.8221 	EXP 	fixation: autoDraw = False
212.8221 	EXP 	line1: autoDraw = False
212.8221 	EXP 	line2: autoDraw = False
212.8221 	EXP 	line3: autoDraw = False
212.8221 	EXP 	line4: autoDraw = False
212.8221 	EXP 	probe: autoDraw = False
212.8221 	EXP 	fixation: autoDraw = True
212.9702 	EXP 	Device response: <KeyPress from None: t=212.80385574500542, value=z, duration=0.16406214196467772>
213.8046 	EXP 	line1: autoDraw = True
213.8046 	EXP 	line2: autoDraw = True
213.8046 	EXP 	line3: autoDraw = True
213.8046 	EXP 	line4: autoDraw = True
213.8135 	EXP 	fixation: autoDraw = False
214.8048 	INFO 	Keyboard events cleared
214.8045 	EXP 	probe: autoDraw = True
215.1307 	EXP 	Device response: <KeyPress from None: t=215.122655870975, value=x, duration=None>
215.1309 	EXP 	New trial (rep=23, index=1): <Trial 93 (1 in rep 23) data={'pos': np.int64(150), 'corr_resp': 'v', 'thisN': 93, 'thisTrialN': 1, 'thisRepN': 23}>
215.1333 	DATA 	Keypress: x
215.1393 	EXP 	fixation: autoDraw = False
215.1393 	EXP 	line1: autoDraw = False
215.1393 	EXP 	line2: autoDraw = False
215.1393 	EXP 	line3: autoDraw = False
215.1393 	EXP 	line4: autoDraw = False
215.1393 	EXP 	probe: autoDraw = False
215.1393 	EXP 	fixation: autoDraw = True
215.2868 	EXP 	Device response: <KeyPress from None: t=215.122655870975, value=x, duration=0.16034161200514063>
216.1211 	EXP 	line1: autoDraw = True
216.1211 	EXP 	line2: autoDraw = True
216.1211 	EXP 	line3: autoDraw = True
216.1211 	EXP 	line4: autoDraw = True
216.1371 	EXP 	fixation: autoDraw = False
217.1213 	INFO 	Keyboard events cleared
217.1211 	EXP 	probe: autoDraw = True
217.3972 	EXP 	Device response: <KeyPress from None: t=217.38953673897777, value=v, duration=None>
217.3975 	EXP 	New trial (rep=23, index=2): <Trial 94 (2 in rep 23) data={'pos': np.int64(50), 'corr_resp': 'c', 'thisN': 94, 'thisTrialN': 2, 'thisRepN': 23}>
217.3999 	DATA 	Keypress: v
217.4060 	EXP 	fixation: autoDraw = False
217.4060 	EXP 	line1: autoDraw = False
217.4060 	EXP 	line2: autoDraw = False
217.4060 	EXP 	line3: autoDraw = False
217.4060 	EXP 	line4: autoDraw = False
217.4060 	EXP 	probe: autoDraw = False
217.4060 	EXP 	fixation: autoDraw = True
217.5701 	EXP 	Device response: <KeyPress from None: t=217.38953673897777, value=v, duration=0.17633769701933488>
218.3870 	EXP 	line1: autoDraw = True
218.3870 	EXP 	line2: autoDraw = True
218.3870 	EXP 	line3: autoDraw = True
218.3870 	EXP 	line4: autoDraw = True
218.4034 	EXP 	fixation: autoDraw = False
219.3874 	INFO 	Keyboard events cleared
219.3872 	EXP 	probe: autoDraw = True
219.7307 	EXP 	Device response: <KeyPress from None: t=219.72444417502265, value=c, duration=None>
219.7310 	EXP 	New trial (rep=23, index=3): <Trial 95 (3 in rep 23) data={'pos': np.int64(-150), 'corr_resp': 'z', 'thisN': 95, 'thisTrialN': 3, 'thisRepN': 23}>
219.7333 	DATA 	Keypress: c
219.7388 	EXP 	fixation: autoDraw = False
219.7388 	EXP 	line1: autoDraw = False
219.7388 	EXP 	line2: autoDraw = False
219.7388 	EXP 	line3: autoDraw = False
219.7388 	EXP 	line4: autoDraw = False
219.7388 	EXP 	probe: autoDraw = False
219.7388 	EXP 	fixation: autoDraw = True
219.8973 	EXP 	Device response: <KeyPress from None: t=219.72444417502265, value=c, duration=0.168523974949494>
220.7203 	EXP 	line1: autoDraw = True
220.7203 	EXP 	line2: autoDraw = True
220.7203 	EXP 	line3: autoDraw = True
220.7203 	EXP 	line4: autoDraw = True
220.7370 	EXP 	fixation: autoDraw = False
221.7211 	INFO 	Keyboard events cleared
221.7209 	EXP 	probe: autoDraw = True
222.0055 	EXP 	Device response: <KeyPress from None: t=221.99938185798237, value=z, duration=None>
222.0058 	EXP 	New trial (rep=24, index=0): <Trial 96 (0 in rep 24) data={'pos': np.int64(-50), 'corr_resp': 'x', 'thisN': 96, 'thisTrialN': 0, 'thisRepN': 24}>
222.0081 	DATA 	Keypress: z
222.0139 	EXP 	fixation: autoDraw = False
222.0139 	EXP 	line1: autoDraw = False
222.0139 	EXP 	line2: autoDraw = False
222.0139 	EXP 	line3: autoDraw = False
222.0139 	EXP 	line4: autoDraw = False
222.0139 	EXP 	probe: autoDraw = False
222.0139 	EXP 	fixation: autoDraw = True
222.1971 	EXP 	Device response: <KeyPress from None: t=221.99938185798237, value=z, duration=0.18817637802567333>
223.0041 	EXP 	fixation: autoDraw = False
223.0041 	EXP 	line1: autoDraw = True
223.0041 	EXP 	line2: autoDraw = True
223.0041 	EXP 	line3: autoDraw = True
223.0041 	EXP 	line4: autoDraw = True
224.0046 	INFO 	Keyboard events cleared
224.0044 	EXP 	probe: autoDraw = True
224.2642 	EXP 	Device response: <KeyPress from None: t=224.25926526001422, value=x, duration=None>
224.2645 	EXP 	New trial (rep=24, index=1): <Trial 97 (1 in rep 24) data={'pos': np.int64(150), 'corr_resp': 'v', 'thisN': 97, 'thisTrialN': 1, 'thisRepN': 24}>
224.2668 	DATA 	Keypress: x
224.2730 	EXP 	fixation: autoDraw = False
224.2730 	EXP 	line1: autoDraw = False
224.2730 	EXP 	line2: autoDraw = False
224.2730 	EXP 	line3: autoDraw = False
224.2730 	EXP 	line4: autoDraw = False
224.2730 	EXP 	probe: autoDraw = False
224.2730 	EXP 	fixation: autoDraw = True
224.4201 	EXP 	Device response: <KeyPress from None: t=224.25926526001422, value=x, duration=0.15775471000233665>
225.2630 	EXP 	line1: autoDraw = True
225.2630 	EXP 	line2: autoDraw = True
225.2630 	EXP 	line3: autoDraw = True
225.2630 	EXP 	line4: autoDraw = True
225.2698 	EXP 	fixation: autoDraw = False
226.2635 	INFO 	Keyboard events cleared
226.2633 	EXP 	probe: autoDraw = True
226.4805 	EXP 	Device response: <KeyPress from None: t=226.47219633398345, value=v, duration=None>
226.4808 	EXP 	New trial (rep=24, index=2): <Trial 98 (2 in rep 24) data={'pos': np.int64(50), 'corr_resp': 'c', 'thisN': 98, 'thisTrialN': 2, 'thisRepN': 24}>
226.4831 	DATA 	Keypress: v
226.4885 	EXP 	fixation: autoDraw = False
226.4885 	EXP 	line1: autoDraw = False
226.4885 	EXP 	line2: autoDraw = False
226.4885 	EXP 	line3: autoDraw = False
226.4885 	EXP 	line4: autoDraw = False
226.4885 	EXP 	probe: autoDraw = False
226.4885 	EXP 	fixation: autoDraw = True
226.6534 	EXP 	Device response: <KeyPress from None: t=226.47219633398345, value=v, duration=0.17621229501673952>
227.4706 	EXP 	line1: autoDraw = True
227.4706 	EXP 	line2: autoDraw = True
227.4706 	EXP 	line3: autoDraw = True
227.4706 	EXP 	line4: autoDraw = True
227.4865 	EXP 	fixation: autoDraw = False
228.4712 	INFO 	Keyboard events cleared
228.4710 	EXP 	probe: autoDraw = True
228.8473 	EXP 	Device response: <KeyPress from None: t=228.84299671597546, value=c, duration=None>
228.8476 	EXP 	New trial (rep=24, index=3): <Trial 99 (3 in rep 24) data={'pos': np.int64(-150), 'corr_resp': 'z', 'thisN': 99, 'thisTrialN': 3, 'thisRepN': 24}>
228.8499 	DATA 	Keypress: c
228.8552 	EXP 	fixation: autoDraw = False
228.8552 	EXP 	line1: autoDraw = False
228.8552 	EXP 	line2: autoDraw = False
228.8552 	EXP 	line3: autoDraw = False
228.8552 	EXP 	line4: autoDraw = False
228.8552 	EXP 	probe: autoDraw = False
228.8552 	EXP 	fixation: autoDraw = True
229.0202 	EXP 	Device response: <KeyPress from None: t=228.84299671597546, value=c, duration=0.17233701201621443>
229.8466 	EXP 	line1: autoDraw = True
229.8466 	EXP 	line2: autoDraw = True
229.8466 	EXP 	line3: autoDraw = True
229.8466 	EXP 	line4: autoDraw = True
229.8538 	EXP 	fixation: autoDraw = False
230.8381 	INFO 	Keyboard events cleared
230.8379 	EXP 	probe: autoDraw = True
231.1876 	EXP 	Device response: <KeyPress from None: t=231.17995087697636, value=z, duration=None>
231.1915 	EXP 	Imported sequence_con.csv as conditions, 4 conditions, 2 params
231.1965 	EXP 	New trial (rep=0, index=0): <Trial 0 (0 in rep 0) data={'pos': np.int64(150), 'corr_resp': 'v', 'thisN': 0, 'thisTrialN': 0, 'thisRepN': 0}>
231.1999 	DATA 	Keypress: z
231.2067 	EXP 	fixation: autoDraw = False
231.2067 	EXP 	line1: autoDraw = False
231.2067 	EXP 	line2: autoDraw = False
231.2067 	EXP 	line3: autoDraw = False
231.2067 	EXP 	line4: autoDraw = False
231.2067 	EXP 	probe: autoDraw = False
231.2067 	EXP 	Fixation: autoDraw = True
231.3377 	EXP 	Device response: <KeyPress from None: t=231.17995087697636, value=z, duration=0.15228816104354337>
232.1923 	EXP 	Line1: autoDraw = True
232.1923 	EXP 	Line2: autoDraw = True
232.1923 	EXP 	Line3: autoDraw = True
232.1923 	EXP 	Line4: autoDraw = True
232.2010 	EXP 	Fixation: autoDraw = False
233.1802 	INFO 	Keyboard events cleared
233.1800 	EXP 	Probe: autoDraw = True
233.7221 	EXP 	Device response: <KeyPress from None: t=233.71787615201902, value=v, duration=None>
233.7224 	EXP 	New trial (rep=0, index=1): <Trial 1 (1 in rep 0) data={'pos': np.int64(50), 'corr_resp': 'c', 'thisN': 1, 'thisTrialN': 1, 'thisRepN': 0}>
233.7247 	DATA 	Keypress: v
233.7310 	EXP 	Fixation: autoDraw = False
233.7310 	EXP 	Line1: autoDraw = False
233.7310 	EXP 	Line2: autoDraw = False
233.7310 	EXP 	Line3: autoDraw = False
233.7310 	EXP 	Line4: autoDraw = False
233.7310 	EXP 	Probe: autoDraw = False
233.7310 	EXP 	Fixation: autoDraw = True
233.8809 	EXP 	Device response: <KeyPress from None: t=233.71787615201902, value=v, duration=0.15227655100170523>
234.7202 	EXP 	Fixation: autoDraw = False
234.7202 	EXP 	Line1: autoDraw = True
234.7202 	EXP 	Line2: autoDraw = True
234.7202 	EXP 	Line3: autoDraw = True
234.7202 	EXP 	Line4: autoDraw = True
235.7213 	INFO 	Keyboard events cleared
235.7211 	EXP 	Probe: autoDraw = True
236.1309 	EXP 	Device response: <KeyPress from None: t=236.12371872999938, value=c, duration=None>
236.1313 	EXP 	New trial (rep=1, index=2): <Trial 2 (2 in rep 1) data={'pos': np.int64(50), 'corr_resp': 'c', 'thisN': 2, 'thisTrialN': 2, 'thisRepN': 1}>
236.1339 	DATA 	Keypress: c
236.1397 	EXP 	Fixation: autoDraw = False
236.1397 	EXP 	Line1: autoDraw = False
236.1397 	EXP 	Line2: autoDraw = False
236.1397 	EXP 	Line3: autoDraw = False
236.1397 	EXP 	Line4: autoDraw = False
236.1397 	EXP 	Probe: autoDraw = False
236.1397 	EXP 	Fixation: autoDraw = True
236.3139 	EXP 	Device response: <KeyPress from None: t=236.12371872999938, value=c, duration=0.18042780098039657>
237.1300 	EXP 	Line1: autoDraw = True
237.1300 	EXP 	Line2: autoDraw = True
237.1300 	EXP 	Line3: autoDraw = True
237.1300 	EXP 	Line4: autoDraw = True
237.1373 	EXP 	Fixation: autoDraw = False
238.1300 	INFO 	Keyboard events cleared
238.1298 	EXP 	Probe: autoDraw = True
238.5376 	EXP 	Device response: <KeyPress from None: t=238.53461472998606, value=c, duration=None>
238.5380 	EXP 	New trial (rep=2, index=3): <Trial 3 (3 in rep 2) data={'pos': np.int64(50), 'corr_resp': 'c', 'thisN': 3, 'thisTrialN': 3, 'thisRepN': 2}>
238.5403 	DATA 	Keypress: c
238.5465 	EXP 	Fixation: autoDraw = False
238.5465 	EXP 	Line1: autoDraw = False
238.5465 	EXP 	Line2: autoDraw = False
238.5465 	EXP 	Line3: autoDraw = False
238.5465 	EXP 	Line4: autoDraw = False
238.5465 	EXP 	Probe: autoDraw = False
238.5465 	EXP 	Fixation: autoDraw = True
238.7141 	EXP 	Device response: <KeyPress from None: t=238.53461472998606, value=c, duration=0.1779230940155685>
239.5369 	EXP 	Fixation: autoDraw = False
239.5369 	EXP 	Line1: autoDraw = True
239.5369 	EXP 	Line2: autoDraw = True
239.5369 	EXP 	Line3: autoDraw = True
239.5369 	EXP 	Line4: autoDraw = True
240.5376 	INFO 	Keyboard events cleared
240.5374 	EXP 	Probe: autoDraw = True
240.8970 	EXP 	Device response: <KeyPress from None: t=240.88845725200372, value=c, duration=None>
240.8973 	EXP 	New trial (rep=0, index=4): <Trial 4 (4 in rep 0) data={'pos': np.int64(-50), 'corr_resp': 'x', 'thisN': 4, 'thisTrialN': 4, 'thisRepN': 0}>
240.8996 	DATA 	Keypress: c
240.9052 	EXP 	Fixation: autoDraw = False
240.9052 	EXP 	Line1: autoDraw = False
240.9052 	EXP 	Line2: autoDraw = False
240.9052 	EXP 	Line3: autoDraw = False
240.9052 	EXP 	Line4: autoDraw = False
240.9052 	EXP 	Probe: autoDraw = False
240.9052 	EXP 	Fixation: autoDraw = True
241.0703 	EXP 	Device response: <KeyPress from None: t=240.88845725200372, value=c, duration=0.18055252596968785>
241.8872 	EXP 	Line1: autoDraw = True
241.8872 	EXP 	Line2: autoDraw = True
241.8872 	EXP 	Line3: autoDraw = True
241.8872 	EXP 	Line4: autoDraw = True
241.9031 	EXP 	Fixation: autoDraw = False
242.8878 	INFO 	Keyboard events cleared
242.8876 	EXP 	Probe: autoDraw = True
243.2802 	EXP 	Device response: <KeyPress from None: t=243.27140786498785, value=x, duration=None>
243.2805 	EXP 	New trial (rep=1, index=5): <Trial 5 (5 in rep 1) data={'pos': np.int64(-50), 'corr_resp': 'x', 'thisN': 5, 'thisTrialN': 5, 'thisRepN': 1}>
243.2828 	DATA 	Keypress: x
243.2884 	EXP 	Fixation: autoDraw = False
243.2884 	EXP 	Line1: autoDraw = False
243.2884 	EXP 	Line2: autoDraw = False
243.2884 	EXP 	Line3: autoDraw = False
243.2884 	EXP 	Line4: autoDraw = False
243.2884 	EXP 	Probe: autoDraw = False
243.2884 	EXP 	Fixation: autoDraw = True
243.4375 	EXP 	Device response: <KeyPress from None: t=243.27140786498785, value=x, duration=0.16026525298366323>
244.2703 	EXP 	Line1: autoDraw = True
244.2703 	EXP 	Line2: autoDraw = True
244.2703 	EXP 	Line3: autoDraw = True
244.2703 	EXP 	Line4: autoDraw = True
244.2863 	EXP 	Fixation: autoDraw = False
245.2704 	INFO 	Keyboard events cleared
245.2702 	EXP 	Probe: autoDraw = True
245.7805 	EXP 	Device response: <KeyPress from None: t=245.77644470601808, value=x, duration=None>
245.7808 	EXP 	New trial (rep=3, index=6): <Trial 6 (6 in rep 3) data={'pos': np.int64(50), 'corr_resp': 'c', 'thisN': 6, 'thisTrialN': 6, 'thisRepN': 3}>
245.7832 	DATA 	Keypress: x
245.7888 	EXP 	Fixation: autoDraw = False
245.7888 	EXP 	Line1: autoDraw = False
245.7888 	EXP 	Line2: autoDraw = False
245.7888 	EXP 	Line3: autoDraw = False
245.7888 	EXP 	Line4: autoDraw = False
245.7888 	EXP 	Probe: autoDraw = False
245.7888 	EXP 	Fixation: autoDraw = True
245.9302 	EXP 	Device response: <KeyPress from None: t=245.77644470601808, value=x, duration=0.14416063198586926>
246.7711 	EXP 	Line1: autoDraw = True
246.7711 	EXP 	Line2: autoDraw = True
246.7711 	EXP 	Line3: autoDraw = True
246.7711 	EXP 	Line4: autoDraw = True
246.7860 	EXP 	Fixation: autoDraw = False
247.7800 	INFO 	Keyboard events cleared
247.7798 	EXP 	Probe: autoDraw = True
248.2574 	EXP 	Device response: <KeyPress from None: t=248.24834886897588, value=c, duration=None>
248.2578 	EXP 	New trial (rep=0, index=7): <Trial 7 (7 in rep 0) data={'pos': np.int64(-150), 'corr_resp': 'z', 'thisN': 7, 'thisTrialN': 7, 'thisRepN': 0}>
248.2608 	DATA 	Keypress: c
248.2687 	EXP 	Fixation: autoDraw = False
248.2687 	EXP 	Line1: autoDraw = False
248.2687 	EXP 	Line2: autoDraw = False
248.2687 	EXP 	Line3: autoDraw = False
248.2687 	EXP 	Line4: autoDraw = False
248.2687 	EXP 	Probe: autoDraw = False
248.2687 	EXP 	Fixation: autoDraw = True
248.4360 	EXP 	Device response: <KeyPress from None: t=248.24834886897588, value=c, duration=0.1861385850352235>
249.2525 	EXP 	Line1: autoDraw = True
249.2525 	EXP 	Line2: autoDraw = True
249.2525 	EXP 	Line3: autoDraw = True
249.2525 	EXP 	Line4: autoDraw = True
249.2625 	EXP 	Fixation: autoDraw = False
250.2530 	INFO 	Keyboard events cleared
250.2528 	EXP 	Probe: autoDraw = True
250.8467 	EXP 	Device response: <KeyPress from None: t=250.84138372697635, value=z, duration=None>
250.8469 	EXP 	New trial (rep=2, index=8): <Trial 8 (8 in rep 2) data={'pos': np.int64(-50), 'corr_resp': 'x', 'thisN': 8, 'thisTrialN': 8, 'thisRepN': 2}>
250.8493 	DATA 	Keypress: z
250.8548 	EXP 	Fixation: autoDraw = False
250.8548 	EXP 	Line1: autoDraw = False
250.8548 	EXP 	Line2: autoDraw = False
250.8548 	EXP 	Line3: autoDraw = False
250.8548 	EXP 	Line4: autoDraw = False
250.8548 	EXP 	Probe: autoDraw = False
250.8548 	EXP 	Fixation: autoDraw = True
251.0305 	EXP 	Device response: <KeyPress from None: t=250.84138372697635, value=z, duration=0.18795295903692022>
251.8364 	EXP 	Line1: autoDraw = True
251.8364 	EXP 	Line2: autoDraw = True
251.8364 	EXP 	Line3: autoDraw = True
251.8364 	EXP 	Line4: autoDraw = True
251.8522 	EXP 	Fixation: autoDraw = False
252.8366 	INFO 	Keyboard events cleared
252.8364 	EXP 	Probe: autoDraw = True
253.3139 	EXP 	Device response: <KeyPress from None: t=253.31198308401508, value=x, duration=None>
253.3142 	EXP 	New trial (rep=4, index=9): <Trial 9 (9 in rep 4) data={'pos': np.int64(50), 'corr_resp': 'c', 'thisN': 9, 'thisTrialN': 9, 'thisRepN': 4}>
253.3200 	EXP 	Fixation: autoDraw = False
253.3200 	EXP 	Line1: autoDraw = False
253.3200 	EXP 	Line2: autoDraw = False
253.3200 	EXP 	Line3: autoDraw = False
253.3200 	EXP 	Line4: autoDraw = False
253.3200 	EXP 	Probe: autoDraw = False
253.3200 	EXP 	Fixation: autoDraw = True
253.3229 	DATA 	Keypress: x
253.4634 	EXP 	Device response: <KeyPress from None: t=253.31198308401508, value=x, duration=0.1444112319732085>
254.3129 	EXP 	Line1: autoDraw = True
254.3129 	EXP 	Line2: autoDraw = True
254.3129 	EXP 	Line3: autoDraw = True
254.3129 	EXP 	Line4: autoDraw = True
254.3198 	EXP 	Fixation: autoDraw = False
255.3129 	INFO 	Keyboard events cleared
255.3127 	EXP 	Probe: autoDraw = True
255.8133 	EXP 	Device response: <KeyPress from None: t=255.80389459896833, value=c, duration=None>
255.8136 	EXP 	New trial (rep=5, index=10): <Trial 10 (10 in rep 5) data={'pos': np.int64(50), 'corr_resp': 'c', 'thisN': 10, 'thisTrialN': 10, 'thisRepN': 5}>
255.8159 	DATA 	Keypress: c
255.8213 	EXP 	Fixation: autoDraw = False
255.8213 	EXP 	Line1: autoDraw = False
255.8213 	EXP 	Line2: autoDraw = False
255.8213 	EXP 	Line3: autoDraw = False
255.8213 	EXP 	Line4: autoDraw = False
255.8213 	EXP 	Probe: autoDraw = False
255.8213 	EXP 	Fixation: autoDraw = True
256.0132 	EXP 	Device response: <KeyPress from None: t=255.80389459896833, value=c, duration=0.2002924290136434>
256.8033 	EXP 	Line1: autoDraw = True
256.8033 	EXP 	Line2: autoDraw = True
256.8033 	EXP 	Line3: autoDraw = True
256.8033 	EXP 	Line4: autoDraw = True
256.8193 	EXP 	Fixation: autoDraw = False
257.8037 	INFO 	Keyboard events cleared
257.8034 	EXP 	Probe: autoDraw = True
258.2542 	EXP 	Device response: <KeyPress from None: t=258.25177988101495, value=c, duration=None>
258.2545 	EXP 	New trial (rep=1, index=11): <Trial 11 (11 in rep 1) data={'pos': np.int64(150), 'corr_resp': 'v', 'thisN': 11, 'thisTrialN': 11, 'thisRepN': 1}>
258.2626 	EXP 	Fixation: autoDraw = False
258.2626 	EXP 	Line1: autoDraw = False
258.2626 	EXP 	Line2: autoDraw = False
258.2626 	EXP 	Line3: autoDraw = False
258.2626 	EXP 	Line4: autoDraw = False
258.2626 	EXP 	Probe: autoDraw = False
258.2626 	EXP 	Fixation: autoDraw = True
258.2653 	DATA 	Keypress: c
258.4470 	EXP 	Device response: <KeyPress from None: t=258.25177988101495, value=c, duration=0.19227274297736585>
259.2530 	EXP 	Fixation: autoDraw = False
259.2530 	EXP 	Line1: autoDraw = True
259.2530 	EXP 	Line2: autoDraw = True
259.2530 	EXP 	Line3: autoDraw = True
259.2530 	EXP 	Line4: autoDraw = True
260.2535 	INFO 	Keyboard events cleared
260.2533 	EXP 	Probe: autoDraw = True
260.5970 	EXP 	Device response: <KeyPress from None: t=260.5926096329931, value=v, duration=None>
260.5973 	EXP 	New trial (rep=1, index=12): <Trial 12 (12 in rep 1) data={'pos': np.int64(-150), 'corr_resp': 'z', 'thisN': 12, 'thisTrialN': 12, 'thisRepN': 1}>
260.5996 	DATA 	Keypress: v
260.6057 	EXP 	Fixation: autoDraw = False
260.6057 	EXP 	Line1: autoDraw = False
260.6057 	EXP 	Line2: autoDraw = False
260.6057 	EXP 	Line3: autoDraw = False
260.6057 	EXP 	Line4: autoDraw = False
260.6057 	EXP 	Probe: autoDraw = False
260.6057 	EXP 	Fixation: autoDraw = True
260.7697 	EXP 	Device response: <KeyPress from None: t=260.5926096329931, value=v, duration=0.1725495409918949>
261.5961 	EXP 	Line1: autoDraw = True
261.5961 	EXP 	Line2: autoDraw = True
261.5961 	EXP 	Line3: autoDraw = True
261.5961 	EXP 	Line4: autoDraw = True
261.6028 	EXP 	Fixation: autoDraw = False
262.5963 	INFO 	Keyboard events cleared
262.5961 	EXP 	Probe: autoDraw = True
263.0709 	EXP 	Device response: <KeyPress from None: t=263.0665684239939, value=z, duration=None>
263.0712 	EXP 	New trial (rep=2, index=13): <Trial 13 (13 in rep 2) data={'pos': np.int64(-150), 'corr_resp': 'z', 'thisN': 13, 'thisTrialN': 13, 'thisRepN': 2}>
263.0735 	DATA 	Keypress: z
263.0793 	EXP 	Fixation: autoDraw = False
263.0793 	EXP 	Line1: autoDraw = False
263.0793 	EXP 	Line2: autoDraw = False
263.0793 	EXP 	Line3: autoDraw = False
263.0793 	EXP 	Line4: autoDraw = False
263.0793 	EXP 	Probe: autoDraw = False
263.0793 	EXP 	Fixation: autoDraw = True
263.2135 	EXP 	Device response: <KeyPress from None: t=263.0665684239939, value=z, duration=0.14419541403185576>
264.0691 	EXP 	Fixation: autoDraw = False
264.0691 	EXP 	Line1: autoDraw = True
264.0691 	EXP 	Line2: autoDraw = True
264.0691 	EXP 	Line3: autoDraw = True
264.0691 	EXP 	Line4: autoDraw = True
265.0698 	INFO 	Keyboard events cleared
265.0696 	EXP 	Probe: autoDraw = True
265.5633 	EXP 	Device response: <KeyPress from None: t=265.5556124270079, value=z, duration=None>
265.5636 	EXP 	New trial (rep=3, index=14): <Trial 14 (14 in rep 3) data={'pos': np.int64(-150), 'corr_resp': 'z', 'thisN': 14, 'thisTrialN': 14, 'thisRepN': 3}>
265.5660 	DATA 	Keypress: z
265.5715 	EXP 	Fixation: autoDraw = False
265.5715 	EXP 	Line1: autoDraw = False
265.5715 	EXP 	Line2: autoDraw = False
265.5715 	EXP 	Line3: autoDraw = False
265.5715 	EXP 	Line4: autoDraw = False
265.5715 	EXP 	Probe: autoDraw = False
265.5715 	EXP 	Fixation: autoDraw = True
265.7700 	EXP 	Device response: <KeyPress from None: t=265.5556124270079, value=z, duration=0.21214647399028763>
266.5527 	EXP 	Line1: autoDraw = True
266.5527 	EXP 	Line2: autoDraw = True
266.5527 	EXP 	Line3: autoDraw = True
266.5527 	EXP 	Line4: autoDraw = True
266.5696 	EXP 	Fixation: autoDraw = False
267.5530 	INFO 	Keyboard events cleared
267.5528 	EXP 	Probe: autoDraw = True
267.9798 	EXP 	Device response: <KeyPress from None: t=267.9734983430244, value=z, duration=None>
267.9801 	EXP 	New trial (rep=6, index=15): <Trial 15 (15 in rep 6) data={'pos': np.int64(50), 'corr_resp': 'c', 'thisN': 15, 'thisTrialN': 15, 'thisRepN': 6}>
267.9824 	DATA 	Keypress: z
267.9878 	EXP 	Fixation: autoDraw = False
267.9878 	EXP 	Line1: autoDraw = False
267.9878 	EXP 	Line2: autoDraw = False
267.9878 	EXP 	Line3: autoDraw = False
267.9878 	EXP 	Line4: autoDraw = False
267.9878 	EXP 	Probe: autoDraw = False
267.9878 	EXP 	Fixation: autoDraw = True
268.2132 	EXP 	Device response: <KeyPress from None: t=267.9734983430244, value=z, duration=0.23221544694388285>
268.9699 	EXP 	Line1: autoDraw = True
268.9699 	EXP 	Line2: autoDraw = True
268.9699 	EXP 	Line3: autoDraw = True
268.9699 	EXP 	Line4: autoDraw = True
268.9856 	EXP 	Fixation: autoDraw = False
269.9701 	INFO 	Keyboard events cleared
269.9699 	EXP 	Probe: autoDraw = True
270.3801 	EXP 	Device response: <KeyPress from None: t=270.3752886339789, value=c, duration=None>
270.3804 	EXP 	New trial (rep=4, index=16): <Trial 16 (16 in rep 4) data={'pos': np.int64(-150), 'corr_resp': 'z', 'thisN': 16, 'thisTrialN': 16, 'thisRepN': 4}>
270.3828 	DATA 	Keypress: c
270.3888 	EXP 	Fixation: autoDraw = False
270.3888 	EXP 	Line1: autoDraw = False
270.3888 	EXP 	Line2: autoDraw = False
270.3888 	EXP 	Line3: autoDraw = False
270.3888 	EXP 	Line4: autoDraw = False
270.3888 	EXP 	Probe: autoDraw = False
270.3888 	EXP 	Fixation: autoDraw = True
270.5632 	EXP 	Device response: <KeyPress from None: t=270.3752886339789, value=c, duration=0.18029181798920035>
271.3792 	EXP 	Line1: autoDraw = True
271.3792 	EXP 	Line2: autoDraw = True
271.3792 	EXP 	Line3: autoDraw = True
271.3792 	EXP 	Line4: autoDraw = True
271.3855 	EXP 	Fixation: autoDraw = False
272.3795 	INFO 	Keyboard events cleared
272.3793 	EXP 	Probe: autoDraw = True
272.7964 	EXP 	Device response: <KeyPress from None: t=272.7871796009713, value=z, duration=None>
272.7967 	EXP 	New trial (rep=2, index=17): <Trial 17 (17 in rep 2) data={'pos': np.int64(150), 'corr_resp': 'v', 'thisN': 17, 'thisTrialN': 17, 'thisRepN': 2}>
272.7991 	DATA 	Keypress: z
272.8047 	EXP 	Fixation: autoDraw = False
272.8047 	EXP 	Line1: autoDraw = False
272.8047 	EXP 	Line2: autoDraw = False
272.8047 	EXP 	Line3: autoDraw = False
272.8047 	EXP 	Line4: autoDraw = False
272.8047 	EXP 	Probe: autoDraw = False
272.8047 	EXP 	Fixation: autoDraw = True
272.9529 	EXP 	Device response: <KeyPress from None: t=272.7871796009713, value=z, duration=0.16034319903701544>
273.7862 	EXP 	Line1: autoDraw = True
273.7862 	EXP 	Line2: autoDraw = True
273.7862 	EXP 	Line3: autoDraw = True
273.7862 	EXP 	Line4: autoDraw = True
273.8024 	EXP 	Fixation: autoDraw = False
274.7862 	INFO 	Keyboard events cleared
274.7860 	EXP 	Probe: autoDraw = True
275.1640 	EXP 	Device response: <KeyPress from None: t=275.16207022801973, value=v, duration=None>
275.1642 	EXP 	New trial (rep=7, index=18): <Trial 18 (18 in rep 7) data={'pos': np.int64(50), 'corr_resp': 'c', 'thisN': 18, 'thisTrialN': 18, 'thisRepN': 7}>
275.1702 	EXP 	Fixation: autoDraw = False
275.1702 	EXP 	Line1: autoDraw = False
275.1702 	EXP 	Line2: autoDraw = False
275.1702 	EXP 	Line3: autoDraw = False
275.1702 	EXP 	Line4: autoDraw = False
275.1702 	EXP 	Probe: autoDraw = False
275.1702 	EXP 	Fixation: autoDraw = True
275.1729 	DATA 	Keypress: v
275.3531 	EXP 	Device response: <KeyPress from None: t=275.16207022801973, value=v, duration=0.18420627497835085>
276.1624 	EXP 	Line1: autoDraw = True
276.1624 	EXP 	Line2: autoDraw = True
276.1624 	EXP 	Line3: autoDraw = True
276.1624 	EXP 	Line4: autoDraw = True
276.1688 	EXP 	Fixation: autoDraw = False
277.1628 	INFO 	Keyboard events cleared
277.1626 	EXP 	Probe: autoDraw = True
277.4866 	EXP 	Device response: <KeyPress from None: t=277.48394619999453, value=c, duration=None>
277.4869 	EXP 	New trial (rep=3, index=19): <Trial 19 (19 in rep 3) data={'pos': np.int64(150), 'corr_resp': 'v', 'thisN': 19, 'thisTrialN': 19, 'thisRepN': 3}>
277.4893 	DATA 	Keypress: c
277.4953 	EXP 	Fixation: autoDraw = False
277.4953 	EXP 	Line1: autoDraw = False
277.4953 	EXP 	Line2: autoDraw = False
277.4953 	EXP 	Line3: autoDraw = False
277.4953 	EXP 	Line4: autoDraw = False
277.4953 	EXP 	Probe: autoDraw = False
277.4953 	EXP 	Fixation: autoDraw = True
277.6965 	EXP 	Device response: <KeyPress from None: t=277.48394619999453, value=c, duration=0.20842464303132147>
278.4861 	EXP 	Fixation: autoDraw = False
278.4861 	EXP 	Line1: autoDraw = True
278.4861 	EXP 	Line2: autoDraw = True
278.4861 	EXP 	Line3: autoDraw = True
278.4861 	EXP 	Line4: autoDraw = True
279.4862 	INFO 	Keyboard events cleared
279.4860 	EXP 	Probe: autoDraw = True
279.9632 	EXP 	Device response: <KeyPress from None: t=279.959842716984, value=v, duration=None>
279.9635 	EXP 	New trial (rep=4, index=20): <Trial 20 (20 in rep 4) data={'pos': np.int64(150), 'corr_resp': 'v', 'thisN': 20, 'thisTrialN': 20, 'thisRepN': 4}>
279.9660 	DATA 	Keypress: v
279.9722 	EXP 	Fixation: autoDraw = False
279.9722 	EXP 	Line1: autoDraw = False
279.9722 	EXP 	Line2: autoDraw = False
279.9722 	EXP 	Line3: autoDraw = False
279.9722 	EXP 	Line4: autoDraw = False
279.9722 	EXP 	Probe: autoDraw = False
279.9722 	EXP 	Fixation: autoDraw = True
280.1361 	EXP 	Device response: <KeyPress from None: t=279.959842716984, value=v, duration=0.17230841104174033>
280.9524 	EXP 	Line1: autoDraw = True
280.9524 	EXP 	Line2: autoDraw = True
280.9524 	EXP 	Line3: autoDraw = True
280.9524 	EXP 	Line4: autoDraw = True
280.9687 	EXP 	Fixation: autoDraw = False
281.9627 	INFO 	Keyboard events cleared
281.9625 	EXP 	Probe: autoDraw = True
282.3872 	EXP 	Device response: <KeyPress from None: t=282.37984434497776, value=v, duration=None>
282.3875 	EXP 	New trial (rep=5, index=21): <Trial 21 (21 in rep 5) data={'pos': np.int64(-150), 'corr_resp': 'z', 'thisN': 21, 'thisTrialN': 21, 'thisRepN': 5}>
282.3899 	DATA 	Keypress: v
282.3957 	EXP 	Fixation: autoDraw = False
282.3957 	EXP 	Line1: autoDraw = False
282.3957 	EXP 	Line2: autoDraw = False
282.3957 	EXP 	Line3: autoDraw = False
282.3957 	EXP 	Line4: autoDraw = False
282.3957 	EXP 	Probe: autoDraw = False
282.3957 	EXP 	Fixation: autoDraw = True
282.5466 	EXP 	Device response: <KeyPress from None: t=282.37984434497776, value=v, duration=0.1642508680233732>
283.3855 	EXP 	Fixation: autoDraw = False
283.3855 	EXP 	Line1: autoDraw = True
283.3855 	EXP 	Line2: autoDraw = True
283.3855 	EXP 	Line3: autoDraw = True
283.3855 	EXP 	Line4: autoDraw = True
284.3860 	INFO 	Keyboard events cleared
284.3858 	EXP 	Probe: autoDraw = True
284.9297 	EXP 	Device response: <KeyPress from None: t=284.9228648049757, value=z, duration=None>
284.9300 	EXP 	New trial (rep=3, index=22): <Trial 22 (22 in rep 3) data={'pos': np.int64(-50), 'corr_resp': 'x', 'thisN': 22, 'thisTrialN': 22, 'thisRepN': 3}>
284.9324 	DATA 	Keypress: z
284.9378 	EXP 	Fixation: autoDraw = False
284.9378 	EXP 	Line1: autoDraw = False
284.9378 	EXP 	Line2: autoDraw = False
284.9378 	EXP 	Line3: autoDraw = False
284.9378 	EXP 	Line4: autoDraw = False
284.9378 	EXP 	Probe: autoDraw = False
284.9378 	EXP 	Fixation: autoDraw = True
285.0691 	EXP 	Device response: <KeyPress from None: t=284.9228648049757, value=z, duration=0.14421564899384975>
285.9193 	EXP 	Line1: autoDraw = True
285.9193 	EXP 	Line2: autoDraw = True
285.9193 	EXP 	Line3: autoDraw = True
285.9193 	EXP 	Line4: autoDraw = True
285.9360 	EXP 	Fixation: autoDraw = False
286.9195 	INFO 	Keyboard events cleared
286.9193 	EXP 	Probe: autoDraw = True
287.4464 	EXP 	Device response: <KeyPress from None: t=287.44252249697456, value=x, duration=None>
287.4467 	EXP 	New trial (rep=8, index=23): <Trial 23 (23 in rep 8) data={'pos': np.int64(50), 'corr_resp': 'c', 'thisN': 23, 'thisTrialN': 23, 'thisRepN': 8}>
287.4491 	DATA 	Keypress: x
287.4547 	EXP 	Fixation: autoDraw = False
287.4547 	EXP 	Line1: autoDraw = False
287.4547 	EXP 	Line2: autoDraw = False
287.4547 	EXP 	Line3: autoDraw = False
287.4547 	EXP 	Line4: autoDraw = False
287.4547 	EXP 	Probe: autoDraw = False
287.4547 	EXP 	Fixation: autoDraw = True
287.5798 	EXP 	Device response: <KeyPress from None: t=287.44252249697456, value=x, duration=0.13249301601899788>
288.4355 	EXP 	Line1: autoDraw = True
288.4355 	EXP 	Line2: autoDraw = True
288.4355 	EXP 	Line3: autoDraw = True
288.4355 	EXP 	Line4: autoDraw = True
288.4521 	EXP 	Fixation: autoDraw = False
289.4366 	INFO 	Keyboard events cleared
289.4364 	EXP 	Probe: autoDraw = True
289.8966 	EXP 	Device response: <KeyPress from None: t=289.8934449160006, value=c, duration=None>
289.8969 	EXP 	New trial (rep=5, index=24): <Trial 24 (24 in rep 5) data={'pos': np.int64(150), 'corr_resp': 'v', 'thisN': 24, 'thisTrialN': 24, 'thisRepN': 5}>
289.8993 	DATA 	Keypress: c
289.9048 	EXP 	Fixation: autoDraw = False
289.9048 	EXP 	Line1: autoDraw = False
289.9048 	EXP 	Line2: autoDraw = False
289.9048 	EXP 	Line3: autoDraw = False
289.9048 	EXP 	Line4: autoDraw = False
289.9048 	EXP 	Probe: autoDraw = False
289.9048 	EXP 	Fixation: autoDraw = True
290.0862 	EXP 	Device response: <KeyPress from None: t=289.8934449160006, value=c, duration=0.1884230489959009>
290.8957 	EXP 	Line1: autoDraw = True
290.8957 	EXP 	Line2: autoDraw = True
290.8957 	EXP 	Line3: autoDraw = True
290.8957 	EXP 	Line4: autoDraw = True
290.9020 	EXP 	Fixation: autoDraw = False
291.8958 	INFO 	Keyboard events cleared
291.8956 	EXP 	Probe: autoDraw = True
292.2464 	EXP 	Device response: <KeyPress from None: t=292.2363183799898, value=v, duration=None>
292.2467 	EXP 	New trial (rep=4, index=25): <Trial 25 (25 in rep 4) data={'pos': np.int64(-50), 'corr_resp': 'x', 'thisN': 25, 'thisTrialN': 25, 'thisRepN': 4}>
292.2492 	DATA 	Keypress: v
292.2548 	EXP 	Fixation: autoDraw = False
292.2548 	EXP 	Line1: autoDraw = False
292.2548 	EXP 	Line2: autoDraw = False
292.2548 	EXP 	Line3: autoDraw = False
292.2548 	EXP 	Line4: autoDraw = False
292.2548 	EXP 	Probe: autoDraw = False
292.2548 	EXP 	Fixation: autoDraw = True
292.3858 	EXP 	Device response: <KeyPress from None: t=292.2363183799898, value=v, duration=0.14820231299381703>
293.2362 	EXP 	Line1: autoDraw = True
293.2362 	EXP 	Line2: autoDraw = True
293.2362 	EXP 	Line3: autoDraw = True
293.2362 	EXP 	Line4: autoDraw = True
293.2526 	EXP 	Fixation: autoDraw = False
294.2364 	INFO 	Keyboard events cleared
294.2362 	EXP 	Probe: autoDraw = True
294.6537 	EXP 	Device response: <KeyPress from None: t=294.6482064459706, value=x, duration=None>
294.6540 	EXP 	New trial (rep=9, index=26): <Trial 26 (26 in rep 9) data={'pos': np.int64(50), 'corr_resp': 'c', 'thisN': 26, 'thisTrialN': 26, 'thisRepN': 9}>
294.6564 	DATA 	Keypress: x
294.6622 	EXP 	Fixation: autoDraw = False
294.6622 	EXP 	Line1: autoDraw = False
294.6622 	EXP 	Line2: autoDraw = False
294.6622 	EXP 	Line3: autoDraw = False
294.6622 	EXP 	Line4: autoDraw = False
294.6622 	EXP 	Probe: autoDraw = False
294.6622 	EXP 	Fixation: autoDraw = True
294.8029 	EXP 	Device response: <KeyPress from None: t=294.6482064459706, value=x, duration=0.14833479904336855>
295.6524 	EXP 	Fixation: autoDraw = False
295.6524 	EXP 	Line1: autoDraw = True
295.6524 	EXP 	Line2: autoDraw = True
295.6524 	EXP 	Line3: autoDraw = True
295.6524 	EXP 	Line4: autoDraw = True
296.6532 	INFO 	Keyboard events cleared
296.6529 	EXP 	Probe: autoDraw = True
297.2033 	EXP 	Device response: <KeyPress from None: t=297.19911199400667, value=c, duration=None>
297.2036 	EXP 	New trial (rep=5, index=27): <Trial 27 (27 in rep 5) data={'pos': np.int64(-50), 'corr_resp': 'x', 'thisN': 27, 'thisTrialN': 27, 'thisRepN': 5}>
297.2060 	DATA 	Keypress: c
297.2119 	EXP 	Fixation: autoDraw = False
297.2119 	EXP 	Line1: autoDraw = False
297.2119 	EXP 	Line2: autoDraw = False
297.2119 	EXP 	Line3: autoDraw = False
297.2119 	EXP 	Line4: autoDraw = False
297.2119 	EXP 	Probe: autoDraw = False
297.2119 	EXP 	Fixation: autoDraw = True
297.3628 	EXP 	Device response: <KeyPress from None: t=297.19911199400667, value=c, duration=0.1562652540160343>
298.2020 	EXP 	Fixation: autoDraw = False
298.2020 	EXP 	Line1: autoDraw = True
298.2020 	EXP 	Line2: autoDraw = True
298.2020 	EXP 	Line3: autoDraw = True
298.2020 	EXP 	Line4: autoDraw = True
299.2025 	INFO 	Keyboard events cleared
299.2022 	EXP 	Probe: autoDraw = True
299.6295 	EXP 	Device response: <KeyPress from None: t=299.6210934330011, value=x, duration=None>
299.6299 	EXP 	New trial (rep=6, index=28): <Trial 28 (28 in rep 6) data={'pos': np.int64(-150), 'corr_resp': 'z', 'thisN': 28, 'thisTrialN': 28, 'thisRepN': 6}>
299.6322 	DATA 	Keypress: x
299.6383 	EXP 	Fixation: autoDraw = False
299.6383 	EXP 	Line1: autoDraw = False
299.6383 	EXP 	Line2: autoDraw = False
299.6383 	EXP 	Line3: autoDraw = False
299.6383 	EXP 	Line4: autoDraw = False
299.6383 	EXP 	Probe: autoDraw = False
299.6383 	EXP 	Fixation: autoDraw = True
299.8127 	EXP 	Device response: <KeyPress from None: t=299.6210934330011, value=x, duration=0.18435994401806965>
300.6188 	EXP 	Line1: autoDraw = True
300.6188 	EXP 	Line2: autoDraw = True
300.6188 	EXP 	Line3: autoDraw = True
300.6188 	EXP 	Line4: autoDraw = True
300.6351 	EXP 	Fixation: autoDraw = False
301.6198 	INFO 	Keyboard events cleared
301.6195 	EXP 	Probe: autoDraw = True
302.1127 	EXP 	Device response: <KeyPress from None: t=302.1048639770015, value=z, duration=None>
302.1130 	EXP 	New trial (rep=10, index=29): <Trial 29 (29 in rep 10) data={'pos': np.int64(50), 'corr_resp': 'c', 'thisN': 29, 'thisTrialN': 29, 'thisRepN': 10}>
302.1153 	DATA 	Keypress: z
302.1215 	EXP 	Fixation: autoDraw = False
302.1215 	EXP 	Line1: autoDraw = False
302.1215 	EXP 	Line2: autoDraw = False
302.1215 	EXP 	Line3: autoDraw = False
302.1215 	EXP 	Line4: autoDraw = False
302.1215 	EXP 	Probe: autoDraw = False
302.1215 	EXP 	Fixation: autoDraw = True
302.3292 	EXP 	Device response: <KeyPress from None: t=302.1048639770015, value=z, duration=0.21628643298754469>
303.1025 	EXP 	Line1: autoDraw = True
303.1025 	EXP 	Line2: autoDraw = True
303.1025 	EXP 	Line3: autoDraw = True
303.1025 	EXP 	Line4: autoDraw = True
303.1188 	EXP 	Fixation: autoDraw = False
304.1028 	INFO 	Keyboard events cleared
304.1026 	EXP 	Probe: autoDraw = True
304.6127 	EXP 	Device response: <KeyPress from None: t=304.60581857000943, value=c, duration=None>
304.6130 	EXP 	New trial (rep=7, index=30): <Trial 30 (30 in rep 7) data={'pos': np.int64(-150), 'corr_resp': 'z', 'thisN': 30, 'thisTrialN': 30, 'thisRepN': 7}>
304.6153 	DATA 	Keypress: c
304.6212 	EXP 	Fixation: autoDraw = False
304.6212 	EXP 	Line1: autoDraw = False
304.6212 	EXP 	Line2: autoDraw = False
304.6212 	EXP 	Line3: autoDraw = False
304.6212 	EXP 	Line4: autoDraw = False
304.6212 	EXP 	Probe: autoDraw = False
304.6212 	EXP 	Fixation: autoDraw = True
304.7863 	EXP 	Device response: <KeyPress from None: t=304.60581857000943, value=c, duration=0.17788395896786824>
305.6020 	EXP 	Line1: autoDraw = True
305.6020 	EXP 	Line2: autoDraw = True
305.6020 	EXP 	Line3: autoDraw = True
305.6020 	EXP 	Line4: autoDraw = True
305.6185 	EXP 	Fixation: autoDraw = False
306.6029 	INFO 	Keyboard events cleared
306.6027 	EXP 	Probe: autoDraw = True
306.9959 	EXP 	Device response: <KeyPress from None: t=306.98571753001306, value=z, duration=None>
306.9962 	EXP 	New trial (rep=11, index=31): <Trial 31 (31 in rep 11) data={'pos': np.int64(50), 'corr_resp': 'c', 'thisN': 31, 'thisTrialN': 31, 'thisRepN': 11}>
306.9986 	DATA 	Keypress: z
307.0040 	EXP 	Fixation: autoDraw = False
307.0040 	EXP 	Line1: autoDraw = False
307.0040 	EXP 	Line2: autoDraw = False
307.0040 	EXP 	Line3: autoDraw = False
307.0040 	EXP 	Line4: autoDraw = False
307.0040 	EXP 	Probe: autoDraw = False
307.0040 	EXP 	Fixation: autoDraw = True
307.1524 	EXP 	Device response: <KeyPress from None: t=306.98571753001306, value=z, duration=0.16430111398221925>
307.9859 	EXP 	Line1: autoDraw = True
307.9859 	EXP 	Line2: autoDraw = True
307.9859 	EXP 	Line3: autoDraw = True
307.9859 	EXP 	Line4: autoDraw = True
308.0021 	EXP 	Fixation: autoDraw = False
308.9855 	INFO 	Keyboard events cleared
308.9853 	EXP 	Probe: autoDraw = True
309.4698 	EXP 	Device response: <KeyPress from None: t=309.4635780749959, value=c, duration=None>
309.4701 	EXP 	New trial (rep=6, index=32): <Trial 32 (32 in rep 6) data={'pos': np.int64(-50), 'corr_resp': 'x', 'thisN': 32, 'thisTrialN': 32, 'thisRepN': 6}>
309.4725 	DATA 	Keypress: c
309.4783 	EXP 	Fixation: autoDraw = False
309.4783 	EXP 	Line1: autoDraw = False
309.4783 	EXP 	Line2: autoDraw = False
309.4783 	EXP 	Line3: autoDraw = False
309.4783 	EXP 	Line4: autoDraw = False
309.4783 	EXP 	Probe: autoDraw = False
309.4783 	EXP 	Fixation: autoDraw = True
309.6696 	EXP 	Device response: <KeyPress from None: t=309.4635780749959, value=c, duration=0.20033198699820787>
310.4690 	EXP 	Fixation: autoDraw = False
310.4690 	EXP 	Line1: autoDraw = True
310.4690 	EXP 	Line2: autoDraw = True
310.4690 	EXP 	Line3: autoDraw = True
310.4690 	EXP 	Line4: autoDraw = True
311.4693 	INFO 	Keyboard events cleared
311.4690 	EXP 	Probe: autoDraw = True
312.1528 	EXP 	Device response: <KeyPress from None: t=312.1454780569766, value=c, duration=None>
312.1532 	EXP 	New trial (rep=6, index=33): <Trial 33 (33 in rep 6) data={'pos': np.int64(150), 'corr_resp': 'v', 'thisN': 33, 'thisTrialN': 33, 'thisRepN': 6}>
312.1556 	DATA 	Keypress: c
312.1616 	EXP 	Fixation: autoDraw = False
312.1616 	EXP 	Line1: autoDraw = False
312.1616 	EXP 	Line2: autoDraw = False
312.1616 	EXP 	Line3: autoDraw = False
312.1616 	EXP 	Line4: autoDraw = False
312.1616 	EXP 	Probe: autoDraw = False
312.1616 	EXP 	Fixation: autoDraw = True
312.3633 	EXP 	Device response: <KeyPress from None: t=312.1454780569766, value=c, duration=0.21650517400121316>
313.1520 	EXP 	Fixation: autoDraw = False
313.1520 	EXP 	Line1: autoDraw = True
313.1520 	EXP 	Line2: autoDraw = True
313.1520 	EXP 	Line3: autoDraw = True
313.1520 	EXP 	Line4: autoDraw = True
314.1528 	INFO 	Keyboard events cleared
314.1526 	EXP 	Probe: autoDraw = True
314.5365 	EXP 	Device response: <KeyPress from None: t=314.5295823129709, value=v, duration=None>
314.5368 	EXP 	New trial (rep=7, index=34): <Trial 34 (34 in rep 7) data={'pos': np.int64(-50), 'corr_resp': 'x', 'thisN': 34, 'thisTrialN': 34, 'thisRepN': 7}>
314.5392 	DATA 	Keypress: v
314.5452 	EXP 	Fixation: autoDraw = False
314.5452 	EXP 	Line1: autoDraw = False
314.5452 	EXP 	Line2: autoDraw = False
314.5452 	EXP 	Line3: autoDraw = False
314.5452 	EXP 	Line4: autoDraw = False
314.5452 	EXP 	Probe: autoDraw = False
314.5452 	EXP 	Fixation: autoDraw = True
314.6958 	EXP 	Device response: <KeyPress from None: t=314.5295823129709, value=v, duration=0.16011215804610401>
315.5357 	EXP 	Fixation: autoDraw = False
315.5357 	EXP 	Line1: autoDraw = True
315.5357 	EXP 	Line2: autoDraw = True
315.5357 	EXP 	Line3: autoDraw = True
315.5357 	EXP 	Line4: autoDraw = True
316.5358 	INFO 	Keyboard events cleared
316.5356 	EXP 	Probe: autoDraw = True
317.0031 	EXP 	Device response: <KeyPress from None: t=317.00136907497654, value=x, duration=None>
317.0034 	EXP 	New trial (rep=7, index=35): <Trial 35 (35 in rep 7) data={'pos': np.int64(150), 'corr_resp': 'v', 'thisN': 35, 'thisTrialN': 35, 'thisRepN': 7}>
317.0117 	EXP 	Fixation: autoDraw = False
317.0117 	EXP 	Line1: autoDraw = False
317.0117 	EXP 	Line2: autoDraw = False
317.0117 	EXP 	Line3: autoDraw = False
317.0117 	EXP 	Line4: autoDraw = False
317.0117 	EXP 	Probe: autoDraw = False
317.0117 	EXP 	Fixation: autoDraw = True
317.0141 	DATA 	Keypress: x
317.1852 	EXP 	Device response: <KeyPress from None: t=317.00136907497654, value=x, duration=0.18009247002191842>
318.0023 	EXP 	Fixation: autoDraw = False
318.0023 	EXP 	Line1: autoDraw = True
318.0023 	EXP 	Line2: autoDraw = True
318.0023 	EXP 	Line3: autoDraw = True
318.0023 	EXP 	Line4: autoDraw = True
319.0024 	INFO 	Keyboard events cleared
319.0022 	EXP 	Probe: autoDraw = True
319.9029 	EXP 	Device response: <KeyPress from None: t=319.90019597898936, value=v, duration=None>
319.9032 	EXP 	New trial (rep=8, index=36): <Trial 36 (36 in rep 8) data={'pos': np.int64(150), 'corr_resp': 'v', 'thisN': 36, 'thisTrialN': 36, 'thisRepN': 8}>
319.9056 	DATA 	Keypress: v
319.9116 	EXP 	Fixation: autoDraw = False
319.9116 	EXP 	Line1: autoDraw = False
319.9116 	EXP 	Line2: autoDraw = False
319.9116 	EXP 	Line3: autoDraw = False
319.9116 	EXP 	Line4: autoDraw = False
319.9116 	EXP 	Probe: autoDraw = False
319.9116 	EXP 	Fixation: autoDraw = True
320.0462 	EXP 	Device response: <KeyPress from None: t=319.90019597898936, value=v, duration=0.1443011470255442>
320.9023 	EXP 	Fixation: autoDraw = False
320.9023 	EXP 	Line1: autoDraw = True
320.9023 	EXP 	Line2: autoDraw = True
320.9023 	EXP 	Line3: autoDraw = True
320.9023 	EXP 	Line4: autoDraw = True
321.8956 	INFO 	Keyboard events cleared
321.8954 	EXP 	Probe: autoDraw = True
322.6694 	EXP 	Device response: <KeyPress from None: t=322.6620807040017, value=v, duration=None>
322.6697 	EXP 	New trial (rep=12, index=37): <Trial 37 (37 in rep 12) data={'pos': np.int64(50), 'corr_resp': 'c', 'thisN': 37, 'thisTrialN': 37, 'thisRepN': 12}>
322.6721 	DATA 	Keypress: v
322.6778 	EXP 	Fixation: autoDraw = False
322.6778 	EXP 	Line1: autoDraw = False
322.6778 	EXP 	Line2: autoDraw = False
322.6778 	EXP 	Line3: autoDraw = False
322.6778 	EXP 	Line4: autoDraw = False
322.6778 	EXP 	Probe: autoDraw = False
322.6778 	EXP 	Fixation: autoDraw = True
322.8459 	EXP 	Device response: <KeyPress from None: t=322.6620807040017, value=v, duration=0.17226134601514786>
323.6687 	EXP 	Fixation: autoDraw = False
323.6687 	EXP 	Line1: autoDraw = True
323.6687 	EXP 	Line2: autoDraw = True
323.6687 	EXP 	Line3: autoDraw = True
323.6687 	EXP 	Line4: autoDraw = True
324.6688 	INFO 	Keyboard events cleared
324.6686 	EXP 	Probe: autoDraw = True
325.1027 	EXP 	Device response: <KeyPress from None: t=325.10000803199364, value=c, duration=None>
325.1030 	EXP 	New trial (rep=13, index=38): <Trial 38 (38 in rep 13) data={'pos': np.int64(50), 'corr_resp': 'c', 'thisN': 38, 'thisTrialN': 38, 'thisRepN': 13}>
325.1054 	DATA 	Keypress: c
325.1113 	EXP 	Fixation: autoDraw = False
325.1113 	EXP 	Line1: autoDraw = False
325.1113 	EXP 	Line2: autoDraw = False
325.1113 	EXP 	Line3: autoDraw = False
325.1113 	EXP 	Line4: autoDraw = False
325.1113 	EXP 	Probe: autoDraw = False
325.1113 	EXP 	Fixation: autoDraw = True
325.2957 	EXP 	Device response: <KeyPress from None: t=325.10000803199364, value=c, duration=0.18842053902335465>
326.1022 	EXP 	Fixation: autoDraw = False
326.1022 	EXP 	Line1: autoDraw = True
326.1022 	EXP 	Line2: autoDraw = True
326.1022 	EXP 	Line3: autoDraw = True
326.1022 	EXP 	Line4: autoDraw = True
327.1023 	INFO 	Keyboard events cleared
327.1021 	EXP 	Probe: autoDraw = True
327.6292 	EXP 	Device response: <KeyPress from None: t=327.6230275889975, value=c, duration=None>
327.6295 	EXP 	New trial (rep=9, index=39): <Trial 39 (39 in rep 9) data={'pos': np.int64(150), 'corr_resp': 'v', 'thisN': 39, 'thisTrialN': 39, 'thisRepN': 9}>
327.6319 	DATA 	Keypress: c
327.6373 	EXP 	Fixation: autoDraw = False
327.6373 	EXP 	Line1: autoDraw = False
327.6373 	EXP 	Line2: autoDraw = False
327.6373 	EXP 	Line3: autoDraw = False
327.6373 	EXP 	Line4: autoDraw = False
327.6373 	EXP 	Probe: autoDraw = False
327.6373 	EXP 	Fixation: autoDraw = True
327.8188 	EXP 	Device response: <KeyPress from None: t=327.6230275889975, value=c, duration=0.1922214159858413>
328.6188 	EXP 	Line1: autoDraw = True
328.6188 	EXP 	Line2: autoDraw = True
328.6188 	EXP 	Line3: autoDraw = True
328.6188 	EXP 	Line4: autoDraw = True
328.6347 	EXP 	Fixation: autoDraw = False
329.6286 	INFO 	Keyboard events cleared
329.6284 	EXP 	Probe: autoDraw = True
330.0858 	EXP 	Device response: <KeyPress from None: t=330.0837780360016, value=v, duration=None>
330.0862 	EXP 	New trial (rep=8, index=40): <Trial 40 (40 in rep 8) data={'pos': np.int64(-150), 'corr_resp': 'z', 'thisN': 40, 'thisTrialN': 40, 'thisRepN': 8}>
330.0950 	EXP 	Fixation: autoDraw = False
330.0950 	EXP 	Line1: autoDraw = False
330.0950 	EXP 	Line2: autoDraw = False
330.0950 	EXP 	Line3: autoDraw = False
330.0950 	EXP 	Line4: autoDraw = False
330.0950 	EXP 	Probe: autoDraw = False
330.0950 	EXP 	Fixation: autoDraw = True
330.0979 	DATA 	Keypress: v
330.2789 	EXP 	Device response: <KeyPress from None: t=330.0837780360016, value=v, duration=0.18869502400048077>
331.0853 	EXP 	Fixation: autoDraw = False
331.0853 	EXP 	Line1: autoDraw = True
331.0853 	EXP 	Line2: autoDraw = True
331.0853 	EXP 	Line3: autoDraw = True
331.0853 	EXP 	Line4: autoDraw = True
332.0785 	INFO 	Keyboard events cleared
332.0783 	EXP 	Probe: autoDraw = True
332.5959 	EXP 	Device response: <KeyPress from None: t=332.59370883501833, value=z, duration=None>
332.5962 	EXP 	New trial (rep=10, index=41): <Trial 41 (41 in rep 10) data={'pos': np.int64(150), 'corr_resp': 'v', 'thisN': 41, 'thisTrialN': 41, 'thisRepN': 10}>
332.5986 	DATA 	Keypress: z
332.6042 	EXP 	Fixation: autoDraw = False
332.6042 	EXP 	Line1: autoDraw = False
332.6042 	EXP 	Line2: autoDraw = False
332.6042 	EXP 	Line3: autoDraw = False
332.6042 	EXP 	Line4: autoDraw = False
332.6042 	EXP 	Probe: autoDraw = False
332.6042 	EXP 	Fixation: autoDraw = True
332.7957 	EXP 	Device response: <KeyPress from None: t=332.59370883501833, value=z, duration=0.19640863698441535>
333.5951 	EXP 	Line1: autoDraw = True
333.5951 	EXP 	Line2: autoDraw = True
333.5951 	EXP 	Line3: autoDraw = True
333.5951 	EXP 	Line4: autoDraw = True
333.6014 	EXP 	Fixation: autoDraw = False
334.5951 	INFO 	Keyboard events cleared
334.5949 	EXP 	Probe: autoDraw = True
335.0694 	EXP 	Device response: <KeyPress from None: t=335.06271735200426, value=v, duration=None>
335.0697 	EXP 	New trial (rep=14, index=42): <Trial 42 (42 in rep 14) data={'pos': np.int64(50), 'corr_resp': 'c', 'thisN': 42, 'thisTrialN': 42, 'thisRepN': 14}>
335.0721 	DATA 	Keypress: v
335.0779 	EXP 	Fixation: autoDraw = False
335.0779 	EXP 	Line1: autoDraw = False
335.0779 	EXP 	Line2: autoDraw = False
335.0779 	EXP 	Line3: autoDraw = False
335.0779 	EXP 	Line4: autoDraw = False
335.0779 	EXP 	Probe: autoDraw = False
335.0779 	EXP 	Fixation: autoDraw = True
335.2859 	EXP 	Device response: <KeyPress from None: t=335.06271735200426, value=v, duration=0.21620026900200173>
336.0685 	EXP 	Fixation: autoDraw = False
336.0685 	EXP 	Line1: autoDraw = True
336.0685 	EXP 	Line2: autoDraw = True
336.0685 	EXP 	Line3: autoDraw = True
336.0685 	EXP 	Line4: autoDraw = True
337.0694 	INFO 	Keyboard events cleared
337.0692 	EXP 	Probe: autoDraw = True
337.5127 	EXP 	Device response: <KeyPress from None: t=337.509526733018, value=c, duration=None>
337.5129 	EXP 	New trial (rep=11, index=43): <Trial 43 (43 in rep 11) data={'pos': np.int64(150), 'corr_resp': 'v', 'thisN': 43, 'thisTrialN': 43, 'thisRepN': 11}>
337.5153 	DATA 	Keypress: c
337.5215 	EXP 	Fixation: autoDraw = False
337.5215 	EXP 	Line1: autoDraw = False
337.5215 	EXP 	Line2: autoDraw = False
337.5215 	EXP 	Line3: autoDraw = False
337.5215 	EXP 	Line4: autoDraw = False
337.5215 	EXP 	Probe: autoDraw = False
337.5215 	EXP 	Fixation: autoDraw = True
337.7024 	EXP 	Device response: <KeyPress from None: t=337.509526733018, value=c, duration=0.18833244900451973>
338.5117 	EXP 	Line1: autoDraw = True
338.5117 	EXP 	Line2: autoDraw = True
338.5117 	EXP 	Line3: autoDraw = True
338.5117 	EXP 	Line4: autoDraw = True
338.5179 	EXP 	Fixation: autoDraw = False
339.5118 	INFO 	Keyboard events cleared
339.5116 	EXP 	Probe: autoDraw = True
339.8956 	EXP 	Device response: <KeyPress from None: t=339.885425252025, value=v, duration=None>
339.8959 	EXP 	New trial (rep=8, index=44): <Trial 44 (44 in rep 8) data={'pos': np.int64(-50), 'corr_resp': 'x', 'thisN': 44, 'thisTrialN': 44, 'thisRepN': 8}>
339.8982 	DATA 	Keypress: v
339.9037 	EXP 	Fixation: autoDraw = False
339.9037 	EXP 	Line1: autoDraw = False
339.9037 	EXP 	Line2: autoDraw = False
339.9037 	EXP 	Line3: autoDraw = False
339.9037 	EXP 	Line4: autoDraw = False
339.9037 	EXP 	Probe: autoDraw = False
339.9037 	EXP 	Fixation: autoDraw = True
340.0523 	EXP 	Device response: <KeyPress from None: t=339.885425252025, value=v, duration=0.1602482859743759>
340.8854 	EXP 	Line1: autoDraw = True
340.8854 	EXP 	Line2: autoDraw = True
340.8854 	EXP 	Line3: autoDraw = True
340.8854 	EXP 	Line4: autoDraw = True
340.9013 	EXP 	Fixation: autoDraw = False
341.8855 	INFO 	Keyboard events cleared
341.8853 	EXP 	Probe: autoDraw = True
342.5623 	EXP 	Device response: <KeyPress from None: t=342.5573235289776, value=x, duration=None>
342.5626 	EXP 	New trial (rep=15, index=45): <Trial 45 (45 in rep 15) data={'pos': np.int64(50), 'corr_resp': 'c', 'thisN': 45, 'thisTrialN': 45, 'thisRepN': 15}>
342.5649 	DATA 	Keypress: x
342.5710 	EXP 	Fixation: autoDraw = False
342.5710 	EXP 	Line1: autoDraw = False
342.5710 	EXP 	Line2: autoDraw = False
342.5710 	EXP 	Line3: autoDraw = False
342.5710 	EXP 	Line4: autoDraw = False
342.5710 	EXP 	Probe: autoDraw = False
342.5710 	EXP 	Fixation: autoDraw = True
342.7187 	EXP 	Device response: <KeyPress from None: t=342.5573235289776, value=x, duration=0.1561762390192598>
343.5519 	EXP 	Line1: autoDraw = True
343.5519 	EXP 	Line2: autoDraw = True
343.5519 	EXP 	Line3: autoDraw = True
343.5519 	EXP 	Line4: autoDraw = True
343.5678 	EXP 	Fixation: autoDraw = False
344.5617 	INFO 	Keyboard events cleared
344.5615 	EXP 	Probe: autoDraw = True
345.1625 	EXP 	Device response: <KeyPress from None: t=345.15217608201783, value=c, duration=None>
345.1628 	EXP 	New trial (rep=12, index=46): <Trial 46 (46 in rep 12) data={'pos': np.int64(150), 'corr_resp': 'v', 'thisN': 46, 'thisTrialN': 46, 'thisRepN': 12}>
345.1652 	DATA 	Keypress: c
345.1707 	EXP 	Fixation: autoDraw = False
345.1707 	EXP 	Line1: autoDraw = False
345.1707 	EXP 	Line2: autoDraw = False
345.1707 	EXP 	Line3: autoDraw = False
345.1707 	EXP 	Line4: autoDraw = False
345.1707 	EXP 	Probe: autoDraw = False
345.1707 	EXP 	Fixation: autoDraw = True
345.3354 	EXP 	Device response: <KeyPress from None: t=345.15217608201783, value=c, duration=0.1802761869621463>
346.1617 	EXP 	Line1: autoDraw = True
346.1617 	EXP 	Line2: autoDraw = True
346.1617 	EXP 	Line3: autoDraw = True
346.1617 	EXP 	Line4: autoDraw = True
346.1684 	EXP 	Fixation: autoDraw = False
347.1618 	INFO 	Keyboard events cleared
347.1616 	EXP 	Probe: autoDraw = True
347.4959 	EXP 	Device response: <KeyPress from None: t=347.49103446200024, value=v, duration=None>
347.4962 	EXP 	New trial (rep=9, index=47): <Trial 47 (47 in rep 9) data={'pos': np.int64(-150), 'corr_resp': 'z', 'thisN': 47, 'thisTrialN': 47, 'thisRepN': 9}>
347.4985 	DATA 	Keypress: v
347.5040 	EXP 	Fixation: autoDraw = False
347.5040 	EXP 	Line1: autoDraw = False
347.5040 	EXP 	Line2: autoDraw = False
347.5040 	EXP 	Line3: autoDraw = False
347.5040 	EXP 	Line4: autoDraw = False
347.5040 	EXP 	Probe: autoDraw = False
347.5040 	EXP 	Fixation: autoDraw = True
347.6291 	EXP 	Device response: <KeyPress from None: t=347.49103446200024, value=v, duration=0.13614006101852283>
348.4949 	EXP 	Line1: autoDraw = True
348.4949 	EXP 	Line2: autoDraw = True
348.4949 	EXP 	Line3: autoDraw = True
348.4949 	EXP 	Line4: autoDraw = True
348.5013 	EXP 	Fixation: autoDraw = False
349.4951 	INFO 	Keyboard events cleared
349.4949 	EXP 	Probe: autoDraw = True
349.9360 	EXP 	Device response: <KeyPress from None: t=349.92901780997636, value=z, duration=None>
349.9363 	EXP 	New trial (rep=16, index=48): <Trial 48 (48 in rep 16) data={'pos': np.int64(50), 'corr_resp': 'c', 'thisN': 48, 'thisTrialN': 48, 'thisRepN': 16}>
349.9387 	DATA 	Keypress: z
349.9446 	EXP 	Fixation: autoDraw = False
349.9446 	EXP 	Line1: autoDraw = False
349.9446 	EXP 	Line2: autoDraw = False
349.9446 	EXP 	Line3: autoDraw = False
349.9446 	EXP 	Line4: autoDraw = False
349.9446 	EXP 	Probe: autoDraw = False
349.9446 	EXP 	Fixation: autoDraw = True
350.0852 	EXP 	Device response: <KeyPress from None: t=349.92901780997636, value=z, duration=0.15239295904757455>
350.9347 	EXP 	Fixation: autoDraw = False
350.9347 	EXP 	Line1: autoDraw = True
350.9347 	EXP 	Line2: autoDraw = True
350.9347 	EXP 	Line3: autoDraw = True
350.9347 	EXP 	Line4: autoDraw = True
351.9352 	INFO 	Keyboard events cleared
351.9350 	EXP 	Probe: autoDraw = True
352.4696 	EXP 	Device response: <KeyPress from None: t=352.4679121579975, value=c, duration=None>
352.4699 	EXP 	New trial (rep=10, index=49): <Trial 49 (49 in rep 10) data={'pos': np.int64(-150), 'corr_resp': 'z', 'thisN': 49, 'thisTrialN': 49, 'thisRepN': 10}>
352.4785 	EXP 	Fixation: autoDraw = False
352.4785 	EXP 	Line1: autoDraw = False
352.4785 	EXP 	Line2: autoDraw = False
352.4785 	EXP 	Line3: autoDraw = False
352.4785 	EXP 	Line4: autoDraw = False
352.4785 	EXP 	Probe: autoDraw = False
352.4785 	EXP 	Fixation: autoDraw = True
352.4809 	DATA 	Keypress: c
352.7121 	EXP 	Device response: <KeyPress from None: t=352.4679121579975, value=c, duration=0.2363581340177916>
353.4685 	EXP 	Fixation: autoDraw = False
353.4685 	EXP 	Line1: autoDraw = True
353.4685 	EXP 	Line2: autoDraw = True
353.4685 	EXP 	Line3: autoDraw = True
353.4685 	EXP 	Line4: autoDraw = True
354.4686 	INFO 	Keyboard events cleared
354.4684 	EXP 	Probe: autoDraw = True
354.8788 	EXP 	Device response: <KeyPress from None: t=354.873808600998, value=z, duration=None>
354.8790 	EXP 	New trial (rep=9, index=50): <Trial 50 (50 in rep 9) data={'pos': np.int64(-50), 'corr_resp': 'x', 'thisN': 50, 'thisTrialN': 50, 'thisRepN': 9}>
354.8814 	DATA 	Keypress: z
354.8868 	EXP 	Fixation: autoDraw = False
354.8868 	EXP 	Line1: autoDraw = False
354.8868 	EXP 	Line2: autoDraw = False
354.8868 	EXP 	Line3: autoDraw = False
354.8868 	EXP 	Line4: autoDraw = False
354.8868 	EXP 	Probe: autoDraw = False
354.8868 	EXP 	Fixation: autoDraw = True
355.0619 	EXP 	Device response: <KeyPress from None: t=354.873808600998, value=z, duration=0.18019904498942196>
355.8681 	EXP 	Line1: autoDraw = True
355.8681 	EXP 	Line2: autoDraw = True
355.8681 	EXP 	Line3: autoDraw = True
355.8681 	EXP 	Line4: autoDraw = True
355.8843 	EXP 	Fixation: autoDraw = False
356.8691 	INFO 	Keyboard events cleared
356.8689 	EXP 	Probe: autoDraw = True
357.1953 	EXP 	Device response: <KeyPress from None: t=357.1856638030149, value=x, duration=None>
357.1956 	EXP 	New trial (rep=11, index=51): <Trial 51 (51 in rep 11) data={'pos': np.int64(-150), 'corr_resp': 'z', 'thisN': 51, 'thisTrialN': 51, 'thisRepN': 11}>
357.1979 	DATA 	Keypress: x
357.2042 	EXP 	Fixation: autoDraw = False
357.2042 	EXP 	Line1: autoDraw = False
357.2042 	EXP 	Line2: autoDraw = False
357.2042 	EXP 	Line3: autoDraw = False
357.2042 	EXP 	Line4: autoDraw = False
357.2042 	EXP 	Probe: autoDraw = False
357.2042 	EXP 	Fixation: autoDraw = True
357.3687 	EXP 	Device response: <KeyPress from None: t=357.1856638030149, value=x, duration=0.176262755994685>
358.1851 	EXP 	Line1: autoDraw = True
358.1851 	EXP 	Line2: autoDraw = True
358.1851 	EXP 	Line3: autoDraw = True
358.1851 	EXP 	Line4: autoDraw = True
358.2010 	EXP 	Fixation: autoDraw = False
359.1851 	INFO 	Keyboard events cleared
359.1848 	EXP 	Probe: autoDraw = True
359.6521 	EXP 	Device response: <KeyPress from None: t=359.6495029309881, value=z, duration=None>
359.6524 	EXP 	New trial (rep=10, index=52): <Trial 52 (52 in rep 10) data={'pos': np.int64(-50), 'corr_resp': 'x', 'thisN': 52, 'thisTrialN': 52, 'thisRepN': 10}>
359.6612 	EXP 	Fixation: autoDraw = False
359.6612 	EXP 	Line1: autoDraw = False
359.6612 	EXP 	Line2: autoDraw = False
359.6612 	EXP 	Line3: autoDraw = False
359.6612 	EXP 	Line4: autoDraw = False
359.6612 	EXP 	Probe: autoDraw = False
359.6612 	EXP 	Fixation: autoDraw = True
359.6639 	DATA 	Keypress: z
359.8117 	EXP 	Device response: <KeyPress from None: t=359.6495029309881, value=z, duration=0.1522324419929646>
360.6518 	EXP 	Fixation: autoDraw = False
360.6518 	EXP 	Line1: autoDraw = True
360.6518 	EXP 	Line2: autoDraw = True
360.6518 	EXP 	Line3: autoDraw = True
360.6518 	EXP 	Line4: autoDraw = True
361.6448 	INFO 	Keyboard events cleared
361.6447 	EXP 	Probe: autoDraw = True
362.0289 	EXP 	Device response: <KeyPress from None: t=362.027410005976, value=x, duration=None>
362.0292 	EXP 	New trial (rep=13, index=53): <Trial 53 (53 in rep 13) data={'pos': np.int64(150), 'corr_resp': 'v', 'thisN': 53, 'thisTrialN': 53, 'thisRepN': 13}>
362.0350 	EXP 	Fixation: autoDraw = False
362.0350 	EXP 	Line1: autoDraw = False
362.0350 	EXP 	Line2: autoDraw = False
362.0350 	EXP 	Line3: autoDraw = False
362.0350 	EXP 	Line4: autoDraw = False
362.0350 	EXP 	Probe: autoDraw = False
362.0350 	EXP 	Fixation: autoDraw = True
362.0378 	DATA 	Keypress: x
362.1784 	EXP 	Device response: <KeyPress from None: t=362.027410005976, value=x, duration=0.14421790500637144>
363.0281 	EXP 	Fixation: autoDraw = False
363.0281 	EXP 	Line1: autoDraw = True
363.0281 	EXP 	Line2: autoDraw = True
363.0281 	EXP 	Line3: autoDraw = True
363.0281 	EXP 	Line4: autoDraw = True
364.0282 	INFO 	Keyboard events cleared
364.0280 	EXP 	Probe: autoDraw = True
364.5192 	EXP 	Device response: <KeyPress from None: t=364.5133142179693, value=v, duration=None>
364.5195 	EXP 	New trial (rep=12, index=54): <Trial 54 (54 in rep 12) data={'pos': np.int64(-150), 'corr_resp': 'z', 'thisN': 54, 'thisTrialN': 54, 'thisRepN': 12}>
364.5219 	DATA 	Keypress: v
364.5276 	EXP 	Fixation: autoDraw = False
364.5276 	EXP 	Line1: autoDraw = False
364.5276 	EXP 	Line2: autoDraw = False
364.5276 	EXP 	Line3: autoDraw = False
364.5276 	EXP 	Line4: autoDraw = False
364.5276 	EXP 	Probe: autoDraw = False
364.5276 	EXP 	Fixation: autoDraw = True
364.7120 	EXP 	Device response: <KeyPress from None: t=364.5133142179693, value=v, duration=0.1924829320050776>
365.5184 	EXP 	Fixation: autoDraw = False
365.5184 	EXP 	Line1: autoDraw = True
365.5184 	EXP 	Line2: autoDraw = True
365.5184 	EXP 	Line3: autoDraw = True
365.5184 	EXP 	Line4: autoDraw = True
366.5177 	INFO 	Keyboard events cleared
366.5175 	EXP 	Probe: autoDraw = True
366.9284 	EXP 	Device response: <KeyPress from None: t=366.9172306350083, value=z, duration=None>
366.9287 	EXP 	New trial (rep=14, index=55): <Trial 55 (55 in rep 14) data={'pos': np.int64(150), 'corr_resp': 'v', 'thisN': 55, 'thisTrialN': 55, 'thisRepN': 14}>
366.9310 	DATA 	Keypress: z
366.9367 	EXP 	Fixation: autoDraw = False
366.9367 	EXP 	Line1: autoDraw = False
366.9367 	EXP 	Line2: autoDraw = False
366.9367 	EXP 	Line3: autoDraw = False
366.9367 	EXP 	Line4: autoDraw = False
366.9367 	EXP 	Probe: autoDraw = False
366.9367 	EXP 	Fixation: autoDraw = True
367.0679 	EXP 	Device response: <KeyPress from None: t=366.9172306350083, value=z, duration=0.1441164169809781>
367.9190 	EXP 	Line1: autoDraw = True
367.9190 	EXP 	Line2: autoDraw = True
367.9190 	EXP 	Line3: autoDraw = True
367.9190 	EXP 	Line4: autoDraw = True
367.9346 	EXP 	Fixation: autoDraw = False
368.9182 	INFO 	Keyboard events cleared
368.9180 	EXP 	Probe: autoDraw = True
369.2952 	EXP 	Device response: <KeyPress from None: t=369.2851486830041, value=v, duration=None>
369.2955 	EXP 	New trial (rep=17, index=56): <Trial 56 (56 in rep 17) data={'pos': np.int64(50), 'corr_resp': 'c', 'thisN': 56, 'thisTrialN': 56, 'thisRepN': 17}>
369.2978 	DATA 	Keypress: v
369.3031 	EXP 	Fixation: autoDraw = False
369.3031 	EXP 	Line1: autoDraw = False
369.3031 	EXP 	Line2: autoDraw = False
369.3031 	EXP 	Line3: autoDraw = False
369.3031 	EXP 	Line4: autoDraw = False
369.3031 	EXP 	Probe: autoDraw = False
369.3031 	EXP 	Fixation: autoDraw = True
369.4618 	EXP 	Device response: <KeyPress from None: t=369.2851486830041, value=v, duration=0.17252261500107124>
370.2845 	EXP 	Line1: autoDraw = True
370.2845 	EXP 	Line2: autoDraw = True
370.2845 	EXP 	Line3: autoDraw = True
370.2845 	EXP 	Line4: autoDraw = True
370.3004 	EXP 	Fixation: autoDraw = False
371.2847 	INFO 	Keyboard events cleared
371.2845 	EXP 	Probe: autoDraw = True
371.6288 	EXP 	Device response: <KeyPress from None: t=371.6270613169763, value=c, duration=None>
371.6291 	EXP 	New trial (rep=13, index=57): <Trial 57 (57 in rep 13) data={'pos': np.int64(-150), 'corr_resp': 'z', 'thisN': 57, 'thisTrialN': 57, 'thisRepN': 13}>
371.6350 	EXP 	Fixation: autoDraw = False
371.6350 	EXP 	Line1: autoDraw = False
371.6350 	EXP 	Line2: autoDraw = False
371.6350 	EXP 	Line3: autoDraw = False
371.6350 	EXP 	Line4: autoDraw = False
371.6350 	EXP 	Probe: autoDraw = False
371.6350 	EXP 	Fixation: autoDraw = True
371.6375 	DATA 	Keypress: c
371.8852 	EXP 	Device response: <KeyPress from None: t=371.6270613169763, value=c, duration=0.25223305000690743>
372.6278 	EXP 	Line1: autoDraw = True
372.6278 	EXP 	Line2: autoDraw = True
372.6278 	EXP 	Line3: autoDraw = True
372.6278 	EXP 	Line4: autoDraw = True
372.6346 	EXP 	Fixation: autoDraw = False
373.6279 	INFO 	Keyboard events cleared
373.6277 	EXP 	Probe: autoDraw = True
374.1787 	EXP 	Device response: <KeyPress from None: t=374.17696891597006, value=z, duration=None>
374.1790 	EXP 	New trial (rep=18, index=58): <Trial 58 (58 in rep 18) data={'pos': np.int64(50), 'corr_resp': 'c', 'thisN': 58, 'thisTrialN': 58, 'thisRepN': 18}>
374.1846 	EXP 	Fixation: autoDraw = False
374.1846 	EXP 	Line1: autoDraw = False
374.1846 	EXP 	Line2: autoDraw = False
374.1846 	EXP 	Line3: autoDraw = False
374.1846 	EXP 	Line4: autoDraw = False
374.1846 	EXP 	Probe: autoDraw = False
374.1846 	EXP 	Fixation: autoDraw = True
374.1873 	DATA 	Keypress: z
374.3119 	EXP 	Device response: <KeyPress from None: t=374.17696891597006, value=z, duration=0.13243406399851665>
375.1685 	EXP 	Line1: autoDraw = True
375.1685 	EXP 	Line2: autoDraw = True
375.1685 	EXP 	Line3: autoDraw = True
375.1685 	EXP 	Line4: autoDraw = True
375.1777 	EXP 	Fixation: autoDraw = False
376.1779 	INFO 	Keyboard events cleared
376.1777 	EXP 	Probe: autoDraw = True
376.7453 	EXP 	Device response: <KeyPress from None: t=376.7428250630037, value=c, duration=None>
376.7455 	EXP 	New trial (rep=14, index=59): <Trial 59 (59 in rep 14) data={'pos': np.int64(-150), 'corr_resp': 'z', 'thisN': 59, 'thisTrialN': 59, 'thisRepN': 14}>
376.7479 	DATA 	Keypress: c
376.7540 	EXP 	Fixation: autoDraw = False
376.7540 	EXP 	Line1: autoDraw = False
376.7540 	EXP 	Line2: autoDraw = False
376.7540 	EXP 	Line3: autoDraw = False
376.7540 	EXP 	Line4: autoDraw = False
376.7540 	EXP 	Probe: autoDraw = False
376.7540 	EXP 	Fixation: autoDraw = True
376.9451 	EXP 	Device response: <KeyPress from None: t=376.7428250630037, value=c, duration=0.19648609298747033>
377.7345 	EXP 	Line1: autoDraw = True
377.7345 	EXP 	Line2: autoDraw = True
377.7345 	EXP 	Line3: autoDraw = True
377.7345 	EXP 	Line4: autoDraw = True
377.7513 	EXP 	Fixation: autoDraw = False
378.7447 	INFO 	Keyboard events cleared
378.7445 	EXP 	Probe: autoDraw = True
379.2021 	EXP 	Device response: <KeyPress from None: t=379.20068700500997, value=z, duration=None>
379.2024 	EXP 	New trial (rep=15, index=60): <Trial 60 (60 in rep 15) data={'pos': np.int64(150), 'corr_resp': 'v', 'thisN': 60, 'thisTrialN': 60, 'thisRepN': 15}>
379.2108 	EXP 	Fixation: autoDraw = False
379.2108 	EXP 	Line1: autoDraw = False
379.2108 	EXP 	Line2: autoDraw = False
379.2108 	EXP 	Line3: autoDraw = False
379.2108 	EXP 	Line4: autoDraw = False
379.2108 	EXP 	Probe: autoDraw = False
379.2108 	EXP 	Fixation: autoDraw = True
379.2133 	DATA 	Keypress: z
379.3451 	EXP 	Device response: <KeyPress from None: t=379.20068700500997, value=z, duration=0.13641659199493006>
380.2013 	EXP 	Fixation: autoDraw = False
380.2013 	EXP 	Line1: autoDraw = True
380.2013 	EXP 	Line2: autoDraw = True
380.2013 	EXP 	Line3: autoDraw = True
380.2013 	EXP 	Line4: autoDraw = True
381.2020 	INFO 	Keyboard events cleared
381.2018 	EXP 	Probe: autoDraw = True
381.6615 	EXP 	Device response: <KeyPress from None: t=381.65255721699214, value=v, duration=None>
381.6618 	EXP 	New trial (rep=15, index=61): <Trial 61 (61 in rep 15) data={'pos': np.int64(-150), 'corr_resp': 'z', 'thisN': 61, 'thisTrialN': 61, 'thisRepN': 15}>
381.6642 	DATA 	Keypress: v
381.6697 	EXP 	Fixation: autoDraw = False
381.6697 	EXP 	Line1: autoDraw = False
381.6697 	EXP 	Line2: autoDraw = False
381.6697 	EXP 	Line3: autoDraw = False
381.6697 	EXP 	Line4: autoDraw = False
381.6697 	EXP 	Probe: autoDraw = False
381.6697 	EXP 	Fixation: autoDraw = True
381.8350 	EXP 	Device response: <KeyPress from None: t=381.65255721699214, value=v, duration=0.1761814570054412>
382.6522 	EXP 	Line1: autoDraw = True
382.6522 	EXP 	Line2: autoDraw = True
382.6522 	EXP 	Line3: autoDraw = True
382.6522 	EXP 	Line4: autoDraw = True
382.6612 	EXP 	Fixation: autoDraw = False
383.6519 	INFO 	Keyboard events cleared
383.6517 	EXP 	Probe: autoDraw = True
384.1455 	EXP 	Device response: <KeyPress from None: t=384.14444425102556, value=z, duration=None>
384.1458 	EXP 	New trial (rep=11, index=62): <Trial 62 (62 in rep 11) data={'pos': np.int64(-50), 'corr_resp': 'x', 'thisN': 62, 'thisTrialN': 62, 'thisRepN': 11}>
384.1523 	EXP 	Fixation: autoDraw = False
384.1523 	EXP 	Line1: autoDraw = False
384.1523 	EXP 	Line2: autoDraw = False
384.1523 	EXP 	Line3: autoDraw = False
384.1523 	EXP 	Line4: autoDraw = False
384.1523 	EXP 	Probe: autoDraw = False
384.1523 	EXP 	Fixation: autoDraw = True
384.1549 	DATA 	Keypress: z
384.2952 	EXP 	Device response: <KeyPress from None: t=384.14444425102556, value=z, duration=0.1483836259576492>
385.1444 	EXP 	Line1: autoDraw = True
385.1444 	EXP 	Line2: autoDraw = True
385.1444 	EXP 	Line3: autoDraw = True
385.1444 	EXP 	Line4: autoDraw = True
385.1512 	EXP 	Fixation: autoDraw = False
386.1445 	INFO 	Keyboard events cleared
386.1443 	EXP 	Probe: autoDraw = True
386.6454 	EXP 	Device response: <KeyPress from None: t=386.64335176796885, value=x, duration=None>
386.6456 	EXP 	New trial (rep=16, index=63): <Trial 63 (63 in rep 16) data={'pos': np.int64(150), 'corr_resp': 'v', 'thisN': 63, 'thisTrialN': 63, 'thisRepN': 16}>
386.6514 	EXP 	Fixation: autoDraw = False
386.6514 	EXP 	Line1: autoDraw = False
386.6514 	EXP 	Line2: autoDraw = False
386.6514 	EXP 	Line3: autoDraw = False
386.6514 	EXP 	Line4: autoDraw = False
386.6514 	EXP 	Probe: autoDraw = False
386.6514 	EXP 	Fixation: autoDraw = True
386.6541 	DATA 	Keypress: x
386.8184 	EXP 	Device response: <KeyPress from None: t=386.64335176796885, value=x, duration=0.1684382390230894>
387.6445 	EXP 	Line1: autoDraw = True
387.6445 	EXP 	Line2: autoDraw = True
387.6445 	EXP 	Line3: autoDraw = True
387.6445 	EXP 	Line4: autoDraw = True
387.6508 	EXP 	Fixation: autoDraw = False
388.6442 	INFO 	Keyboard events cleared
388.6440 	EXP 	Probe: autoDraw = True
389.4781 	EXP 	Device response: <KeyPress from None: t=389.4714190409868, value=v, duration=None>
389.4784 	EXP 	New trial (rep=19, index=64): <Trial 64 (64 in rep 19) data={'pos': np.int64(50), 'corr_resp': 'c', 'thisN': 64, 'thisTrialN': 64, 'thisRepN': 19}>
389.4807 	DATA 	Keypress: v
389.4868 	EXP 	Fixation: autoDraw = False
389.4868 	EXP 	Line1: autoDraw = False
389.4868 	EXP 	Line2: autoDraw = False
389.4868 	EXP 	Line3: autoDraw = False
389.4868 	EXP 	Line4: autoDraw = False
389.4868 	EXP 	Probe: autoDraw = False
389.4868 	EXP 	Fixation: autoDraw = True
389.6448 	EXP 	Device response: <KeyPress from None: t=389.4714190409868, value=v, duration=0.16812766902148724>
390.4679 	EXP 	Line1: autoDraw = True
390.4679 	EXP 	Line2: autoDraw = True
390.4679 	EXP 	Line3: autoDraw = True
390.4679 	EXP 	Line4: autoDraw = True
390.4838 	EXP 	Fixation: autoDraw = False
391.4684 	INFO 	Keyboard events cleared
391.4682 	EXP 	Probe: autoDraw = True
391.9618 	EXP 	Device response: <KeyPress from None: t=391.9591556399828, value=c, duration=None>
391.9621 	EXP 	New trial (rep=17, index=65): <Trial 65 (65 in rep 17) data={'pos': np.int64(150), 'corr_resp': 'v', 'thisN': 65, 'thisTrialN': 65, 'thisRepN': 17}>
391.9644 	DATA 	Keypress: c
391.9700 	EXP 	Fixation: autoDraw = False
391.9700 	EXP 	Line1: autoDraw = False
391.9700 	EXP 	Line2: autoDraw = False
391.9700 	EXP 	Line3: autoDraw = False
391.9700 	EXP 	Line4: autoDraw = False
391.9700 	EXP 	Probe: autoDraw = False
391.9700 	EXP 	Fixation: autoDraw = True
392.2018 	EXP 	Device response: <KeyPress from None: t=391.9591556399828, value=c, duration=0.2363394899875857>
392.9513 	EXP 	Line1: autoDraw = True
392.9513 	EXP 	Line2: autoDraw = True
392.9513 	EXP 	Line3: autoDraw = True
392.9513 	EXP 	Line4: autoDraw = True
392.9671 	EXP 	Fixation: autoDraw = False
393.9515 	INFO 	Keyboard events cleared
393.9512 	EXP 	Probe: autoDraw = True
394.5451 	EXP 	Device response: <KeyPress from None: t=394.5430652939831, value=v, duration=None>
394.5454 	EXP 	New trial (rep=12, index=66): <Trial 66 (66 in rep 12) data={'pos': np.int64(-50), 'corr_resp': 'x', 'thisN': 66, 'thisTrialN': 66, 'thisRepN': 12}>
394.5511 	EXP 	Fixation: autoDraw = False
394.5511 	EXP 	Line1: autoDraw = False
394.5511 	EXP 	Line2: autoDraw = False
394.5511 	EXP 	Line3: autoDraw = False
394.5511 	EXP 	Line4: autoDraw = False
394.5511 	EXP 	Probe: autoDraw = False
394.5511 	EXP 	Fixation: autoDraw = True
394.5540 	DATA 	Keypress: v
394.7448 	EXP 	Device response: <KeyPress from None: t=394.5430652939831, value=v, duration=0.1965015500318259>
395.5346 	EXP 	Line1: autoDraw = True
395.5346 	EXP 	Line2: autoDraw = True
395.5346 	EXP 	Line3: autoDraw = True
395.5346 	EXP 	Line4: autoDraw = True
395.5442 	EXP 	Fixation: autoDraw = False
396.5347 	INFO 	Keyboard events cleared
396.5345 	EXP 	Probe: autoDraw = True
397.3184 	EXP 	Device response: <KeyPress from None: t=397.3158891290077, value=x, duration=None>
397.3187 	EXP 	New trial (rep=18, index=67): <Trial 67 (67 in rep 18) data={'pos': np.int64(150), 'corr_resp': 'v', 'thisN': 67, 'thisTrialN': 67, 'thisRepN': 18}>
397.3273 	EXP 	Fixation: autoDraw = False
397.3273 	EXP 	Line1: autoDraw = False
397.3273 	EXP 	Line2: autoDraw = False
397.3273 	EXP 	Line3: autoDraw = False
397.3273 	EXP 	Line4: autoDraw = False
397.3273 	EXP 	Probe: autoDraw = False
397.3273 	EXP 	Fixation: autoDraw = True
397.3297 	DATA 	Keypress: x
397.4782 	EXP 	Device response: <KeyPress from None: t=397.3158891290077, value=x, duration=0.15637911896919832>
398.3171 	EXP 	Fixation: autoDraw = False
398.3171 	EXP 	Line1: autoDraw = True
398.3171 	EXP 	Line2: autoDraw = True
398.3171 	EXP 	Line3: autoDraw = True
398.3171 	EXP 	Line4: autoDraw = True
399.3188 	INFO 	Keyboard events cleared
399.3185 	EXP 	Probe: autoDraw = True
399.6855 	EXP 	Device response: <KeyPress from None: t=399.6787775839912, value=v, duration=None>
399.6858 	EXP 	New trial (rep=13, index=68): <Trial 68 (68 in rep 13) data={'pos': np.int64(-50), 'corr_resp': 'x', 'thisN': 68, 'thisTrialN': 68, 'thisRepN': 13}>
399.6882 	DATA 	Keypress: v
399.6941 	EXP 	Fixation: autoDraw = False
399.6941 	EXP 	Line1: autoDraw = False
399.6941 	EXP 	Line2: autoDraw = False
399.6941 	EXP 	Line3: autoDraw = False
399.6941 	EXP 	Line4: autoDraw = False
399.6941 	EXP 	Probe: autoDraw = False
399.6941 	EXP 	Fixation: autoDraw = True
399.8445 	EXP 	Device response: <KeyPress from None: t=399.6787775839912, value=v, duration=0.1564195780083537>
400.6844 	EXP 	Fixation: autoDraw = False
400.6844 	EXP 	Line1: autoDraw = True
400.6844 	EXP 	Line2: autoDraw = True
400.6844 	EXP 	Line3: autoDraw = True
400.6844 	EXP 	Line4: autoDraw = True
401.6850 	INFO 	Keyboard events cleared
401.6848 	EXP 	Probe: autoDraw = True
402.0949 	EXP 	Device response: <KeyPress from None: t=402.0926729029743, value=x, duration=None>
402.0952 	EXP 	New trial (rep=19, index=69): <Trial 69 (69 in rep 19) data={'pos': np.int64(150), 'corr_resp': 'v', 'thisN': 69, 'thisTrialN': 69, 'thisRepN': 19}>
402.0976 	DATA 	Keypress: x
402.1037 	EXP 	Fixation: autoDraw = False
402.1037 	EXP 	Line1: autoDraw = False
402.1037 	EXP 	Line2: autoDraw = False
402.1037 	EXP 	Line3: autoDraw = False
402.1037 	EXP 	Line4: autoDraw = False
402.1037 	EXP 	Probe: autoDraw = False
402.1037 	EXP 	Fixation: autoDraw = True
402.2449 	EXP 	Device response: <KeyPress from None: t=402.0926729029743, value=x, duration=0.14856358099495992>
403.0840 	EXP 	Line1: autoDraw = True
403.0840 	EXP 	Line2: autoDraw = True
403.0840 	EXP 	Line3: autoDraw = True
403.0840 	EXP 	Line4: autoDraw = True
403.1004 	EXP 	Fixation: autoDraw = False
404.0853 	INFO 	Keyboard events cleared
404.0851 	EXP 	Probe: autoDraw = True
404.3851 	EXP 	Device response: <KeyPress from None: t=404.37763138097944, value=v, duration=None>
404.3854 	EXP 	New trial (rep=14, index=70): <Trial 70 (70 in rep 14) data={'pos': np.int64(-50), 'corr_resp': 'x', 'thisN': 70, 'thisTrialN': 70, 'thisRepN': 14}>
404.3877 	DATA 	Keypress: v
404.3936 	EXP 	Fixation: autoDraw = False
404.3936 	EXP 	Line1: autoDraw = False
404.3936 	EXP 	Line2: autoDraw = False
404.3936 	EXP 	Line3: autoDraw = False
404.3936 	EXP 	Line4: autoDraw = False
404.3936 	EXP 	Probe: autoDraw = False
404.3936 	EXP 	Fixation: autoDraw = True
404.5613 	EXP 	Device response: <KeyPress from None: t=404.37763138097944, value=v, duration=0.17634154204279184>
405.3843 	EXP 	Fixation: autoDraw = False
405.3843 	EXP 	Line1: autoDraw = True
405.3843 	EXP 	Line2: autoDraw = True
405.3843 	EXP 	Line3: autoDraw = True
405.3843 	EXP 	Line4: autoDraw = True
406.3852 	INFO 	Keyboard events cleared
406.3850 	EXP 	Probe: autoDraw = True
406.9450 	EXP 	Device response: <KeyPress from None: t=406.9415430590161, value=x, duration=None>
406.9453 	EXP 	New trial (rep=15, index=71): <Trial 71 (71 in rep 15) data={'pos': np.int64(-50), 'corr_resp': 'x', 'thisN': 71, 'thisTrialN': 71, 'thisRepN': 15}>
406.9479 	DATA 	Keypress: x
406.9534 	EXP 	Fixation: autoDraw = False
406.9534 	EXP 	Line1: autoDraw = False
406.9534 	EXP 	Line2: autoDraw = False
406.9534 	EXP 	Line3: autoDraw = False
406.9534 	EXP 	Line4: autoDraw = False
406.9534 	EXP 	Probe: autoDraw = False
406.9534 	EXP 	Fixation: autoDraw = True
407.1445 	EXP 	Device response: <KeyPress from None: t=406.9415430590161, value=x, duration=0.19617287296568975>
407.9442 	EXP 	Line1: autoDraw = True
407.9442 	EXP 	Line2: autoDraw = True
407.9442 	EXP 	Line3: autoDraw = True
407.9442 	EXP 	Line4: autoDraw = True
407.9510 	EXP 	Fixation: autoDraw = False
408.9442 	INFO 	Keyboard events cleared
408.9440 	EXP 	Probe: autoDraw = True
409.3950 	EXP 	Device response: <KeyPress from None: t=409.3934009540244, value=x, duration=None>
409.3953 	EXP 	New trial (rep=16, index=72): <Trial 72 (72 in rep 16) data={'pos': np.int64(-50), 'corr_resp': 'x', 'thisN': 72, 'thisTrialN': 72, 'thisRepN': 16}>
409.4012 	EXP 	Fixation: autoDraw = False
409.4012 	EXP 	Line1: autoDraw = False
409.4012 	EXP 	Line2: autoDraw = False
409.4012 	EXP 	Line3: autoDraw = False
409.4012 	EXP 	Line4: autoDraw = False
409.4012 	EXP 	Probe: autoDraw = False
409.4012 	EXP 	Fixation: autoDraw = True
409.4045 	DATA 	Keypress: x
409.5509 	EXP 	Device response: <KeyPress from None: t=409.3934009540244, value=x, duration=0.1522855389630422>
410.3940 	EXP 	Line1: autoDraw = True
410.3940 	EXP 	Line2: autoDraw = True
410.3940 	EXP 	Line3: autoDraw = True
410.3940 	EXP 	Line4: autoDraw = True
410.4003 	EXP 	Fixation: autoDraw = False
411.3942 	INFO 	Keyboard events cleared
411.3941 	EXP 	Probe: autoDraw = True
411.7282 	EXP 	Device response: <KeyPress from None: t=411.72430678101955, value=x, duration=None>
411.7285 	EXP 	New trial (rep=17, index=73): <Trial 73 (73 in rep 17) data={'pos': np.int64(-50), 'corr_resp': 'x', 'thisN': 73, 'thisTrialN': 73, 'thisRepN': 17}>
411.7308 	DATA 	Keypress: x
411.7362 	EXP 	Fixation: autoDraw = False
411.7362 	EXP 	Line1: autoDraw = False
411.7362 	EXP 	Line2: autoDraw = False
411.7362 	EXP 	Line3: autoDraw = False
411.7362 	EXP 	Line4: autoDraw = False
411.7362 	EXP 	Probe: autoDraw = False
411.7362 	EXP 	Fixation: autoDraw = True
411.8843 	EXP 	Device response: <KeyPress from None: t=411.72430678101955, value=x, duration=0.15639451600145549>
412.7177 	EXP 	Line1: autoDraw = True
412.7177 	EXP 	Line2: autoDraw = True
412.7177 	EXP 	Line3: autoDraw = True
412.7177 	EXP 	Line4: autoDraw = True
412.7337 	EXP 	Fixation: autoDraw = False
413.7277 	INFO 	Keyboard events cleared
413.7275 	EXP 	Probe: autoDraw = True
414.1016 	EXP 	Device response: <KeyPress from None: t=414.0971793389763, value=x, duration=None>
414.1019 	EXP 	New trial (rep=20, index=74): <Trial 74 (74 in rep 20) data={'pos': np.int64(150), 'corr_resp': 'v', 'thisN': 74, 'thisTrialN': 74, 'thisRepN': 20}>
414.1043 	DATA 	Keypress: x
414.1101 	EXP 	Fixation: autoDraw = False
414.1101 	EXP 	Line1: autoDraw = False
414.1101 	EXP 	Line2: autoDraw = False
414.1101 	EXP 	Line3: autoDraw = False
414.1101 	EXP 	Line4: autoDraw = False
414.1101 	EXP 	Probe: autoDraw = False
414.1101 	EXP 	Fixation: autoDraw = True
414.2280 	EXP 	Device response: <KeyPress from None: t=414.0971793389763, value=x, duration=0.12840500101447105>
415.1008 	EXP 	Fixation: autoDraw = False
415.1008 	EXP 	Line1: autoDraw = True
415.1008 	EXP 	Line2: autoDraw = True
415.1008 	EXP 	Line3: autoDraw = True
415.1008 	EXP 	Line4: autoDraw = True
416.1016 	INFO 	Keyboard events cleared
416.1013 	EXP 	Probe: autoDraw = True
416.4614 	EXP 	Device response: <KeyPress from None: t=416.4580745039857, value=v, duration=None>
416.4617 	EXP 	New trial (rep=21, index=75): <Trial 75 (75 in rep 21) data={'pos': np.int64(150), 'corr_resp': 'v', 'thisN': 75, 'thisTrialN': 75, 'thisRepN': 21}>
416.4640 	DATA 	Keypress: v
416.4695 	EXP 	Fixation: autoDraw = False
416.4695 	EXP 	Line1: autoDraw = False
416.4695 	EXP 	Line2: autoDraw = False
416.4695 	EXP 	Line3: autoDraw = False
416.4695 	EXP 	Line4: autoDraw = False
416.4695 	EXP 	Probe: autoDraw = False
416.4695 	EXP 	Fixation: autoDraw = True
416.6444 	EXP 	Device response: <KeyPress from None: t=416.4580745039857, value=v, duration=0.17634051101049408>
417.4511 	EXP 	Line1: autoDraw = True
417.4511 	EXP 	Line2: autoDraw = True
417.4511 	EXP 	Line3: autoDraw = True
417.4511 	EXP 	Line4: autoDraw = True
417.4667 	EXP 	Fixation: autoDraw = False
418.4512 	INFO 	Keyboard events cleared
418.4510 	EXP 	Probe: autoDraw = True
418.8282 	EXP 	Device response: <KeyPress from None: t=418.82698645000346, value=v, duration=None>
418.8285 	EXP 	New trial (rep=16, index=76): <Trial 76 (76 in rep 16) data={'pos': np.int64(-150), 'corr_resp': 'z', 'thisN': 76, 'thisTrialN': 76, 'thisRepN': 16}>
418.8343 	EXP 	Fixation: autoDraw = False
418.8343 	EXP 	Line1: autoDraw = False
418.8343 	EXP 	Line2: autoDraw = False
418.8343 	EXP 	Line3: autoDraw = False
418.8343 	EXP 	Line4: autoDraw = False
418.8343 	EXP 	Probe: autoDraw = False
418.8343 	EXP 	Fixation: autoDraw = True
418.8370 	DATA 	Keypress: v
418.9947 	EXP 	Device response: <KeyPress from None: t=418.82698645000346, value=v, duration=0.16419437801232561>
419.8273 	EXP 	Fixation: autoDraw = False
419.8273 	EXP 	Line1: autoDraw = True
419.8273 	EXP 	Line2: autoDraw = True
419.8273 	EXP 	Line3: autoDraw = True
419.8273 	EXP 	Line4: autoDraw = True
420.8274 	INFO 	Keyboard events cleared
420.8273 	EXP 	Probe: autoDraw = True
421.2852 	EXP 	Device response: <KeyPress from None: t=421.28287948697107, value=z, duration=None>
421.2855 	EXP 	New trial (rep=20, index=77): <Trial 77 (77 in rep 20) data={'pos': np.int64(50), 'corr_resp': 'c', 'thisN': 77, 'thisTrialN': 77, 'thisRepN': 20}>
421.2936 	EXP 	Fixation: autoDraw = False
421.2936 	EXP 	Line1: autoDraw = False
421.2936 	EXP 	Line2: autoDraw = False
421.2936 	EXP 	Line3: autoDraw = False
421.2936 	EXP 	Line4: autoDraw = False
421.2936 	EXP 	Probe: autoDraw = False
421.2936 	EXP 	Fixation: autoDraw = True
421.2963 	DATA 	Keypress: z
421.4778 	EXP 	Device response: <KeyPress from None: t=421.28287948697107, value=z, duration=0.18421047105221078>
422.2841 	EXP 	Fixation: autoDraw = False
422.2841 	EXP 	Line1: autoDraw = True
422.2841 	EXP 	Line2: autoDraw = True
422.2841 	EXP 	Line3: autoDraw = True
422.2841 	EXP 	Line4: autoDraw = True
423.2846 	INFO 	Keyboard events cleared
423.2844 	EXP 	Probe: autoDraw = True
424.3111 	EXP 	Device response: <KeyPress from None: t=424.30591482197633, value=c, duration=None>
424.3114 	EXP 	New trial (rep=21, index=78): <Trial 78 (78 in rep 21) data={'pos': np.int64(50), 'corr_resp': 'c', 'thisN': 78, 'thisTrialN': 78, 'thisRepN': 21}>
424.3138 	DATA 	Keypress: c
424.3193 	EXP 	Fixation: autoDraw = False
424.3193 	EXP 	Line1: autoDraw = False
424.3193 	EXP 	Line2: autoDraw = False
424.3193 	EXP 	Line3: autoDraw = False
424.3193 	EXP 	Line4: autoDraw = False
424.3193 	EXP 	Probe: autoDraw = False
424.3193 	EXP 	Fixation: autoDraw = True
424.5176 	EXP 	Device response: <KeyPress from None: t=424.30591482197633, value=c, duration=0.20830221299547702>
425.3008 	EXP 	Line1: autoDraw = True
425.3008 	EXP 	Line2: autoDraw = True
425.3008 	EXP 	Line3: autoDraw = True
425.3008 	EXP 	Line4: autoDraw = True
425.3166 	EXP 	Fixation: autoDraw = False
426.3009 	INFO 	Keyboard events cleared
426.3006 	EXP 	Probe: autoDraw = True
426.8610 	EXP 	Device response: <KeyPress from None: t=426.8506455299794, value=c, duration=None>
426.8613 	EXP 	New trial (rep=17, index=79): <Trial 79 (79 in rep 17) data={'pos': np.int64(-150), 'corr_resp': 'z', 'thisN': 79, 'thisTrialN': 79, 'thisRepN': 17}>
426.8637 	DATA 	Keypress: c
426.8691 	EXP 	Fixation: autoDraw = False
426.8691 	EXP 	Line1: autoDraw = False
426.8691 	EXP 	Line2: autoDraw = False
426.8691 	EXP 	Line3: autoDraw = False
426.8691 	EXP 	Line4: autoDraw = False
426.8691 	EXP 	Probe: autoDraw = False
426.8691 	EXP 	Fixation: autoDraw = True
427.0445 	EXP 	Device response: <KeyPress from None: t=426.8506455299794, value=c, duration=0.18871156201930717>
427.8508 	EXP 	Line1: autoDraw = True
427.8508 	EXP 	Line2: autoDraw = True
427.8508 	EXP 	Line3: autoDraw = True
427.8508 	EXP 	Line4: autoDraw = True
427.8672 	EXP 	Fixation: autoDraw = False
428.8509 	INFO 	Keyboard events cleared
428.8506 	EXP 	Probe: autoDraw = True
429.3525 	EXP 	Device response: <KeyPress from None: t=429.3455572879757, value=z, duration=None>
429.3528 	EXP 	New trial (rep=18, index=80): <Trial 80 (80 in rep 18) data={'pos': np.int64(-150), 'corr_resp': 'z', 'thisN': 80, 'thisTrialN': 80, 'thisRepN': 18}>
429.3552 	DATA 	Keypress: z
429.3611 	EXP 	Fixation: autoDraw = False
429.3611 	EXP 	Line1: autoDraw = False
429.3611 	EXP 	Line2: autoDraw = False
429.3611 	EXP 	Line3: autoDraw = False
429.3611 	EXP 	Line4: autoDraw = False
429.3611 	EXP 	Probe: autoDraw = False
429.3611 	EXP 	Fixation: autoDraw = True
429.5114 	EXP 	Device response: <KeyPress from None: t=429.3455572879757, value=z, duration=0.16435033699963242>
430.3507 	EXP 	Fixation: autoDraw = False
430.3507 	EXP 	Line1: autoDraw = True
430.3507 	EXP 	Line2: autoDraw = True
430.3507 	EXP 	Line3: autoDraw = True
430.3507 	EXP 	Line4: autoDraw = True
431.3509 	INFO 	Keyboard events cleared
431.3507 	EXP 	Probe: autoDraw = True
431.6781 	EXP 	Device response: <KeyPress from None: t=431.6765208580182, value=z, duration=None>
431.6784 	EXP 	New trial (rep=22, index=81): <Trial 81 (81 in rep 22) data={'pos': np.int64(150), 'corr_resp': 'v', 'thisN': 81, 'thisTrialN': 81, 'thisRepN': 22}>
431.6842 	EXP 	Fixation: autoDraw = False
431.6842 	EXP 	Line1: autoDraw = False
431.6842 	EXP 	Line2: autoDraw = False
431.6842 	EXP 	Line3: autoDraw = False
431.6842 	EXP 	Line4: autoDraw = False
431.6842 	EXP 	Probe: autoDraw = False
431.6842 	EXP 	Fixation: autoDraw = True
431.6869 	DATA 	Keypress: z
431.8341 	EXP 	Device response: <KeyPress from None: t=431.6765208580182, value=z, duration=0.1521091649774462>
432.6771 	EXP 	Line1: autoDraw = True
432.6771 	EXP 	Line2: autoDraw = True
432.6771 	EXP 	Line3: autoDraw = True
432.6771 	EXP 	Line4: autoDraw = True
432.6838 	EXP 	Fixation: autoDraw = False
433.6772 	INFO 	Keyboard events cleared
433.6770 	EXP 	Probe: autoDraw = True
434.0946 	EXP 	Device response: <KeyPress from None: t=434.09138361900114, value=v, duration=None>
434.0949 	EXP 	New trial (rep=18, index=82): <Trial 82 (82 in rep 18) data={'pos': np.int64(-50), 'corr_resp': 'x', 'thisN': 82, 'thisTrialN': 82, 'thisRepN': 18}>
434.0972 	DATA 	Keypress: v
434.1027 	EXP 	Fixation: autoDraw = False
434.1027 	EXP 	Line1: autoDraw = False
434.1027 	EXP 	Line2: autoDraw = False
434.1027 	EXP 	Line3: autoDraw = False
434.1027 	EXP 	Line4: autoDraw = False
434.1027 	EXP 	Probe: autoDraw = False
434.1027 	EXP 	Fixation: autoDraw = True
434.2775 	EXP 	Device response: <KeyPress from None: t=434.09138361900114, value=v, duration=0.17620260501280427>
435.0936 	EXP 	Line1: autoDraw = True
435.0936 	EXP 	Line2: autoDraw = True
435.0936 	EXP 	Line3: autoDraw = True
435.0936 	EXP 	Line4: autoDraw = True
435.1000 	EXP 	Fixation: autoDraw = False
436.0939 	INFO 	Keyboard events cleared
436.0937 	EXP 	Probe: autoDraw = True
436.9113 	EXP 	Device response: <KeyPress from None: t=436.9082886049873, value=x, duration=None>
436.9116 	EXP 	New trial (rep=23, index=83): <Trial 83 (83 in rep 23) data={'pos': np.int64(150), 'corr_resp': 'v', 'thisN': 83, 'thisTrialN': 83, 'thisRepN': 23}>
436.9139 	DATA 	Keypress: x
436.9201 	EXP 	Fixation: autoDraw = False
436.9201 	EXP 	Line1: autoDraw = False
436.9201 	EXP 	Line2: autoDraw = False
436.9201 	EXP 	Line3: autoDraw = False
436.9201 	EXP 	Line4: autoDraw = False
436.9201 	EXP 	Probe: autoDraw = False
436.9201 	EXP 	Fixation: autoDraw = True
437.0606 	EXP 	Device response: <KeyPress from None: t=436.9082886049873, value=x, duration=0.14808915101457387>
437.9103 	EXP 	Line1: autoDraw = True
437.9103 	EXP 	Line2: autoDraw = True
437.9103 	EXP 	Line3: autoDraw = True
437.9103 	EXP 	Line4: autoDraw = True
437.9166 	EXP 	Fixation: autoDraw = False
438.9106 	INFO 	Keyboard events cleared
438.9104 	EXP 	Probe: autoDraw = True
439.4447 	EXP 	Device response: <KeyPress from None: t=439.440095242986, value=v, duration=None>
439.4450 	EXP 	New trial (rep=22, index=84): <Trial 84 (84 in rep 22) data={'pos': np.int64(50), 'corr_resp': 'c', 'thisN': 84, 'thisTrialN': 84, 'thisRepN': 22}>
439.4473 	DATA 	Keypress: v
439.4530 	EXP 	Fixation: autoDraw = False
439.4530 	EXP 	Line1: autoDraw = False
439.4530 	EXP 	Line2: autoDraw = False
439.4530 	EXP 	Line3: autoDraw = False
439.4530 	EXP 	Line4: autoDraw = False
439.4530 	EXP 	Probe: autoDraw = False
439.4530 	EXP 	Fixation: autoDraw = True
439.6111 	EXP 	Device response: <KeyPress from None: t=439.440095242986, value=v, duration=0.16822118498384953>
440.4436 	EXP 	Line1: autoDraw = True
440.4436 	EXP 	Line2: autoDraw = True
440.4436 	EXP 	Line3: autoDraw = True
440.4436 	EXP 	Line4: autoDraw = True
440.4504 	EXP 	Fixation: autoDraw = False
441.4439 	INFO 	Keyboard events cleared
441.4437 	EXP 	Probe: autoDraw = True
441.8613 	EXP 	Device response: <KeyPress from None: t=441.86001246399246, value=x, duration=None>
441.8616 	EXP 	New trial (rep=19, index=85): <Trial 85 (85 in rep 19) data={'pos': np.int64(-50), 'corr_resp': 'x', 'thisN': 85, 'thisTrialN': 85, 'thisRepN': 19}>
441.8674 	EXP 	Fixation: autoDraw = False
441.8674 	EXP 	Line1: autoDraw = False
441.8674 	EXP 	Line2: autoDraw = False
441.8674 	EXP 	Line3: autoDraw = False
441.8674 	EXP 	Line4: autoDraw = False
441.8674 	EXP 	Probe: autoDraw = False
441.8674 	EXP 	Fixation: autoDraw = True
441.8700 	DATA 	Keypress: x
442.0446 	EXP 	Device response: <KeyPress from None: t=441.86001246399246, value=x, duration=0.18026289000408724>
442.8510 	EXP 	Line1: autoDraw = True
442.8510 	EXP 	Line2: autoDraw = True
442.8510 	EXP 	Line3: autoDraw = True
442.8510 	EXP 	Line4: autoDraw = True
442.8603 	EXP 	Fixation: autoDraw = False
443.8606 	INFO 	Keyboard events cleared
443.8604 	EXP 	Probe: autoDraw = True
444.1779 	EXP 	Device response: <KeyPress from None: t=444.1729370499961, value=x, duration=None>
444.1782 	EXP 	New trial (rep=20, index=86): <Trial 86 (86 in rep 20) data={'pos': np.int64(-50), 'corr_resp': 'x', 'thisN': 86, 'thisTrialN': 86, 'thisRepN': 20}>
444.1805 	DATA 	Keypress: x
444.1861 	EXP 	Fixation: autoDraw = False
444.1861 	EXP 	Line1: autoDraw = False
444.1861 	EXP 	Line2: autoDraw = False
444.1861 	EXP 	Line3: autoDraw = False
444.1861 	EXP 	Line4: autoDraw = False
444.1861 	EXP 	Probe: autoDraw = False
444.1861 	EXP 	Fixation: autoDraw = True
444.3345 	EXP 	Device response: <KeyPress from None: t=444.1729370499961, value=x, duration=0.16012903302907944>
445.1682 	EXP 	Line1: autoDraw = True
445.1682 	EXP 	Line2: autoDraw = True
445.1682 	EXP 	Line3: autoDraw = True
445.1682 	EXP 	Line4: autoDraw = True
445.1835 	EXP 	Fixation: autoDraw = False
446.1682 	INFO 	Keyboard events cleared
446.1680 	EXP 	Probe: autoDraw = True
446.7446 	EXP 	Device response: <KeyPress from None: t=446.7427291509812, value=x, duration=None>
446.7449 	EXP 	New trial (rep=24, index=87): <Trial 87 (87 in rep 24) data={'pos': np.int64(150), 'corr_resp': 'v', 'thisN': 87, 'thisTrialN': 87, 'thisRepN': 24}>
446.7509 	EXP 	Fixation: autoDraw = False
446.7509 	EXP 	Line1: autoDraw = False
446.7509 	EXP 	Line2: autoDraw = False
446.7509 	EXP 	Line3: autoDraw = False
446.7509 	EXP 	Line4: autoDraw = False
446.7509 	EXP 	Probe: autoDraw = False
446.7509 	EXP 	Fixation: autoDraw = True
446.7538 	DATA 	Keypress: x
446.8942 	EXP 	Device response: <KeyPress from None: t=446.7427291509812, value=x, duration=0.1443082659970969>
447.7437 	EXP 	Fixation: autoDraw = False
447.7437 	EXP 	Line1: autoDraw = True
447.7437 	EXP 	Line2: autoDraw = True
447.7437 	EXP 	Line3: autoDraw = True
447.7437 	EXP 	Line4: autoDraw = True
448.7438 	INFO 	Keyboard events cleared
448.7436 	EXP 	Probe: autoDraw = True
449.1944 	EXP 	Device response: <KeyPress from None: t=449.18562142999144, value=v, duration=None>
449.1948 	EXP 	New trial (rep=21, index=88): <Trial 88 (88 in rep 21) data={'pos': np.int64(-50), 'corr_resp': 'x', 'thisN': 88, 'thisTrialN': 88, 'thisRepN': 21}>
449.1972 	DATA 	Keypress: v
449.2034 	EXP 	Fixation: autoDraw = False
449.2034 	EXP 	Line1: autoDraw = False
449.2034 	EXP 	Line2: autoDraw = False
449.2034 	EXP 	Line3: autoDraw = False
449.2034 	EXP 	Line4: autoDraw = False
449.2034 	EXP 	Probe: autoDraw = False
449.2034 	EXP 	Fixation: autoDraw = True
449.3510 	EXP 	Device response: <KeyPress from None: t=449.18562142999144, value=v, duration=0.16042151802685112>
450.1842 	EXP 	Line1: autoDraw = True
450.1842 	EXP 	Line2: autoDraw = True
450.1842 	EXP 	Line3: autoDraw = True
450.1842 	EXP 	Line4: autoDraw = True
450.2000 	EXP 	Fixation: autoDraw = False
451.1844 	INFO 	Keyboard events cleared
451.1842 	EXP 	Probe: autoDraw = True
451.5446 	EXP 	Device response: <KeyPress from None: t=451.5415558620007, value=x, duration=None>
451.5448 	EXP 	New trial (rep=19, index=89): <Trial 89 (89 in rep 19) data={'pos': np.int64(-150), 'corr_resp': 'z', 'thisN': 89, 'thisTrialN': 89, 'thisRepN': 19}>
451.5472 	DATA 	Keypress: x
451.5529 	EXP 	Fixation: autoDraw = False
451.5529 	EXP 	Line1: autoDraw = False
451.5529 	EXP 	Line2: autoDraw = False
451.5529 	EXP 	Line3: autoDraw = False
451.5529 	EXP 	Line4: autoDraw = False
451.5529 	EXP 	Probe: autoDraw = False
451.5529 	EXP 	Fixation: autoDraw = True
451.7275 	EXP 	Device response: <KeyPress from None: t=451.5415558620007, value=x, duration=0.17984246602281928>
452.5436 	EXP 	Line1: autoDraw = True
452.5436 	EXP 	Line2: autoDraw = True
452.5436 	EXP 	Line3: autoDraw = True
452.5436 	EXP 	Line4: autoDraw = True
452.5501 	EXP 	Fixation: autoDraw = False
453.5437 	INFO 	Keyboard events cleared
453.5435 	EXP 	Probe: autoDraw = True
453.9277 	EXP 	Device response: <KeyPress from None: t=453.92554640298476, value=z, duration=None>
453.9280 	EXP 	New trial (rep=23, index=90): <Trial 90 (90 in rep 23) data={'pos': np.int64(50), 'corr_resp': 'c', 'thisN': 90, 'thisTrialN': 90, 'thisRepN': 23}>
453.9347 	EXP 	Fixation: autoDraw = False
453.9347 	EXP 	Line1: autoDraw = False
453.9347 	EXP 	Line2: autoDraw = False
453.9347 	EXP 	Line3: autoDraw = False
453.9347 	EXP 	Line4: autoDraw = False
453.9347 	EXP 	Probe: autoDraw = False
453.9347 	EXP 	Fixation: autoDraw = True
453.9373 	DATA 	Keypress: z
454.0941 	EXP 	Device response: <KeyPress from None: t=453.92554640298476, value=z, duration=0.1601549980114214>
454.9175 	EXP 	Line1: autoDraw = True
454.9175 	EXP 	Line2: autoDraw = True
454.9175 	EXP 	Line3: autoDraw = True
454.9175 	EXP 	Line4: autoDraw = True
454.9269 	EXP 	Fixation: autoDraw = False
455.9270 	INFO 	Keyboard events cleared
455.9268 	EXP 	Probe: autoDraw = True
456.4946 	EXP 	Device response: <KeyPress from None: t=456.49243689799914, value=c, duration=None>
456.4949 	EXP 	New trial (rep=22, index=91): <Trial 91 (91 in rep 22) data={'pos': np.int64(-50), 'corr_resp': 'x', 'thisN': 91, 'thisTrialN': 91, 'thisRepN': 22}>
456.5008 	EXP 	Fixation: autoDraw = False
456.5008 	EXP 	Line1: autoDraw = False
456.5008 	EXP 	Line2: autoDraw = False
456.5008 	EXP 	Line3: autoDraw = False
456.5008 	EXP 	Line4: autoDraw = False
456.5008 	EXP 	Probe: autoDraw = False
456.5008 	EXP 	Fixation: autoDraw = True
456.5035 	DATA 	Keypress: c
456.7012 	EXP 	Device response: <KeyPress from None: t=456.49243689799914, value=c, duration=0.20431904098950326>
457.4936 	EXP 	Fixation: autoDraw = False
457.4936 	EXP 	Line1: autoDraw = True
457.4936 	EXP 	Line2: autoDraw = True
457.4936 	EXP 	Line3: autoDraw = True
457.4936 	EXP 	Line4: autoDraw = True
458.4937 	INFO 	Keyboard events cleared
458.4935 	EXP 	Probe: autoDraw = True
458.9941 	EXP 	Device response: <KeyPress from None: t=458.9882506770082, value=x, duration=None>
458.9944 	EXP 	New trial (rep=20, index=92): <Trial 92 (92 in rep 20) data={'pos': np.int64(-150), 'corr_resp': 'z', 'thisN': 92, 'thisTrialN': 92, 'thisRepN': 20}>
458.9967 	DATA 	Keypress: x
459.0024 	EXP 	Fixation: autoDraw = False
459.0024 	EXP 	Line1: autoDraw = False
459.0024 	EXP 	Line2: autoDraw = False
459.0024 	EXP 	Line3: autoDraw = False
459.0024 	EXP 	Line4: autoDraw = False
459.0024 	EXP 	Probe: autoDraw = False
459.0024 	EXP 	Fixation: autoDraw = True
459.1506 	EXP 	Device response: <KeyPress from None: t=458.9882506770082, value=x, duration=0.16032929596258327>
459.9842 	EXP 	Line1: autoDraw = True
459.9842 	EXP 	Line2: autoDraw = True
459.9842 	EXP 	Line3: autoDraw = True
459.9842 	EXP 	Line4: autoDraw = True
459.9999 	EXP 	Fixation: autoDraw = False
460.9845 	INFO 	Keyboard events cleared
460.9843 	EXP 	Probe: autoDraw = True
461.4516 	EXP 	Device response: <KeyPress from None: t=461.44517600897234, value=z, duration=None>
461.4519 	EXP 	New trial (rep=23, index=93): <Trial 93 (93 in rep 23) data={'pos': np.int64(-50), 'corr_resp': 'x', 'thisN': 93, 'thisTrialN': 93, 'thisRepN': 23}>
461.4543 	DATA 	Keypress: z
461.4602 	EXP 	Fixation: autoDraw = False
461.4602 	EXP 	Line1: autoDraw = False
461.4602 	EXP 	Line2: autoDraw = False
461.4602 	EXP 	Line3: autoDraw = False
461.4602 	EXP 	Line4: autoDraw = False
461.4602 	EXP 	Probe: autoDraw = False
461.4602 	EXP 	Fixation: autoDraw = True
461.6107 	EXP 	Device response: <KeyPress from None: t=461.44517600897234, value=z, duration=0.15628617204492912>
462.4506 	EXP 	Fixation: autoDraw = False
462.4506 	EXP 	Line1: autoDraw = True
462.4506 	EXP 	Line2: autoDraw = True
462.4506 	EXP 	Line3: autoDraw = True
462.4506 	EXP 	Line4: autoDraw = True
463.4518 	INFO 	Keyboard events cleared
463.4515 	EXP 	Probe: autoDraw = True
464.0607 	EXP 	Device response: <KeyPress from None: t=464.0551656939788, value=x, duration=None>
464.0610 	EXP 	New trial (rep=21, index=94): <Trial 94 (94 in rep 21) data={'pos': np.int64(-150), 'corr_resp': 'z', 'thisN': 94, 'thisTrialN': 94, 'thisRepN': 21}>
464.0634 	DATA 	Keypress: x
464.0691 	EXP 	Fixation: autoDraw = False
464.0691 	EXP 	Line1: autoDraw = False
464.0691 	EXP 	Line2: autoDraw = False
464.0691 	EXP 	Line3: autoDraw = False
464.0691 	EXP 	Line4: autoDraw = False
464.0691 	EXP 	Probe: autoDraw = False
464.0691 	EXP 	Fixation: autoDraw = True
464.2278 	EXP 	Device response: <KeyPress from None: t=464.0551656939788, value=x, duration=0.16814143699593842>
465.0508 	EXP 	Line1: autoDraw = True
465.0508 	EXP 	Line2: autoDraw = True
465.0508 	EXP 	Line3: autoDraw = True
465.0508 	EXP 	Line4: autoDraw = True
465.0670 	EXP 	Fixation: autoDraw = False
466.0506 	INFO 	Keyboard events cleared
466.0503 	EXP 	Probe: autoDraw = True
466.5852 	EXP 	Device response: <KeyPress from None: t=466.57990880298894, value=z, duration=None>
466.5855 	EXP 	New trial (rep=22, index=95): <Trial 95 (95 in rep 22) data={'pos': np.int64(-150), 'corr_resp': 'z', 'thisN': 95, 'thisTrialN': 95, 'thisRepN': 22}>
466.5879 	DATA 	Keypress: z
466.5940 	EXP 	Fixation: autoDraw = False
466.5940 	EXP 	Line1: autoDraw = False
466.5940 	EXP 	Line2: autoDraw = False
466.5940 	EXP 	Line3: autoDraw = False
466.5940 	EXP 	Line4: autoDraw = False
466.5940 	EXP 	Probe: autoDraw = False
466.5940 	EXP 	Fixation: autoDraw = True
466.7335 	EXP 	Device response: <KeyPress from None: t=466.57990880298894, value=z, duration=0.15225710201775655>
467.5838 	EXP 	Fixation: autoDraw = False
467.5838 	EXP 	Line1: autoDraw = True
467.5838 	EXP 	Line2: autoDraw = True
467.5838 	EXP 	Line3: autoDraw = True
467.5838 	EXP 	Line4: autoDraw = True
468.5845 	INFO 	Keyboard events cleared
468.5842 	EXP 	Probe: autoDraw = True
469.0273 	EXP 	Device response: <KeyPress from None: t=469.0177919190028, value=z, duration=None>
469.0276 	EXP 	New trial (rep=24, index=96): <Trial 96 (96 in rep 24) data={'pos': np.int64(-50), 'corr_resp': 'x', 'thisN': 96, 'thisTrialN': 96, 'thisRepN': 24}>
469.0299 	DATA 	Keypress: z
469.0355 	EXP 	Fixation: autoDraw = False
469.0355 	EXP 	Line1: autoDraw = False
469.0355 	EXP 	Line2: autoDraw = False
469.0355 	EXP 	Line3: autoDraw = False
469.0355 	EXP 	Line4: autoDraw = False
469.0355 	EXP 	Probe: autoDraw = False
469.0355 	EXP 	Fixation: autoDraw = True
469.1508 	EXP 	Device response: <KeyPress from None: t=469.0177919190028, value=z, duration=0.12842541502323002>
470.0174 	EXP 	Line1: autoDraw = True
470.0174 	EXP 	Line2: autoDraw = True
470.0174 	EXP 	Line3: autoDraw = True
470.0174 	EXP 	Line4: autoDraw = True
470.0336 	EXP 	Fixation: autoDraw = False
471.0180 	INFO 	Keyboard events cleared
471.0178 	EXP 	Probe: autoDraw = True
471.4352 	EXP 	Device response: <KeyPress from None: t=471.42874030797975, value=x, duration=None>
471.4355 	EXP 	New trial (rep=23, index=97): <Trial 97 (97 in rep 23) data={'pos': np.int64(-150), 'corr_resp': 'z', 'thisN': 97, 'thisTrialN': 97, 'thisRepN': 23}>
471.4379 	DATA 	Keypress: x
471.4441 	EXP 	Fixation: autoDraw = False
471.4441 	EXP 	Line1: autoDraw = False
471.4441 	EXP 	Line2: autoDraw = False
471.4441 	EXP 	Line3: autoDraw = False
471.4441 	EXP 	Line4: autoDraw = False
471.4441 	EXP 	Probe: autoDraw = False
471.4441 	EXP 	Fixation: autoDraw = True
471.5944 	EXP 	Device response: <KeyPress from None: t=471.42874030797975, value=x, duration=0.1641778750345111>
472.4333 	EXP 	Fixation: autoDraw = False
472.4333 	EXP 	Line1: autoDraw = True
472.4333 	EXP 	Line2: autoDraw = True
472.4333 	EXP 	Line3: autoDraw = True
472.4333 	EXP 	Line4: autoDraw = True
473.4344 	INFO 	Keyboard events cleared
473.4341 	EXP 	Probe: autoDraw = True
473.9774 	EXP 	Device response: <KeyPress from None: t=473.96858671400696, value=z, duration=None>
473.9777 	EXP 	New trial (rep=24, index=98): <Trial 98 (98 in rep 24) data={'pos': np.int64(50), 'corr_resp': 'c', 'thisN': 98, 'thisTrialN': 98, 'thisRepN': 24}>
473.9801 	DATA 	Keypress: z
473.9857 	EXP 	Fixation: autoDraw = False
473.9857 	EXP 	Line1: autoDraw = False
473.9857 	EXP 	Line2: autoDraw = False
473.9857 	EXP 	Line3: autoDraw = False
473.9857 	EXP 	Line4: autoDraw = False
473.9857 	EXP 	Probe: autoDraw = False
473.9857 	EXP 	Fixation: autoDraw = True
474.1172 	EXP 	Device response: <KeyPress from None: t=473.96858671400696, value=z, duration=0.1442599580041133>
474.9671 	EXP 	Line1: autoDraw = True
474.9671 	EXP 	Line2: autoDraw = True
474.9671 	EXP 	Line3: autoDraw = True
474.9671 	EXP 	Line4: autoDraw = True
474.9831 	EXP 	Fixation: autoDraw = False
475.9679 	INFO 	Keyboard events cleared
475.9677 	EXP 	Probe: autoDraw = True
476.5344 	EXP 	Device response: <KeyPress from None: t=476.5324771819869, value=c, duration=None>
476.5347 	EXP 	New trial (rep=24, index=99): <Trial 99 (99 in rep 24) data={'pos': np.int64(-150), 'corr_resp': 'z', 'thisN': 99, 'thisTrialN': 99, 'thisRepN': 24}>
476.5432 	EXP 	Fixation: autoDraw = False
476.5432 	EXP 	Line1: autoDraw = False
476.5432 	EXP 	Line2: autoDraw = False
476.5432 	EXP 	Line3: autoDraw = False
476.5432 	EXP 	Line4: autoDraw = False
476.5432 	EXP 	Probe: autoDraw = False
476.5432 	EXP 	Fixation: autoDraw = True
476.5464 	DATA 	Keypress: c
476.7505 	EXP 	Device response: <KeyPress from None: t=476.5324771819869, value=c, duration=0.2163131859852001>
477.5336 	EXP 	Fixation: autoDraw = False
477.5336 	EXP 	Line1: autoDraw = True
477.5336 	EXP 	Line2: autoDraw = True
477.5336 	EXP 	Line3: autoDraw = True
477.5336 	EXP 	Line4: autoDraw = True
478.5340 	INFO 	Keyboard events cleared
478.5338 	EXP 	Probe: autoDraw = True
478.9942 	EXP 	Device response: <KeyPress from None: t=478.9924151599989, value=z, duration=None>
479.0001 	EXP 	Fixation: autoDraw = False
479.0001 	EXP 	Line1: autoDraw = False
479.0001 	EXP 	Line2: autoDraw = False
479.0001 	EXP 	Line3: autoDraw = False
479.0001 	EXP 	Line4: autoDraw = False
479.0001 	EXP 	Probe: autoDraw = False
479.0002 	EXP 	Motor Sequence Learning: status = STOPPED
479.0734 	INFO 	saved data to '/Users/ayk-j/Desktop/Motor sequence/data/03_Motor Sequence Learning_2025-10-02_17h39.23.564.csv'
479.0774 	INFO 	saved data to /Users/ayk-j/Desktop/Motor sequence/data/03_Motor Sequence Learning_2025-10-02_17h39.23.564.psydat
479.0794 	DATA 	Keypress: z
479.9888 	WARNING 	Stopping key buffers but this could be dangerous ifother keyboards rely on the same.
479.9890 	WARNING 	Stopping key buffers but this could be dangerous ifother keyboards rely on the same.
479.9890 	WARNING 	Stopping key buffers but this could be dangerous ifother keyboards rely on the same.
