29.6381 	WARNING 	Font Manager failed to load file /System/Library/PrivateFrameworks/FontServices.framework/Resources/Reserved/PingFangUI.ttc
29.8488 	WARNING 	Font Manager failed to load file /System/Library/PrivateFrameworks/FontServices.framework/Resources/Reserved/PingFangUI.ttc
34.0585 	INFO 	Loaded monitor calibration from ['2025_08_12 09:40']
34.0719 	WARNING 	User requested fullscreen with size [1024  768], but screen is actually [1440, 900]. Using actual size
34.3504 	INFO 	Using renderer 'Intel(R) Iris(TM) Plus Graphics 655' for graphics
34.3504 	INFO 	OpenGL version supported by driver is 2..
34.3708 	EXP 	Created window1 = Window(allowGUI=False, allowStencil=False, autoLog=True, backendConf=UNKNOWN, backgroundFit=<method-wrapper '__getattribute__' of attributeSetter object at 0x133846830>, backgroundImage=<method-wrapper '__getattribute__' of attributeSetter object at 0x133846890>, bitsMode=UNKNOWN, blendMode='avg', bpc=(8, 8, 8), color=array([0, 0, 0]), colorSpace='rgb', depthBits=8, fullscr=True, gamma=None, gammaErrorPolicy='raise', infoMsg=UNKNOWN, lms=UNKNOWN, monitor=<psychopy.monitors.calibTools.Monitor object at 0x1338d4580>, multiSample=False, name='window1', numSamples=2, pos=[np.float64(0.0), np.float64(0.0)], screen=0, size=array([2880, 1800]), stencilBits=0, stereo=False, title='PsychoPy', units='height', useFBO=True, useRetina=True, viewOri=0.0, viewPos=None, viewScale=None, waitBlanking=True, winType='pyglet')
34.3709 	EXP 	window1: backgroundImage = ''
34.3709 	EXP 	window1: backgroundFit = 'none'
34.8525 	EXP 	window1: Attempting to measure frame rate of screen (0) ...
34.8526 	EXP 	window1: recordFrameIntervals = False
35.4279 	EXP 	window1: recordFrameIntervals = True
35.4670 	WARNING 	t of last frame was 25.45ms (=1/39)
35.7062 	EXP 	Screen (0) actual frame rate measured at 87.47Hz
35.7063 	EXP 	window1: recordFrameIntervals = False
38.7569 	INFO 	keyboard.Keyboard is using ptb backend.
39.1707 	INFO 	keyboard.Keyboard is using ptb backend.
39.6008 	INFO 	keyboard.Keyboard is using ptb backend.
39.6010 	EXP 	Motor Sequence Learning: status = STARTED
39.6139 	EXP 	Created fixation = ShapeStim(__class__=<class 'psychopy.visual.shape.ShapeStim'>, anchor=('center', 'center'), autoDraw=False, autoLog=True, closeShape=True, color=method-wrapper(...), colorSpace='rgb', contrast=None, depth=0.0, draggable=False, fillColor=array([-0.2549,  0.2392,  0.2549]), fillColorSpace='rgb', fillRGB=array([-0.2549,  0.2392,  0.2549]), interpolate=True, lineColor=array([1., 1., 1.]), lineColorSpace='rgb', lineRGB=array([1, 1, 1]), lineWidth=1.0, name='fixation', opacity=1, ori=0.0, pos=array([0., 0.]), size=array([10., 10.]), units='pix', vertices=ndarray(...), win=Window(...), windingRule=None)
39.6186 	EXP 	Created line1 = Rect(__class__=<class 'psychopy.visual.rect.Rect'>, anchor=('center', 'center'), autoDraw=False, autoLog=True, closeShape=True, color=method-wrapper(...), colorSpace='rgb', contrast=None, depth=-1.0, draggable=False, fillColor=array([1, 1, 1]), fillColorSpace='rgb', fillRGB=array([1, 1, 1]), interpolate=True, lineColor=array([1., 1., 1.]), lineColorSpace='rgb', lineRGB=array([1, 1, 1]), lineWidth=1.0, name='line1', opacity=1, ori=90.0, pos=array([-150.,    0.]), size=array([100.,  10.]), units='pix', vertices=ndarray(...), win=Window(...))
39.6210 	EXP 	Created line2 = Rect(__class__=<class 'psychopy.visual.rect.Rect'>, anchor=('center', 'center'), autoDraw=False, autoLog=True, closeShape=True, color=method-wrapper(...), colorSpace='rgb', contrast=None, depth=-2.0, draggable=False, fillColor=array([1, 1, 1]), fillColorSpace='rgb', fillRGB=array([1, 1, 1]), interpolate=True, lineColor=array([1., 1., 1.]), lineColorSpace='rgb', lineRGB=array([1, 1, 1]), lineWidth=1.0, name='line2', opacity=1, ori=90.0, pos=array([-50.,   0.]), size=array([100.,  10.]), units='pix', vertices=ndarray(...), win=Window(...))
39.6228 	EXP 	Created line3 = Rect(__class__=<class 'psychopy.visual.rect.Rect'>, anchor=('center', 'center'), autoDraw=False, autoLog=True, closeShape=True, color=method-wrapper(...), colorSpace='rgb', contrast=None, depth=-3.0, draggable=True, fillColor=array([1, 1, 1]), fillColorSpace='rgb', fillRGB=array([1, 1, 1]), interpolate=True, lineColor=array([1., 1., 1.]), lineColorSpace='rgb', lineRGB=array([1, 1, 1]), lineWidth=1.0, name='line3', opacity=1, ori=90.0, pos=array([50.,  0.]), size=array([100.,  10.]), units='pix', vertices=ndarray(...), win=Window(...))
39.6246 	EXP 	Created line4 = Rect(__class__=<class 'psychopy.visual.rect.Rect'>, anchor=('center', 'center'), autoDraw=False, autoLog=True, closeShape=True, color=method-wrapper(...), colorSpace='rgb', contrast=None, depth=-4.0, draggable=False, fillColor=array([1, 1, 1]), fillColorSpace='rgb', fillRGB=array([1, 1, 1]), interpolate=True, lineColor=array([1., 1., 1.]), lineColorSpace='rgb', lineRGB=array([1, 1, 1]), lineWidth=1.0, name='line4', opacity=1, ori=90.0, pos=array([150.,   0.]), size=array([100.,  10.]), units='pix', vertices=ndarray(...), win=Window(...))
39.6267 	EXP 	Created probe = ShapeStim(__class__=<class 'psychopy.visual.shape.ShapeStim'>, anchor=('center', 'center'), autoDraw=False, autoLog=True, closeShape=True, color=method-wrapper(...), colorSpace='rgb', contrast=None, depth=-5.0, draggable=False, fillColor=array([1, 1, 1]), fillColorSpace='rgb', fillRGB=array([1, 1, 1]), interpolate=True, lineColor=array([1., 1., 1.]), lineColorSpace='rgb', lineRGB=array([1, 1, 1]), lineWidth=1.0, name='probe', opacity=1, ori=0.0, pos=array([0., 0.]), size=array([10., 10.]), units='pix', vertices=ndarray(...), win=Window(...), windingRule=None)
39.6291 	EXP 	Created Fixation = ShapeStim(__class__=<class 'psychopy.visual.shape.ShapeStim'>, anchor=('center', 'center'), autoDraw=False, autoLog=True, closeShape=True, color=method-wrapper(...), colorSpace='rgb', contrast=None, depth=0.0, draggable=False, fillColor=array([1, 1, 1]), fillColorSpace='rgb', fillRGB=array([1, 1, 1]), interpolate=True, lineColor=array([1., 1., 1.]), lineColorSpace='rgb', lineRGB=array([1, 1, 1]), lineWidth=1.0, name='Fixation', opacity=1, ori=0.0, pos=array([0., 0.]), size=array([10., 10.]), units='pix', vertices=ndarray(...), win=Window(...), windingRule=None)
39.6311 	EXP 	Created Line1 = Rect(__class__=<class 'psychopy.visual.rect.Rect'>, anchor=('center', 'center'), autoDraw=False, autoLog=True, closeShape=True, color=method-wrapper(...), colorSpace='rgb', contrast=None, depth=-1.0, draggable=False, fillColor=array([1, 1, 1]), fillColorSpace='rgb', fillRGB=array([1, 1, 1]), interpolate=True, lineColor=array([1., 1., 1.]), lineColorSpace='rgb', lineRGB=array([1, 1, 1]), lineWidth=1.0, name='Line1', opacity=1, ori=90.0, pos=array([-150.,    0.]), size=array([100.,  10.]), units='pix', vertices=ndarray(...), win=Window(...))
39.6329 	EXP 	Created Line2 = Rect(__class__=<class 'psychopy.visual.rect.Rect'>, anchor=('center', 'center'), autoDraw=False, autoLog=True, closeShape=True, color=method-wrapper(...), colorSpace='rgb', contrast=None, depth=-2.0, draggable=False, fillColor=array([1, 1, 1]), fillColorSpace='rgb', fillRGB=array([1, 1, 1]), interpolate=True, lineColor=array([1., 1., 1.]), lineColorSpace='rgb', lineRGB=array([1, 1, 1]), lineWidth=1.0, name='Line2', opacity=1, ori=90.0, pos=array([-50.,   0.]), size=array([100.,  10.]), units='pix', vertices=ndarray(...), win=Window(...))
39.6346 	EXP 	Created Line3 = Rect(__class__=<class 'psychopy.visual.rect.Rect'>, anchor=('center', 'center'), autoDraw=False, autoLog=True, closeShape=True, color=method-wrapper(...), colorSpace='rgb', contrast=None, depth=-3.0, draggable=False, fillColor=array([1, 1, 1]), fillColorSpace='rgb', fillRGB=array([1, 1, 1]), interpolate=True, lineColor=array([1., 1., 1.]), lineColorSpace='rgb', lineRGB=array([1, 1, 1]), lineWidth=1.0, name='Line3', opacity=1, ori=90.0, pos=array([50.,  0.]), size=array([100.,  10.]), units='pix', vertices=ndarray(...), win=Window(...))
39.6364 	EXP 	Created Line4 = Rect(__class__=<class 'psychopy.visual.rect.Rect'>, anchor=('center', 'center'), autoDraw=False, autoLog=True, closeShape=True, color=method-wrapper(...), colorSpace='rgb', contrast=None, depth=-4.0, draggable=False, fillColor=array([1, 1, 1]), fillColorSpace='rgb', fillRGB=array([1, 1, 1]), interpolate=True, lineColor=array([1., 1., 1.]), lineColorSpace='rgb', lineRGB=array([1, 1, 1]), lineWidth=1.0, name='Line4', opacity=1, ori=90.0, pos=array([150.,   0.]), size=array([100.,  10.]), units='pix', vertices=ndarray(...), win=Window(...))
39.6385 	EXP 	Created Probe = ShapeStim(__class__=<class 'psychopy.visual.shape.ShapeStim'>, anchor=('center', 'center'), autoDraw=False, autoLog=True, closeShape=True, color=method-wrapper(...), colorSpace='rgb', contrast=None, depth=-5.0, draggable=False, fillColor=array([1, 1, 1]), fillColorSpace='rgb', fillRGB=array([1, 1, 1]), interpolate=True, lineColor=array([1., 1., 1.]), lineColorSpace='rgb', lineRGB=array([1, 1, 1]), lineWidth=1.0, name='Probe', opacity=1, ori=0.0, pos=array([0., 0.]), size=array([10., 10.]), units='pix', vertices=ndarray(...), win=Window(...), windingRule=None)
0.0379 	EXP 	Imported sequence_con.csv as conditions, 4 conditions, 2 params
0.0408 	EXP 	New trial (rep=0, index=0): <Trial 0 (0 in rep 0) data={'pos': np.int64(-50), 'corr_resp': 'x', 'thisN': 0, 'thisTrialN': 0, 'thisRepN': 0}>
0.0602 	EXP 	fixation: autoDraw = True
0.9997 	EXP 	line1: autoDraw = True
0.9997 	EXP 	line2: autoDraw = True
0.9997 	EXP 	line3: autoDraw = True
0.9997 	EXP 	line4: autoDraw = True
1.0531 	EXP 	fixation: autoDraw = False
1.9955 	INFO 	Keyboard events cleared
1.9953 	EXP 	probe: autoDraw = True
2.6333 	EXP 	Device response: <KeyPress from None: t=2.2879557510023005, value=x, duration=None>
2.6337 	EXP 	Device response: <KeyPress from None: t=2.2879557510023005, value=x, duration=0.1495174840092659>
2.6339 	EXP 	New trial (rep=0, index=1): <Trial 1 (1 in rep 0) data={'pos': np.int64(150), 'corr_resp': 'v', 'thisN': 1, 'thisTrialN': 1, 'thisRepN': 0}>
2.6401 	DATA 	Keypress: x
2.6531 	EXP 	fixation: autoDraw = False
2.6531 	EXP 	line1: autoDraw = False
2.6531 	EXP 	line2: autoDraw = False
2.6531 	EXP 	line3: autoDraw = False
2.6531 	EXP 	line4: autoDraw = False
2.6531 	EXP 	probe: autoDraw = False
2.6531 	EXP 	fixation: autoDraw = True
3.6283 	EXP 	line1: autoDraw = True
3.6283 	EXP 	line2: autoDraw = True
3.6283 	EXP 	line3: autoDraw = True
3.6283 	EXP 	line4: autoDraw = True
3.6522 	EXP 	fixation: autoDraw = False
4.6285 	INFO 	Keyboard events cleared
4.6283 	EXP 	probe: autoDraw = True
4.9455 	EXP 	Device response: <KeyPress from None: t=4.936211915046442, value=v, duration=None>
4.9458 	EXP 	New trial (rep=0, index=2): <Trial 2 (2 in rep 0) data={'pos': np.int64(50), 'corr_resp': 'c', 'thisN': 2, 'thisTrialN': 2, 'thisRepN': 0}>
4.9483 	DATA 	Keypress: v
4.9537 	EXP 	fixation: autoDraw = False
4.9537 	EXP 	line1: autoDraw = False
4.9537 	EXP 	line2: autoDraw = False
4.9537 	EXP 	line3: autoDraw = False
4.9537 	EXP 	line4: autoDraw = False
4.9537 	EXP 	probe: autoDraw = False
4.9537 	EXP 	fixation: autoDraw = True
5.1192 	EXP 	Device response: <KeyPress from None: t=4.936211915046442, value=v, duration=0.18033123097848147>
5.9356 	EXP 	line1: autoDraw = True
5.9356 	EXP 	line2: autoDraw = True
5.9356 	EXP 	line3: autoDraw = True
5.9356 	EXP 	line4: autoDraw = True
5.9516 	EXP 	fixation: autoDraw = False
6.9357 	INFO 	Keyboard events cleared
6.9354 	EXP 	probe: autoDraw = True
7.2367 	EXP 	Device response: <KeyPress from None: t=7.231074378010817, value=c, duration=None>
7.2370 	EXP 	New trial (rep=0, index=3): <Trial 3 (3 in rep 0) data={'pos': np.int64(-150), 'corr_resp': 'z', 'thisN': 3, 'thisTrialN': 3, 'thisRepN': 0}>
7.2394 	DATA 	Keypress: c
7.2454 	EXP 	fixation: autoDraw = False
7.2454 	EXP 	line1: autoDraw = False
7.2454 	EXP 	line2: autoDraw = False
7.2454 	EXP 	line3: autoDraw = False
7.2454 	EXP 	line4: autoDraw = False
7.2454 	EXP 	probe: autoDraw = False
7.2454 	EXP 	fixation: autoDraw = True
7.4023 	EXP 	Device response: <KeyPress from None: t=7.231074378010817, value=c, duration=0.16835655801696703>
8.2356 	EXP 	fixation: autoDraw = False
8.2356 	EXP 	line1: autoDraw = True
8.2356 	EXP 	line2: autoDraw = True
8.2356 	EXP 	line3: autoDraw = True
8.2356 	EXP 	line4: autoDraw = True
9.2365 	INFO 	Keyboard events cleared
9.2363 	EXP 	probe: autoDraw = True
9.5957 	EXP 	Device response: <KeyPress from None: t=9.587010099028703, value=z, duration=None>
9.5960 	EXP 	New trial (rep=1, index=0): <Trial 4 (0 in rep 1) data={'pos': np.int64(-50), 'corr_resp': 'x', 'thisN': 4, 'thisTrialN': 0, 'thisRepN': 1}>
9.5985 	DATA 	Keypress: z
9.6038 	EXP 	fixation: autoDraw = False
9.6038 	EXP 	line1: autoDraw = False
9.6038 	EXP 	line2: autoDraw = False
9.6038 	EXP 	line3: autoDraw = False
9.6038 	EXP 	line4: autoDraw = False
9.6038 	EXP 	probe: autoDraw = False
9.6038 	EXP 	fixation: autoDraw = True
9.8288 	EXP 	Device response: <KeyPress from None: t=9.587010099028703, value=z, duration=0.2323570440057665>
10.5860 	EXP 	line1: autoDraw = True
10.5860 	EXP 	line2: autoDraw = True
10.5860 	EXP 	line3: autoDraw = True
10.5860 	EXP 	line4: autoDraw = True
10.6016 	EXP 	fixation: autoDraw = False
11.5865 	INFO 	Keyboard events cleared
11.5862 	EXP 	probe: autoDraw = True
11.7868 	EXP 	Device response: <KeyPress from None: t=11.783937152009457, value=x, duration=None>
11.7871 	EXP 	New trial (rep=1, index=1): <Trial 5 (1 in rep 1) data={'pos': np.int64(150), 'corr_resp': 'v', 'thisN': 5, 'thisTrialN': 1, 'thisRepN': 1}>
11.7894 	DATA 	Keypress: x
11.7955 	EXP 	fixation: autoDraw = False
11.7955 	EXP 	line1: autoDraw = False
11.7955 	EXP 	line2: autoDraw = False
11.7955 	EXP 	line3: autoDraw = False
11.7955 	EXP 	line4: autoDraw = False
11.7955 	EXP 	probe: autoDraw = False
11.7955 	EXP 	fixation: autoDraw = True
11.9454 	EXP 	Device response: <KeyPress from None: t=11.783937152009457, value=x, duration=0.15232599200680852>
12.7857 	EXP 	fixation: autoDraw = False
12.7857 	EXP 	line1: autoDraw = True
12.7857 	EXP 	line2: autoDraw = True
12.7857 	EXP 	line3: autoDraw = True
12.7857 	EXP 	line4: autoDraw = True
13.7864 	INFO 	Keyboard events cleared
13.7862 	EXP 	probe: autoDraw = True
14.0363 	EXP 	Device response: <KeyPress from None: t=14.03479852702003, value=v, duration=None>
14.0366 	EXP 	New trial (rep=1, index=2): <Trial 6 (2 in rep 1) data={'pos': np.int64(50), 'corr_resp': 'c', 'thisN': 6, 'thisTrialN': 2, 'thisRepN': 1}>
14.0448 	EXP 	fixation: autoDraw = False
14.0448 	EXP 	line1: autoDraw = False
14.0448 	EXP 	line2: autoDraw = False
14.0448 	EXP 	line3: autoDraw = False
14.0448 	EXP 	line4: autoDraw = False
14.0448 	EXP 	probe: autoDraw = False
14.0448 	EXP 	fixation: autoDraw = True
14.0476 	DATA 	Keypress: v
14.2291 	EXP 	Device response: <KeyPress from None: t=14.03479852702003, value=v, duration=0.1922716079861857>
15.0355 	EXP 	fixation: autoDraw = False
15.0355 	EXP 	line1: autoDraw = True
15.0355 	EXP 	line2: autoDraw = True
15.0355 	EXP 	line3: autoDraw = True
15.0355 	EXP 	line4: autoDraw = True
16.0357 	INFO 	Keyboard events cleared
16.0354 	EXP 	probe: autoDraw = True
16.2957 	EXP 	Device response: <KeyPress from None: t=16.29171020904323, value=c, duration=None>
16.2960 	EXP 	New trial (rep=1, index=3): <Trial 7 (3 in rep 1) data={'pos': np.int64(-150), 'corr_resp': 'z', 'thisN': 7, 'thisTrialN': 3, 'thisRepN': 1}>
16.2983 	DATA 	Keypress: c
16.3038 	EXP 	fixation: autoDraw = False
16.3038 	EXP 	line1: autoDraw = False
16.3038 	EXP 	line2: autoDraw = False
16.3038 	EXP 	line3: autoDraw = False
16.3038 	EXP 	line4: autoDraw = False
16.3038 	EXP 	probe: autoDraw = False
16.3038 	EXP 	fixation: autoDraw = True
16.4294 	EXP 	Device response: <KeyPress from None: t=16.29171020904323, value=c, duration=0.1363554249983281>
17.2859 	EXP 	line1: autoDraw = True
17.2859 	EXP 	line2: autoDraw = True
17.2859 	EXP 	line3: autoDraw = True
17.2859 	EXP 	line4: autoDraw = True
17.3019 	EXP 	fixation: autoDraw = False
18.2951 	INFO 	Keyboard events cleared
18.2949 	EXP 	probe: autoDraw = True
18.6454 	EXP 	Device response: <KeyPress from None: t=18.638631237030495, value=z, duration=None>
18.6457 	EXP 	New trial (rep=2, index=0): <Trial 8 (0 in rep 2) data={'pos': np.int64(-50), 'corr_resp': 'x', 'thisN': 8, 'thisTrialN': 0, 'thisRepN': 2}>
18.6480 	DATA 	Keypress: z
18.6541 	EXP 	fixation: autoDraw = False
18.6541 	EXP 	line1: autoDraw = False
18.6541 	EXP 	line2: autoDraw = False
18.6541 	EXP 	line3: autoDraw = False
18.6541 	EXP 	line4: autoDraw = False
18.6541 	EXP 	probe: autoDraw = False
18.6541 	EXP 	fixation: autoDraw = True
18.8121 	EXP 	Device response: <KeyPress from None: t=18.638631237030495, value=z, duration=0.16836136701749638>
19.6357 	EXP 	line1: autoDraw = True
19.6357 	EXP 	line2: autoDraw = True
19.6357 	EXP 	line3: autoDraw = True
19.6357 	EXP 	line4: autoDraw = True
19.6514 	EXP 	fixation: autoDraw = False
20.6363 	INFO 	Keyboard events cleared
20.6361 	EXP 	probe: autoDraw = True
20.8957 	EXP 	Device response: <KeyPress from None: t=20.893505717045628, value=x, duration=None>
20.8960 	EXP 	New trial (rep=2, index=1): <Trial 9 (1 in rep 2) data={'pos': np.int64(150), 'corr_resp': 'v', 'thisN': 9, 'thisTrialN': 1, 'thisRepN': 2}>
20.9017 	EXP 	fixation: autoDraw = False
20.9017 	EXP 	line1: autoDraw = False
20.9017 	EXP 	line2: autoDraw = False
20.9017 	EXP 	line3: autoDraw = False
20.9017 	EXP 	line4: autoDraw = False
20.9017 	EXP 	probe: autoDraw = False
20.9017 	EXP 	fixation: autoDraw = True
20.9046 	DATA 	Keypress: x
21.0691 	EXP 	Device response: <KeyPress from None: t=20.893505717045628, value=x, duration=0.16843386995606124>
21.8857 	EXP 	line1: autoDraw = True
21.8857 	EXP 	line2: autoDraw = True
21.8857 	EXP 	line3: autoDraw = True
21.8857 	EXP 	line4: autoDraw = True
21.8947 	EXP 	fixation: autoDraw = False
22.8948 	INFO 	Keyboard events cleared
22.8946 	EXP 	probe: autoDraw = True
23.1456 	EXP 	Device response: <KeyPress from None: t=23.137469180044718, value=v, duration=None>
23.1459 	EXP 	New trial (rep=2, index=2): <Trial 10 (2 in rep 2) data={'pos': np.int64(50), 'corr_resp': 'c', 'thisN': 10, 'thisTrialN': 2, 'thisRepN': 2}>
23.1483 	DATA 	Keypress: v
23.1537 	EXP 	fixation: autoDraw = False
23.1537 	EXP 	line1: autoDraw = False
23.1537 	EXP 	line2: autoDraw = False
23.1537 	EXP 	line3: autoDraw = False
23.1537 	EXP 	line4: autoDraw = False
23.1537 	EXP 	probe: autoDraw = False
23.1537 	EXP 	fixation: autoDraw = True
23.3287 	EXP 	Device response: <KeyPress from None: t=23.137469180044718, value=v, duration=0.1843429149594158>
24.1448 	EXP 	line1: autoDraw = True
24.1448 	EXP 	line2: autoDraw = True
24.1448 	EXP 	line3: autoDraw = True
24.1448 	EXP 	line4: autoDraw = True
24.1515 	EXP 	fixation: autoDraw = False
25.1450 	INFO 	Keyboard events cleared
25.1448 	EXP 	probe: autoDraw = True
25.4786 	EXP 	Device response: <KeyPress from None: t=25.469330267049372, value=c, duration=None>
25.4788 	EXP 	New trial (rep=2, index=3): <Trial 11 (3 in rep 2) data={'pos': np.int64(-150), 'corr_resp': 'z', 'thisN': 11, 'thisTrialN': 3, 'thisRepN': 2}>
25.4812 	DATA 	Keypress: c
25.4866 	EXP 	fixation: autoDraw = False
25.4866 	EXP 	line1: autoDraw = False
25.4866 	EXP 	line2: autoDraw = False
25.4866 	EXP 	line3: autoDraw = False
25.4866 	EXP 	line4: autoDraw = False
25.4866 	EXP 	probe: autoDraw = False
25.4866 	EXP 	fixation: autoDraw = True
25.6523 	EXP 	Device response: <KeyPress from None: t=25.469330267049372, value=c, duration=0.17614938894985244>
26.4690 	EXP 	line1: autoDraw = True
26.4690 	EXP 	line2: autoDraw = True
26.4690 	EXP 	line3: autoDraw = True
26.4690 	EXP 	line4: autoDraw = True
26.4780 	EXP 	fixation: autoDraw = False
27.4693 	INFO 	Keyboard events cleared
27.4691 	EXP 	probe: autoDraw = True
27.7695 	EXP 	Device response: <KeyPress from None: t=27.76320172601845, value=z, duration=None>
27.7698 	EXP 	New trial (rep=3, index=0): <Trial 12 (0 in rep 3) data={'pos': np.int64(-50), 'corr_resp': 'x', 'thisN': 12, 'thisTrialN': 0, 'thisRepN': 3}>
27.7721 	DATA 	Keypress: z
27.7779 	EXP 	fixation: autoDraw = False
27.7779 	EXP 	line1: autoDraw = False
27.7779 	EXP 	line2: autoDraw = False
27.7779 	EXP 	line3: autoDraw = False
27.7779 	EXP 	line4: autoDraw = False
27.7779 	EXP 	probe: autoDraw = False
27.7779 	EXP 	fixation: autoDraw = True
27.9120 	EXP 	Device response: <KeyPress from None: t=27.76320172601845, value=z, duration=0.14032486698124558>
28.7687 	EXP 	fixation: autoDraw = False
28.7687 	EXP 	line1: autoDraw = True
28.7687 	EXP 	line2: autoDraw = True
28.7687 	EXP 	line3: autoDraw = True
28.7687 	EXP 	line4: autoDraw = True
29.7694 	INFO 	Keyboard events cleared
29.7692 	EXP 	probe: autoDraw = True
30.0451 	EXP 	Device response: <KeyPress from None: t=30.03518085804535, value=x, duration=None>
30.0454 	EXP 	New trial (rep=3, index=1): <Trial 13 (1 in rep 3) data={'pos': np.int64(150), 'corr_resp': 'v', 'thisN': 13, 'thisTrialN': 1, 'thisRepN': 3}>
30.0478 	DATA 	Keypress: x
30.0533 	EXP 	fixation: autoDraw = False
30.0533 	EXP 	line1: autoDraw = False
30.0533 	EXP 	line2: autoDraw = False
30.0533 	EXP 	line3: autoDraw = False
30.0533 	EXP 	line4: autoDraw = False
30.0533 	EXP 	probe: autoDraw = False
30.0533 	EXP 	fixation: autoDraw = True
30.1955 	EXP 	Device response: <KeyPress from None: t=30.03518085804535, value=x, duration=0.15249269595369697>
31.0351 	EXP 	line1: autoDraw = True
31.0351 	EXP 	line2: autoDraw = True
31.0351 	EXP 	line3: autoDraw = True
31.0351 	EXP 	line4: autoDraw = True
31.0514 	EXP 	fixation: autoDraw = False
32.0355 	INFO 	Keyboard events cleared
32.0352 	EXP 	probe: autoDraw = True
32.2867 	EXP 	Device response: <KeyPress from None: t=32.28502705600113, value=v, duration=None>
32.2870 	EXP 	New trial (rep=3, index=2): <Trial 14 (2 in rep 3) data={'pos': np.int64(50), 'corr_resp': 'c', 'thisN': 14, 'thisTrialN': 2, 'thisRepN': 3}>
32.2945 	EXP 	fixation: autoDraw = False
32.2945 	EXP 	line1: autoDraw = False
32.2945 	EXP 	line2: autoDraw = False
32.2945 	EXP 	line3: autoDraw = False
32.2945 	EXP 	line4: autoDraw = False
32.2945 	EXP 	probe: autoDraw = False
32.2945 	EXP 	fixation: autoDraw = True
32.2969 	DATA 	Keypress: v
32.4955 	EXP 	Device response: <KeyPress from None: t=32.28502705600113, value=v, duration=0.2081935020396486>
33.2854 	EXP 	fixation: autoDraw = False
33.2854 	EXP 	line1: autoDraw = True
33.2854 	EXP 	line2: autoDraw = True
33.2854 	EXP 	line3: autoDraw = True
33.2854 	EXP 	line4: autoDraw = True
34.2862 	INFO 	Keyboard events cleared
34.2860 	EXP 	probe: autoDraw = True
34.6698 	EXP 	Device response: <KeyPress from None: t=34.666926223027986, value=c, duration=None>
34.6701 	EXP 	New trial (rep=3, index=3): <Trial 15 (3 in rep 3) data={'pos': np.int64(-150), 'corr_resp': 'z', 'thisN': 15, 'thisTrialN': 3, 'thisRepN': 3}>
34.6779 	EXP 	fixation: autoDraw = False
34.6779 	EXP 	line1: autoDraw = False
34.6779 	EXP 	line2: autoDraw = False
34.6779 	EXP 	line3: autoDraw = False
34.6779 	EXP 	line4: autoDraw = False
34.6779 	EXP 	probe: autoDraw = False
34.6779 	EXP 	fixation: autoDraw = True
34.6802 	DATA 	Keypress: c
34.9116 	EXP 	Device response: <KeyPress from None: t=34.666926223027986, value=c, duration=0.23637838900322095>
35.6687 	EXP 	fixation: autoDraw = False
35.6687 	EXP 	line1: autoDraw = True
35.6687 	EXP 	line2: autoDraw = True
35.6687 	EXP 	line3: autoDraw = True
35.6687 	EXP 	line4: autoDraw = True
36.6687 	INFO 	Keyboard events cleared
36.6685 	EXP 	probe: autoDraw = True
36.9694 	EXP 	Device response: <KeyPress from None: t=36.96376315300586, value=z, duration=None>
36.9697 	EXP 	New trial (rep=4, index=0): <Trial 16 (0 in rep 4) data={'pos': np.int64(-50), 'corr_resp': 'x', 'thisN': 16, 'thisTrialN': 0, 'thisRepN': 4}>
36.9721 	DATA 	Keypress: z
36.9780 	EXP 	fixation: autoDraw = False
36.9780 	EXP 	line1: autoDraw = False
36.9780 	EXP 	line2: autoDraw = False
36.9780 	EXP 	line3: autoDraw = False
36.9780 	EXP 	line4: autoDraw = False
36.9780 	EXP 	probe: autoDraw = False
36.9780 	EXP 	fixation: autoDraw = True
37.1452 	EXP 	Device response: <KeyPress from None: t=36.96376315300586, value=z, duration=0.1762957030441612>
37.9687 	EXP 	fixation: autoDraw = False
37.9687 	EXP 	line1: autoDraw = True
37.9687 	EXP 	line2: autoDraw = True
37.9687 	EXP 	line3: autoDraw = True
37.9687 	EXP 	line4: autoDraw = True
38.9692 	INFO 	Keyboard events cleared
38.9690 	EXP 	probe: autoDraw = True
39.2454 	EXP 	Device response: <KeyPress from None: t=39.238828249042854, value=x, duration=None>
39.2457 	EXP 	New trial (rep=4, index=1): <Trial 17 (1 in rep 4) data={'pos': np.int64(150), 'corr_resp': 'v', 'thisN': 17, 'thisTrialN': 1, 'thisRepN': 4}>
39.2480 	DATA 	Keypress: x
39.2536 	EXP 	fixation: autoDraw = False
39.2536 	EXP 	line1: autoDraw = False
39.2536 	EXP 	line2: autoDraw = False
39.2536 	EXP 	line3: autoDraw = False
39.2536 	EXP 	line4: autoDraw = False
39.2536 	EXP 	probe: autoDraw = False
39.2536 	EXP 	fixation: autoDraw = True
39.3856 	EXP 	Device response: <KeyPress from None: t=39.238828249042854, value=x, duration=0.14429050299804658>
40.2355 	EXP 	line1: autoDraw = True
40.2355 	EXP 	line2: autoDraw = True
40.2355 	EXP 	line3: autoDraw = True
40.2355 	EXP 	line4: autoDraw = True
40.2511 	EXP 	fixation: autoDraw = False
41.2354 	INFO 	Keyboard events cleared
41.2352 	EXP 	probe: autoDraw = True
41.5453 	EXP 	Device response: <KeyPress from None: t=41.54159461602103, value=v, duration=None>
41.5455 	EXP 	New trial (rep=4, index=2): <Trial 18 (2 in rep 4) data={'pos': np.int64(50), 'corr_resp': 'c', 'thisN': 18, 'thisTrialN': 2, 'thisRepN': 4}>
41.5481 	DATA 	Keypress: v
41.5535 	EXP 	fixation: autoDraw = False
41.5535 	EXP 	line1: autoDraw = False
41.5535 	EXP 	line2: autoDraw = False
41.5535 	EXP 	line3: autoDraw = False
41.5535 	EXP 	line4: autoDraw = False
41.5535 	EXP 	probe: autoDraw = False
41.5535 	EXP 	fixation: autoDraw = True
41.7621 	EXP 	Device response: <KeyPress from None: t=41.54159461602103, value=v, duration=0.21636273100739345>
42.5352 	EXP 	line1: autoDraw = True
42.5352 	EXP 	line2: autoDraw = True
42.5352 	EXP 	line3: autoDraw = True
42.5352 	EXP 	line4: autoDraw = True
42.5516 	EXP 	fixation: autoDraw = False
43.5353 	INFO 	Keyboard events cleared
43.5350 	EXP 	probe: autoDraw = True
43.9951 	EXP 	Device response: <KeyPress from None: t=43.988517999008764, value=c, duration=None>
43.9954 	EXP 	New trial (rep=4, index=3): <Trial 19 (3 in rep 4) data={'pos': np.int64(-150), 'corr_resp': 'z', 'thisN': 19, 'thisTrialN': 3, 'thisRepN': 4}>
43.9977 	DATA 	Keypress: c
44.0031 	EXP 	fixation: autoDraw = False
44.0031 	EXP 	line1: autoDraw = False
44.0031 	EXP 	line2: autoDraw = False
44.0031 	EXP 	line3: autoDraw = False
44.0031 	EXP 	line4: autoDraw = False
44.0031 	EXP 	probe: autoDraw = False
44.0031 	EXP 	fixation: autoDraw = True
44.1615 	EXP 	Device response: <KeyPress from None: t=43.988517999008764, value=c, duration=0.16421516303671524>
44.9854 	EXP 	line1: autoDraw = True
44.9854 	EXP 	line2: autoDraw = True
44.9854 	EXP 	line3: autoDraw = True
44.9854 	EXP 	line4: autoDraw = True
44.9945 	EXP 	fixation: autoDraw = False
45.9859 	INFO 	Keyboard events cleared
45.9857 	EXP 	probe: autoDraw = True
46.3282 	EXP 	Device response: <KeyPress from None: t=46.32039230305236, value=z, duration=None>
46.3285 	EXP 	New trial (rep=5, index=0): <Trial 20 (0 in rep 5) data={'pos': np.int64(-50), 'corr_resp': 'x', 'thisN': 20, 'thisTrialN': 0, 'thisRepN': 5}>
46.3308 	DATA 	Keypress: z
46.3362 	EXP 	fixation: autoDraw = False
46.3362 	EXP 	line1: autoDraw = False
46.3362 	EXP 	line2: autoDraw = False
46.3362 	EXP 	line3: autoDraw = False
46.3362 	EXP 	line4: autoDraw = False
46.3362 	EXP 	probe: autoDraw = False
46.3362 	EXP 	fixation: autoDraw = True
46.5018 	EXP 	Device response: <KeyPress from None: t=46.32039230305236, value=z, duration=0.1800726039800793>
47.3184 	EXP 	line1: autoDraw = True
47.3184 	EXP 	line2: autoDraw = True
47.3184 	EXP 	line3: autoDraw = True
47.3184 	EXP 	line4: autoDraw = True
47.3343 	EXP 	fixation: autoDraw = False
48.3186 	INFO 	Keyboard events cleared
48.3184 	EXP 	probe: autoDraw = True
48.4286 	EXP 	Device response: <KeyPress from None: t=48.42434721603058, value=x, duration=None>
48.4289 	EXP 	New trial (rep=5, index=1): <Trial 21 (1 in rep 5) data={'pos': np.int64(150), 'corr_resp': 'v', 'thisN': 21, 'thisTrialN': 1, 'thisRepN': 5}>
48.4312 	DATA 	Keypress: x
48.4365 	EXP 	fixation: autoDraw = False
48.4365 	EXP 	line1: autoDraw = False
48.4365 	EXP 	line2: autoDraw = False
48.4365 	EXP 	line3: autoDraw = False
48.4365 	EXP 	line4: autoDraw = False
48.4365 	EXP 	probe: autoDraw = False
48.4365 	EXP 	fixation: autoDraw = True
48.5621 	EXP 	Device response: <KeyPress from None: t=48.42434721603058, value=x, duration=0.13617939199320972>
49.4275 	EXP 	line1: autoDraw = True
49.4275 	EXP 	line2: autoDraw = True
49.4275 	EXP 	line3: autoDraw = True
49.4275 	EXP 	line4: autoDraw = True
49.4340 	EXP 	fixation: autoDraw = False
50.4279 	INFO 	Keyboard events cleared
50.4277 	EXP 	probe: autoDraw = True
50.6115 	EXP 	Device response: <KeyPress from None: t=50.606314060045406, value=v, duration=None>
50.6117 	EXP 	New trial (rep=5, index=2): <Trial 22 (2 in rep 5) data={'pos': np.int64(50), 'corr_resp': 'c', 'thisN': 22, 'thisTrialN': 2, 'thisRepN': 5}>
50.6140 	DATA 	Keypress: v
50.6194 	EXP 	fixation: autoDraw = False
50.6194 	EXP 	line1: autoDraw = False
50.6194 	EXP 	line2: autoDraw = False
50.6194 	EXP 	line3: autoDraw = False
50.6194 	EXP 	line4: autoDraw = False
50.6194 	EXP 	probe: autoDraw = False
50.6194 	EXP 	fixation: autoDraw = True
50.8116 	EXP 	Device response: <KeyPress from None: t=50.606314060045406, value=v, duration=0.20017873198958114>
51.6015 	EXP 	line1: autoDraw = True
51.6015 	EXP 	line2: autoDraw = True
51.6015 	EXP 	line3: autoDraw = True
51.6015 	EXP 	line4: autoDraw = True
51.6180 	EXP 	fixation: autoDraw = False
52.6023 	INFO 	Keyboard events cleared
52.6021 	EXP 	probe: autoDraw = True
52.7780 	EXP 	Device response: <KeyPress from None: t=52.77114489104133, value=c, duration=None>
52.7783 	EXP 	New trial (rep=5, index=3): <Trial 23 (3 in rep 5) data={'pos': np.int64(-150), 'corr_resp': 'z', 'thisN': 23, 'thisTrialN': 3, 'thisRepN': 5}>
52.7806 	DATA 	Keypress: c
52.7859 	EXP 	fixation: autoDraw = False
52.7859 	EXP 	line1: autoDraw = False
52.7859 	EXP 	line2: autoDraw = False
52.7859 	EXP 	line3: autoDraw = False
52.7859 	EXP 	line4: autoDraw = False
52.7859 	EXP 	probe: autoDraw = False
52.7859 	EXP 	fixation: autoDraw = True
52.9516 	EXP 	Device response: <KeyPress from None: t=52.77114489104133, value=c, duration=0.17635768599575385>
53.7680 	EXP 	line1: autoDraw = True
53.7680 	EXP 	line2: autoDraw = True
53.7680 	EXP 	line3: autoDraw = True
53.7680 	EXP 	line4: autoDraw = True
53.7840 	EXP 	fixation: autoDraw = False
54.7690 	INFO 	Keyboard events cleared
54.7687 	EXP 	probe: autoDraw = True
55.0706 	EXP 	Device response: <KeyPress from None: t=55.065068208030425, value=z, duration=None>
55.0708 	EXP 	New trial (rep=6, index=0): <Trial 24 (0 in rep 6) data={'pos': np.int64(-50), 'corr_resp': 'x', 'thisN': 24, 'thisTrialN': 0, 'thisRepN': 6}>
55.0732 	DATA 	Keypress: z
55.0933 	EXP 	fixation: autoDraw = False
55.0933 	EXP 	line1: autoDraw = False
55.0933 	EXP 	line2: autoDraw = False
55.0933 	EXP 	line3: autoDraw = False
55.0933 	EXP 	line4: autoDraw = False
55.0933 	EXP 	probe: autoDraw = False
55.0933 	EXP 	fixation: autoDraw = True
55.2286 	EXP 	Device response: <KeyPress from None: t=55.065068208030425, value=z, duration=0.16028858901700005>
56.0685 	EXP 	line1: autoDraw = True
56.0685 	EXP 	line2: autoDraw = True
56.0685 	EXP 	line3: autoDraw = True
56.0685 	EXP 	line4: autoDraw = True
56.0843 	EXP 	fixation: autoDraw = False
57.0687 	INFO 	Keyboard events cleared
57.0685 	EXP 	probe: autoDraw = True
57.3529 	EXP 	Device response: <KeyPress from None: t=57.345911412034184, value=x, duration=None>
57.3532 	EXP 	New trial (rep=6, index=1): <Trial 25 (1 in rep 6) data={'pos': np.int64(150), 'corr_resp': 'v', 'thisN': 25, 'thisTrialN': 1, 'thisRepN': 6}>
57.3555 	DATA 	Keypress: x
57.3614 	EXP 	fixation: autoDraw = False
57.3614 	EXP 	line1: autoDraw = False
57.3614 	EXP 	line2: autoDraw = False
57.3614 	EXP 	line3: autoDraw = False
57.3614 	EXP 	line4: autoDraw = False
57.3614 	EXP 	probe: autoDraw = False
57.3614 	EXP 	fixation: autoDraw = True
57.4953 	EXP 	Device response: <KeyPress from None: t=57.345911412034184, value=x, duration=0.1443973329733126>
58.3520 	EXP 	fixation: autoDraw = False
58.3520 	EXP 	line1: autoDraw = True
58.3520 	EXP 	line2: autoDraw = True
58.3520 	EXP 	line3: autoDraw = True
58.3520 	EXP 	line4: autoDraw = True
59.3523 	INFO 	Keyboard events cleared
59.3521 	EXP 	probe: autoDraw = True
59.5356 	EXP 	Device response: <KeyPress from None: t=59.53190357401036, value=v, duration=None>
59.5359 	EXP 	New trial (rep=6, index=2): <Trial 26 (2 in rep 6) data={'pos': np.int64(50), 'corr_resp': 'c', 'thisN': 26, 'thisTrialN': 2, 'thisRepN': 6}>
59.5382 	DATA 	Keypress: v
59.5441 	EXP 	fixation: autoDraw = False
59.5441 	EXP 	line1: autoDraw = False
59.5441 	EXP 	line2: autoDraw = False
59.5441 	EXP 	line3: autoDraw = False
59.5441 	EXP 	line4: autoDraw = False
59.5441 	EXP 	probe: autoDraw = False
59.5441 	EXP 	fixation: autoDraw = True
59.7348 	EXP 	Device response: <KeyPress from None: t=59.53190357401036, value=v, duration=0.19624927901895717>
60.5344 	EXP 	fixation: autoDraw = False
60.5344 	EXP 	line1: autoDraw = True
60.5344 	EXP 	line2: autoDraw = True
60.5344 	EXP 	line3: autoDraw = True
60.5344 	EXP 	line4: autoDraw = True
61.5352 	INFO 	Keyboard events cleared
61.5349 	EXP 	probe: autoDraw = True
62.0786 	EXP 	Device response: <KeyPress from None: t=62.07676510704914, value=c, duration=None>
62.0788 	EXP 	New trial (rep=6, index=3): <Trial 27 (3 in rep 6) data={'pos': np.int64(-150), 'corr_resp': 'z', 'thisN': 27, 'thisTrialN': 3, 'thisRepN': 6}>
62.0846 	EXP 	fixation: autoDraw = False
62.0846 	EXP 	line1: autoDraw = False
62.0846 	EXP 	line2: autoDraw = False
62.0846 	EXP 	line3: autoDraw = False
62.0846 	EXP 	line4: autoDraw = False
62.0846 	EXP 	probe: autoDraw = False
62.0846 	EXP 	fixation: autoDraw = True
62.0875 	DATA 	Keypress: c
62.2785 	EXP 	Device response: <KeyPress from None: t=62.07676510704914, value=c, duration=0.20027430797927082>
63.0775 	EXP 	fixation: autoDraw = False
63.0775 	EXP 	line1: autoDraw = True
63.0775 	EXP 	line2: autoDraw = True
63.0775 	EXP 	line3: autoDraw = True
63.0775 	EXP 	line4: autoDraw = True
64.0778 	INFO 	Keyboard events cleared
64.0776 	EXP 	probe: autoDraw = True
64.6117 	EXP 	Device response: <KeyPress from None: t=64.60367805603892, value=z, duration=None>
64.6120 	EXP 	New trial (rep=7, index=0): <Trial 28 (0 in rep 7) data={'pos': np.int64(-50), 'corr_resp': 'x', 'thisN': 28, 'thisTrialN': 0, 'thisRepN': 7}>
64.6143 	DATA 	Keypress: z
64.6198 	EXP 	fixation: autoDraw = False
64.6198 	EXP 	line1: autoDraw = False
64.6198 	EXP 	line2: autoDraw = False
64.6198 	EXP 	line3: autoDraw = False
64.6198 	EXP 	line4: autoDraw = False
64.6198 	EXP 	probe: autoDraw = False
64.6198 	EXP 	fixation: autoDraw = True
64.8181 	EXP 	Device response: <KeyPress from None: t=64.60367805603892, value=z, duration=0.21225354698253796>
65.6109 	EXP 	line1: autoDraw = True
65.6109 	EXP 	line2: autoDraw = True
65.6109 	EXP 	line3: autoDraw = True
65.6109 	EXP 	line4: autoDraw = True
65.6182 	EXP 	fixation: autoDraw = False
66.6111 	INFO 	Keyboard events cleared
66.6110 	EXP 	probe: autoDraw = True
66.8782 	EXP 	Device response: <KeyPress from None: t=66.87151060404722, value=x, duration=None>
66.8785 	EXP 	New trial (rep=7, index=1): <Trial 29 (1 in rep 7) data={'pos': np.int64(150), 'corr_resp': 'v', 'thisN': 29, 'thisTrialN': 1, 'thisRepN': 7}>
66.8810 	DATA 	Keypress: x
66.8864 	EXP 	fixation: autoDraw = False
66.8864 	EXP 	line1: autoDraw = False
66.8864 	EXP 	line2: autoDraw = False
66.8864 	EXP 	line3: autoDraw = False
66.8864 	EXP 	line4: autoDraw = False
66.8864 	EXP 	probe: autoDraw = False
66.8864 	EXP 	fixation: autoDraw = True
67.0449 	EXP 	Device response: <KeyPress from None: t=66.87151060404722, value=x, duration=0.16839463595533744>
67.8679 	EXP 	line1: autoDraw = True
67.8679 	EXP 	line2: autoDraw = True
67.8679 	EXP 	line3: autoDraw = True
67.8679 	EXP 	line4: autoDraw = True
67.8841 	EXP 	fixation: autoDraw = False
68.8687 	INFO 	Keyboard events cleared
68.8685 	EXP 	probe: autoDraw = True
69.1362 	EXP 	Device response: <KeyPress from None: t=69.1303855740116, value=v, duration=None>
69.1365 	EXP 	New trial (rep=7, index=2): <Trial 30 (2 in rep 7) data={'pos': np.int64(50), 'corr_resp': 'c', 'thisN': 30, 'thisTrialN': 2, 'thisRepN': 7}>
69.1388 	DATA 	Keypress: v
69.1447 	EXP 	fixation: autoDraw = False
69.1447 	EXP 	line1: autoDraw = False
69.1447 	EXP 	line2: autoDraw = False
69.1447 	EXP 	line3: autoDraw = False
69.1447 	EXP 	line4: autoDraw = False
69.1447 	EXP 	probe: autoDraw = False
69.1447 	EXP 	fixation: autoDraw = True
69.3279 	EXP 	Device response: <KeyPress from None: t=69.1303855740116, value=v, duration=0.18822529801400378>
70.1346 	EXP 	fixation: autoDraw = False
70.1346 	EXP 	line1: autoDraw = True
70.1346 	EXP 	line2: autoDraw = True
70.1346 	EXP 	line3: autoDraw = True
70.1346 	EXP 	line4: autoDraw = True
71.1350 	INFO 	Keyboard events cleared
71.1347 	EXP 	probe: autoDraw = True
71.3947 	EXP 	Device response: <KeyPress from None: t=71.38937398802955, value=c, duration=None>
71.3950 	EXP 	New trial (rep=7, index=3): <Trial 31 (3 in rep 7) data={'pos': np.int64(-150), 'corr_resp': 'z', 'thisN': 31, 'thisTrialN': 3, 'thisRepN': 7}>
71.3973 	DATA 	Keypress: c
71.4028 	EXP 	fixation: autoDraw = False
71.4028 	EXP 	line1: autoDraw = False
71.4028 	EXP 	line2: autoDraw = False
71.4028 	EXP 	line3: autoDraw = False
71.4028 	EXP 	line4: autoDraw = False
71.4028 	EXP 	probe: autoDraw = False
71.4028 	EXP 	fixation: autoDraw = True
71.5353 	EXP 	Device response: <KeyPress from None: t=71.38937398802955, value=c, duration=0.14424142602365464>
72.3851 	EXP 	line1: autoDraw = True
72.3851 	EXP 	line2: autoDraw = True
72.3851 	EXP 	line3: autoDraw = True
72.3851 	EXP 	line4: autoDraw = True
72.4008 	EXP 	fixation: autoDraw = False
73.3853 	INFO 	Keyboard events cleared
73.3850 	EXP 	probe: autoDraw = True
73.7186 	EXP 	Device response: <KeyPress from None: t=73.71629995701369, value=z, duration=None>
73.7189 	EXP 	New trial (rep=8, index=0): <Trial 32 (0 in rep 8) data={'pos': np.int64(-50), 'corr_resp': 'x', 'thisN': 32, 'thisTrialN': 0, 'thisRepN': 8}>
73.7271 	EXP 	fixation: autoDraw = False
73.7271 	EXP 	line1: autoDraw = False
73.7271 	EXP 	line2: autoDraw = False
73.7271 	EXP 	line3: autoDraw = False
73.7271 	EXP 	line4: autoDraw = False
73.7271 	EXP 	probe: autoDraw = False
73.7271 	EXP 	fixation: autoDraw = True
73.7301 	DATA 	Keypress: z
73.8947 	EXP 	Device response: <KeyPress from None: t=73.71629995701369, value=z, duration=0.16831039899261668>
74.7182 	EXP 	fixation: autoDraw = False
74.7182 	EXP 	line1: autoDraw = True
74.7182 	EXP 	line2: autoDraw = True
74.7182 	EXP 	line3: autoDraw = True
74.7182 	EXP 	line4: autoDraw = True
75.7179 	INFO 	Keyboard events cleared
75.7177 	EXP 	probe: autoDraw = True
76.9680 	EXP 	Device response: <KeyPress from None: t=76.96413053403376, value=x, duration=None>
76.9683 	EXP 	New trial (rep=8, index=1): <Trial 33 (1 in rep 8) data={'pos': np.int64(150), 'corr_resp': 'v', 'thisN': 33, 'thisTrialN': 1, 'thisRepN': 8}>
76.9707 	DATA 	Keypress: x
76.9772 	EXP 	fixation: autoDraw = False
76.9772 	EXP 	line1: autoDraw = False
76.9772 	EXP 	line2: autoDraw = False
76.9772 	EXP 	line3: autoDraw = False
76.9772 	EXP 	line4: autoDraw = False
76.9772 	EXP 	probe: autoDraw = False
76.9772 	EXP 	fixation: autoDraw = True
77.1281 	EXP 	Device response: <KeyPress from None: t=76.96413053403376, value=x, duration=0.15220497001428157>
77.9678 	EXP 	fixation: autoDraw = False
77.9678 	EXP 	line1: autoDraw = True
77.9678 	EXP 	line2: autoDraw = True
77.9678 	EXP 	line3: autoDraw = True
77.9678 	EXP 	line4: autoDraw = True
78.9607 	INFO 	Keyboard events cleared
78.9605 	EXP 	probe: autoDraw = True
79.2277 	EXP 	Device response: <KeyPress from None: t=79.21809210703941, value=v, duration=None>
79.2279 	EXP 	New trial (rep=8, index=2): <Trial 34 (2 in rep 8) data={'pos': np.int64(50), 'corr_resp': 'c', 'thisN': 34, 'thisTrialN': 2, 'thisRepN': 8}>
79.2302 	DATA 	Keypress: v
79.2354 	EXP 	fixation: autoDraw = False
79.2354 	EXP 	line1: autoDraw = False
79.2354 	EXP 	line2: autoDraw = False
79.2354 	EXP 	line3: autoDraw = False
79.2354 	EXP 	line4: autoDraw = False
79.2354 	EXP 	probe: autoDraw = False
79.2354 	EXP 	fixation: autoDraw = True
79.4115 	EXP 	Device response: <KeyPress from None: t=79.21809210703941, value=v, duration=0.19210889498936012>
80.2180 	EXP 	line1: autoDraw = True
80.2180 	EXP 	line2: autoDraw = True
80.2180 	EXP 	line3: autoDraw = True
80.2180 	EXP 	line4: autoDraw = True
80.2272 	EXP 	fixation: autoDraw = False
81.2177 	INFO 	Keyboard events cleared
81.2175 	EXP 	probe: autoDraw = True
81.3111 	EXP 	Device response: <KeyPress from None: t=81.30481610301649, value=c, duration=None>
81.3114 	EXP 	New trial (rep=8, index=3): <Trial 35 (3 in rep 8) data={'pos': np.int64(-150), 'corr_resp': 'z', 'thisN': 35, 'thisTrialN': 3, 'thisRepN': 8}>
81.3137 	DATA 	Keypress: c
81.3196 	EXP 	fixation: autoDraw = False
81.3196 	EXP 	line1: autoDraw = False
81.3196 	EXP 	line2: autoDraw = False
81.3196 	EXP 	line3: autoDraw = False
81.3196 	EXP 	line4: autoDraw = False
81.3196 	EXP 	probe: autoDraw = False
81.3196 	EXP 	fixation: autoDraw = True
81.4775 	EXP 	Device response: <KeyPress from None: t=81.30481610301649, value=c, duration=0.16424069000640884>
82.3015 	EXP 	line1: autoDraw = True
82.3015 	EXP 	line2: autoDraw = True
82.3015 	EXP 	line3: autoDraw = True
82.3015 	EXP 	line4: autoDraw = True
82.3169 	EXP 	fixation: autoDraw = False
83.3009 	INFO 	Keyboard events cleared
83.3006 	EXP 	probe: autoDraw = True
83.3686 	EXP 	Device response: <KeyPress from None: t=83.36182327201823, value=z, duration=None>
83.3689 	EXP 	New trial (rep=9, index=0): <Trial 36 (0 in rep 9) data={'pos': np.int64(-50), 'corr_resp': 'x', 'thisN': 36, 'thisTrialN': 0, 'thisRepN': 9}>
83.3712 	DATA 	Keypress: z
83.3769 	EXP 	fixation: autoDraw = False
83.3769 	EXP 	line1: autoDraw = False
83.3769 	EXP 	line2: autoDraw = False
83.3769 	EXP 	line3: autoDraw = False
83.3769 	EXP 	line4: autoDraw = False
83.3769 	EXP 	probe: autoDraw = False
83.3769 	EXP 	fixation: autoDraw = True
83.5613 	EXP 	Device response: <KeyPress from None: t=83.36182327201823, value=z, duration=0.188272126019001>
84.3675 	EXP 	fixation: autoDraw = False
84.3675 	EXP 	line1: autoDraw = True
84.3675 	EXP 	line2: autoDraw = True
84.3675 	EXP 	line3: autoDraw = True
84.3675 	EXP 	line4: autoDraw = True
85.3681 	INFO 	Keyboard events cleared
85.3679 	EXP 	probe: autoDraw = True
85.6355 	EXP 	Device response: <KeyPress from None: t=85.63275821402203, value=x, duration=None>
85.6358 	EXP 	New trial (rep=9, index=1): <Trial 37 (1 in rep 9) data={'pos': np.int64(150), 'corr_resp': 'v', 'thisN': 37, 'thisTrialN': 1, 'thisRepN': 9}>
85.6435 	EXP 	fixation: autoDraw = False
85.6435 	EXP 	line1: autoDraw = False
85.6435 	EXP 	line2: autoDraw = False
85.6435 	EXP 	line3: autoDraw = False
85.6435 	EXP 	line4: autoDraw = False
85.6435 	EXP 	probe: autoDraw = False
85.6435 	EXP 	fixation: autoDraw = True
85.6462 	DATA 	Keypress: x
85.8109 	EXP 	Device response: <KeyPress from None: t=85.63275821402203, value=x, duration=0.16846549202455208>
86.6337 	EXP 	fixation: autoDraw = False
86.6337 	EXP 	line1: autoDraw = True
86.6337 	EXP 	line2: autoDraw = True
86.6337 	EXP 	line3: autoDraw = True
86.6337 	EXP 	line4: autoDraw = True
87.6341 	INFO 	Keyboard events cleared
87.6339 	EXP 	probe: autoDraw = True
87.7613 	EXP 	Device response: <KeyPress from None: t=87.75967917102389, value=v, duration=None>
87.7616 	EXP 	New trial (rep=9, index=2): <Trial 38 (2 in rep 9) data={'pos': np.int64(50), 'corr_resp': 'c', 'thisN': 38, 'thisTrialN': 2, 'thisRepN': 9}>
87.7673 	EXP 	fixation: autoDraw = False
87.7673 	EXP 	line1: autoDraw = False
87.7673 	EXP 	line2: autoDraw = False
87.7673 	EXP 	line3: autoDraw = False
87.7673 	EXP 	line4: autoDraw = False
87.7673 	EXP 	probe: autoDraw = False
87.7673 	EXP 	fixation: autoDraw = True
87.7701 	DATA 	Keypress: v
87.9351 	EXP 	Device response: <KeyPress from None: t=87.75967917102389, value=v, duration=0.16841568797826767>
88.7604 	EXP 	fixation: autoDraw = False
88.7604 	EXP 	line1: autoDraw = True
88.7604 	EXP 	line2: autoDraw = True
88.7604 	EXP 	line3: autoDraw = True
88.7604 	EXP 	line4: autoDraw = True
89.7605 	INFO 	Keyboard events cleared
89.7603 	EXP 	probe: autoDraw = True
90.0776 	EXP 	Device response: <KeyPress from None: t=90.06847434601514, value=c, duration=None>
90.0779 	EXP 	New trial (rep=9, index=3): <Trial 39 (3 in rep 9) data={'pos': np.int64(-150), 'corr_resp': 'z', 'thisN': 39, 'thisTrialN': 3, 'thisRepN': 9}>
90.0803 	DATA 	Keypress: c
90.0856 	EXP 	fixation: autoDraw = False
90.0856 	EXP 	line1: autoDraw = False
90.0856 	EXP 	line2: autoDraw = False
90.0856 	EXP 	line3: autoDraw = False
90.0856 	EXP 	line4: autoDraw = False
90.0856 	EXP 	probe: autoDraw = False
90.0856 	EXP 	fixation: autoDraw = True
90.2009 	EXP 	Device response: <KeyPress from None: t=90.06847434601514, value=c, duration=0.12842002301476896>
91.0679 	EXP 	line1: autoDraw = True
91.0679 	EXP 	line2: autoDraw = True
91.0679 	EXP 	line3: autoDraw = True
91.0679 	EXP 	line4: autoDraw = True
91.0834 	EXP 	fixation: autoDraw = False
92.0679 	INFO 	Keyboard events cleared
92.0676 	EXP 	probe: autoDraw = True
92.6113 	EXP 	Device response: <KeyPress from None: t=92.60737603303278, value=z, duration=None>
92.6115 	EXP 	New trial (rep=10, index=0): <Trial 40 (0 in rep 10) data={'pos': np.int64(-50), 'corr_resp': 'x', 'thisN': 40, 'thisTrialN': 0, 'thisRepN': 10}>
92.6139 	DATA 	Keypress: z
92.6192 	EXP 	fixation: autoDraw = False
92.6192 	EXP 	line1: autoDraw = False
92.6192 	EXP 	line2: autoDraw = False
92.6192 	EXP 	line3: autoDraw = False
92.6192 	EXP 	line4: autoDraw = False
92.6192 	EXP 	probe: autoDraw = False
92.6192 	EXP 	fixation: autoDraw = True
92.7945 	EXP 	Device response: <KeyPress from None: t=92.60737603303278, value=z, duration=0.1842795410193503>
93.6103 	EXP 	line1: autoDraw = True
93.6103 	EXP 	line2: autoDraw = True
93.6103 	EXP 	line3: autoDraw = True
93.6103 	EXP 	line4: autoDraw = True
93.6169 	EXP 	fixation: autoDraw = False
94.6105 	INFO 	Keyboard events cleared
94.6103 	EXP 	probe: autoDraw = True
94.9610 	EXP 	Device response: <KeyPress from None: t=94.9554115520441, value=x, duration=None>
94.9613 	EXP 	New trial (rep=10, index=1): <Trial 41 (1 in rep 10) data={'pos': np.int64(150), 'corr_resp': 'v', 'thisN': 41, 'thisTrialN': 1, 'thisRepN': 10}>
94.9635 	DATA 	Keypress: x
94.9688 	EXP 	fixation: autoDraw = False
94.9688 	EXP 	line1: autoDraw = False
94.9688 	EXP 	line2: autoDraw = False
94.9688 	EXP 	line3: autoDraw = False
94.9688 	EXP 	line4: autoDraw = False
94.9688 	EXP 	probe: autoDraw = False
94.9688 	EXP 	fixation: autoDraw = True
95.1108 	EXP 	Device response: <KeyPress from None: t=94.9554115520441, value=x, duration=0.1481680529541336>
95.9511 	EXP 	line1: autoDraw = True
95.9511 	EXP 	line2: autoDraw = True
95.9511 	EXP 	line3: autoDraw = True
95.9511 	EXP 	line4: autoDraw = True
95.9668 	EXP 	fixation: autoDraw = False
96.9517 	INFO 	Keyboard events cleared
96.9515 	EXP 	probe: autoDraw = True
97.5348 	EXP 	Device response: <KeyPress from None: t=97.5332386160153, value=v, duration=None>
97.5351 	EXP 	New trial (rep=10, index=2): <Trial 42 (2 in rep 10) data={'pos': np.int64(50), 'corr_resp': 'c', 'thisN': 42, 'thisTrialN': 2, 'thisRepN': 10}>
97.5432 	EXP 	fixation: autoDraw = False
97.5432 	EXP 	line1: autoDraw = False
97.5432 	EXP 	line2: autoDraw = False
97.5432 	EXP 	line3: autoDraw = False
97.5432 	EXP 	line4: autoDraw = False
97.5432 	EXP 	probe: autoDraw = False
97.5432 	EXP 	fixation: autoDraw = True
97.5454 	DATA 	Keypress: v
97.7340 	EXP 	Device response: <KeyPress from None: t=97.5332386160153, value=v, duration=0.19631565298186615>
98.5339 	EXP 	fixation: autoDraw = False
98.5339 	EXP 	line1: autoDraw = True
98.5339 	EXP 	line2: autoDraw = True
98.5339 	EXP 	line3: autoDraw = True
98.5339 	EXP 	line4: autoDraw = True
99.5342 	INFO 	Keyboard events cleared
99.5340 	EXP 	probe: autoDraw = True
99.8275 	EXP 	Device response: <KeyPress from None: t=99.81906730402261, value=c, duration=None>
99.8277 	EXP 	New trial (rep=10, index=3): <Trial 43 (3 in rep 10) data={'pos': np.int64(-150), 'corr_resp': 'z', 'thisN': 43, 'thisTrialN': 3, 'thisRepN': 10}>
99.8300 	DATA 	Keypress: c
99.8353 	EXP 	fixation: autoDraw = False
99.8353 	EXP 	line1: autoDraw = False
99.8353 	EXP 	line2: autoDraw = False
99.8353 	EXP 	line3: autoDraw = False
99.8353 	EXP 	line4: autoDraw = False
99.8353 	EXP 	probe: autoDraw = False
99.8353 	EXP 	fixation: autoDraw = True
100.0176 	EXP 	Device response: <KeyPress from None: t=99.81906730402261, value=c, duration=0.19236768002156168>
100.8176 	EXP 	line1: autoDraw = True
100.8176 	EXP 	line2: autoDraw = True
100.8176 	EXP 	line3: autoDraw = True
100.8176 	EXP 	line4: autoDraw = True
100.8332 	EXP 	fixation: autoDraw = False
101.8183 	INFO 	Keyboard events cleared
101.8181 	EXP 	probe: autoDraw = True
102.1187 	EXP 	Device response: <KeyPress from None: t=102.11295115400571, value=z, duration=None>
102.1190 	EXP 	New trial (rep=11, index=0): <Trial 44 (0 in rep 11) data={'pos': np.int64(-50), 'corr_resp': 'x', 'thisN': 44, 'thisTrialN': 0, 'thisRepN': 11}>
102.1213 	DATA 	Keypress: z
102.1271 	EXP 	fixation: autoDraw = False
102.1271 	EXP 	line1: autoDraw = False
102.1271 	EXP 	line2: autoDraw = False
102.1271 	EXP 	line3: autoDraw = False
102.1271 	EXP 	line4: autoDraw = False
102.1271 	EXP 	probe: autoDraw = False
102.1271 	EXP 	fixation: autoDraw = True
102.2609 	EXP 	Device response: <KeyPress from None: t=102.11295115400571, value=z, duration=0.1442212969996035>
103.1172 	EXP 	fixation: autoDraw = False
103.1172 	EXP 	line1: autoDraw = True
103.1172 	EXP 	line2: autoDraw = True
103.1172 	EXP 	line3: autoDraw = True
103.1172 	EXP 	line4: autoDraw = True
104.1177 	INFO 	Keyboard events cleared
104.1174 	EXP 	probe: autoDraw = True
104.3442 	EXP 	Device response: <KeyPress from None: t=104.33915051002987, value=x, duration=None>
104.3444 	EXP 	New trial (rep=11, index=1): <Trial 45 (1 in rep 11) data={'pos': np.int64(150), 'corr_resp': 'v', 'thisN': 45, 'thisTrialN': 1, 'thisRepN': 11}>
104.3467 	DATA 	Keypress: x
104.3521 	EXP 	fixation: autoDraw = False
104.3521 	EXP 	line1: autoDraw = False
104.3521 	EXP 	line2: autoDraw = False
104.3521 	EXP 	line3: autoDraw = False
104.3521 	EXP 	line4: autoDraw = False
104.3521 	EXP 	probe: autoDraw = False
104.3521 	EXP 	fixation: autoDraw = True
104.5109 	EXP 	Device response: <KeyPress from None: t=104.33915051002987, value=x, duration=0.16412229399429634>
105.3346 	EXP 	line1: autoDraw = True
105.3346 	EXP 	line2: autoDraw = True
105.3346 	EXP 	line3: autoDraw = True
105.3346 	EXP 	line4: autoDraw = True
105.3436 	EXP 	fixation: autoDraw = False
106.3349 	INFO 	Keyboard events cleared
106.3347 	EXP 	probe: autoDraw = True
106.5279 	EXP 	Device response: <KeyPress from None: t=106.52297467703465, value=v, duration=None>
106.5281 	EXP 	New trial (rep=11, index=2): <Trial 46 (2 in rep 11) data={'pos': np.int64(50), 'corr_resp': 'c', 'thisN': 46, 'thisTrialN': 2, 'thisRepN': 11}>
106.5305 	DATA 	Keypress: v
106.5359 	EXP 	fixation: autoDraw = False
106.5359 	EXP 	line1: autoDraw = False
106.5359 	EXP 	line2: autoDraw = False
106.5359 	EXP 	line3: autoDraw = False
106.5359 	EXP 	line4: autoDraw = False
106.5359 	EXP 	probe: autoDraw = False
106.5359 	EXP 	fixation: autoDraw = True
106.7612 	EXP 	Device response: <KeyPress from None: t=106.52297467703465, value=v, duration=0.23615488200448453>
107.5270 	EXP 	line1: autoDraw = True
107.5270 	EXP 	line2: autoDraw = True
107.5270 	EXP 	line3: autoDraw = True
107.5270 	EXP 	line4: autoDraw = True
107.5339 	EXP 	fixation: autoDraw = False
108.5271 	INFO 	Keyboard events cleared
108.5269 	EXP 	probe: autoDraw = True
108.7778 	EXP 	Device response: <KeyPress from None: t=108.77566656999988, value=c, duration=None>
108.7781 	EXP 	New trial (rep=11, index=3): <Trial 47 (3 in rep 11) data={'pos': np.int64(-150), 'corr_resp': 'z', 'thisN': 47, 'thisTrialN': 3, 'thisRepN': 11}>
108.7845 	EXP 	fixation: autoDraw = False
108.7845 	EXP 	line1: autoDraw = False
108.7845 	EXP 	line2: autoDraw = False
108.7845 	EXP 	line3: autoDraw = False
108.7845 	EXP 	line4: autoDraw = False
108.7845 	EXP 	probe: autoDraw = False
108.7845 	EXP 	fixation: autoDraw = True
108.7873 	DATA 	Keypress: c
108.9607 	EXP 	Device response: <KeyPress from None: t=108.77566656999988, value=c, duration=0.17635680502280593>
109.7769 	EXP 	line1: autoDraw = True
109.7769 	EXP 	line2: autoDraw = True
109.7769 	EXP 	line3: autoDraw = True
109.7769 	EXP 	line4: autoDraw = True
109.7836 	EXP 	fixation: autoDraw = False
110.7770 	INFO 	Keyboard events cleared
110.7768 	EXP 	probe: autoDraw = True
111.0020 	EXP 	Device response: <KeyPress from None: t=111.00061005103635, value=z, duration=None>
111.0023 	EXP 	New trial (rep=12, index=0): <Trial 48 (0 in rep 12) data={'pos': np.int64(-50), 'corr_resp': 'x', 'thisN': 48, 'thisTrialN': 0, 'thisRepN': 12}>
111.0101 	EXP 	fixation: autoDraw = False
111.0101 	EXP 	line1: autoDraw = False
111.0101 	EXP 	line2: autoDraw = False
111.0101 	EXP 	line3: autoDraw = False
111.0101 	EXP 	line4: autoDraw = False
111.0101 	EXP 	probe: autoDraw = False
111.0101 	EXP 	fixation: autoDraw = True
111.0124 	DATA 	Keypress: z
111.1511 	EXP 	Device response: <KeyPress from None: t=111.00061005103635, value=z, duration=0.1482296889880672>
112.0010 	EXP 	fixation: autoDraw = False
112.0010 	EXP 	line1: autoDraw = True
112.0010 	EXP 	line2: autoDraw = True
112.0010 	EXP 	line3: autoDraw = True
112.0010 	EXP 	line4: autoDraw = True
113.0014 	INFO 	Keyboard events cleared
113.0012 	EXP 	probe: autoDraw = True
113.3107 	EXP 	Device response: <KeyPress from None: t=113.30052702204557, value=x, duration=None>
113.3110 	EXP 	New trial (rep=12, index=1): <Trial 49 (1 in rep 12) data={'pos': np.int64(150), 'corr_resp': 'v', 'thisN': 49, 'thisTrialN': 1, 'thisRepN': 12}>
113.3133 	DATA 	Keypress: x
113.3188 	EXP 	fixation: autoDraw = False
113.3188 	EXP 	line1: autoDraw = False
113.3188 	EXP 	line2: autoDraw = False
113.3188 	EXP 	line3: autoDraw = False
113.3188 	EXP 	line4: autoDraw = False
113.3188 	EXP 	probe: autoDraw = False
113.3188 	EXP 	fixation: autoDraw = True
113.4608 	EXP 	Device response: <KeyPress from None: t=113.30052702204557, value=x, duration=0.15243933396413922>
114.3010 	EXP 	line1: autoDraw = True
114.3010 	EXP 	line2: autoDraw = True
114.3010 	EXP 	line3: autoDraw = True
114.3010 	EXP 	line4: autoDraw = True
114.3168 	EXP 	fixation: autoDraw = False
115.3009 	INFO 	Keyboard events cleared
115.3006 	EXP 	probe: autoDraw = True
115.8191 	EXP 	Device response: <KeyPress from None: t=115.81342067604419, value=v, duration=None>
115.8194 	EXP 	New trial (rep=12, index=2): <Trial 50 (2 in rep 12) data={'pos': np.int64(50), 'corr_resp': 'c', 'thisN': 50, 'thisTrialN': 2, 'thisRepN': 12}>
115.8218 	DATA 	Keypress: v
115.8277 	EXP 	fixation: autoDraw = False
115.8277 	EXP 	line1: autoDraw = False
115.8277 	EXP 	line2: autoDraw = False
115.8277 	EXP 	line3: autoDraw = False
115.8277 	EXP 	line4: autoDraw = False
115.8277 	EXP 	probe: autoDraw = False
115.8277 	EXP 	fixation: autoDraw = True
116.0275 	EXP 	Device response: <KeyPress from None: t=115.81342067604419, value=v, duration=0.20430485298857093>
116.8177 	EXP 	fixation: autoDraw = False
116.8177 	EXP 	line1: autoDraw = True
116.8177 	EXP 	line2: autoDraw = True
116.8177 	EXP 	line3: autoDraw = True
116.8177 	EXP 	line4: autoDraw = True
117.8178 	INFO 	Keyboard events cleared
117.8176 	EXP 	probe: autoDraw = True
118.1775 	EXP 	Device response: <KeyPress from None: t=118.17242293100571, value=c, duration=None>
118.1778 	EXP 	New trial (rep=12, index=3): <Trial 51 (3 in rep 12) data={'pos': np.int64(-150), 'corr_resp': 'z', 'thisN': 51, 'thisTrialN': 3, 'thisRepN': 12}>
118.1801 	DATA 	Keypress: c
118.1862 	EXP 	fixation: autoDraw = False
118.1862 	EXP 	line1: autoDraw = False
118.1862 	EXP 	line2: autoDraw = False
118.1862 	EXP 	line3: autoDraw = False
118.1862 	EXP 	line4: autoDraw = False
118.1862 	EXP 	probe: autoDraw = False
118.1862 	EXP 	fixation: autoDraw = True
118.3502 	EXP 	Device response: <KeyPress from None: t=118.17242293100571, value=c, duration=0.1761499090353027>
119.1677 	EXP 	line1: autoDraw = True
119.1677 	EXP 	line2: autoDraw = True
119.1677 	EXP 	line3: autoDraw = True
119.1677 	EXP 	line4: autoDraw = True
119.1834 	EXP 	fixation: autoDraw = False
120.1683 	INFO 	Keyboard events cleared
120.1680 	EXP 	probe: autoDraw = True
120.4520 	EXP 	Device response: <KeyPress from None: t=120.44920083403122, value=z, duration=None>
120.4523 	EXP 	New trial (rep=13, index=0): <Trial 52 (0 in rep 13) data={'pos': np.int64(-50), 'corr_resp': 'x', 'thisN': 52, 'thisTrialN': 0, 'thisRepN': 13}>
120.4600 	EXP 	fixation: autoDraw = False
120.4600 	EXP 	line1: autoDraw = False
120.4600 	EXP 	line2: autoDraw = False
120.4600 	EXP 	line3: autoDraw = False
120.4600 	EXP 	line4: autoDraw = False
120.4600 	EXP 	probe: autoDraw = False
120.4600 	EXP 	fixation: autoDraw = True
120.4630 	DATA 	Keypress: z
120.6336 	EXP 	Device response: <KeyPress from None: t=120.44920083403122, value=z, duration=0.18022693396778777>
121.4509 	EXP 	fixation: autoDraw = False
121.4509 	EXP 	line1: autoDraw = True
121.4509 	EXP 	line2: autoDraw = True
121.4509 	EXP 	line3: autoDraw = True
121.4509 	EXP 	line4: autoDraw = True
122.4515 	INFO 	Keyboard events cleared
122.4513 	EXP 	probe: autoDraw = True
122.7016 	EXP 	Device response: <KeyPress from None: t=122.70006341399858, value=x, duration=None>
122.7019 	EXP 	New trial (rep=13, index=1): <Trial 53 (1 in rep 13) data={'pos': np.int64(150), 'corr_resp': 'v', 'thisN': 53, 'thisTrialN': 1, 'thisRepN': 13}>
122.7098 	EXP 	fixation: autoDraw = False
122.7098 	EXP 	line1: autoDraw = False
122.7098 	EXP 	line2: autoDraw = False
122.7098 	EXP 	line3: autoDraw = False
122.7098 	EXP 	line4: autoDraw = False
122.7098 	EXP 	probe: autoDraw = False
122.7098 	EXP 	fixation: autoDraw = True
122.7123 	DATA 	Keypress: x
122.8511 	EXP 	Device response: <KeyPress from None: t=122.70006341399858, value=x, duration=0.1442424810375087>
123.7001 	EXP 	fixation: autoDraw = False
123.7001 	EXP 	line1: autoDraw = True
123.7001 	EXP 	line2: autoDraw = True
123.7001 	EXP 	line3: autoDraw = True
123.7001 	EXP 	line4: autoDraw = True
124.7012 	INFO 	Keyboard events cleared
124.7010 	EXP 	probe: autoDraw = True
124.9347 	EXP 	Device response: <KeyPress from None: t=124.93201285600662, value=v, duration=None>
124.9350 	EXP 	New trial (rep=13, index=2): <Trial 54 (2 in rep 13) data={'pos': np.int64(50), 'corr_resp': 'c', 'thisN': 54, 'thisTrialN': 2, 'thisRepN': 13}>
124.9431 	EXP 	fixation: autoDraw = False
124.9431 	EXP 	line1: autoDraw = False
124.9431 	EXP 	line2: autoDraw = False
124.9431 	EXP 	line3: autoDraw = False
124.9431 	EXP 	line4: autoDraw = False
124.9431 	EXP 	probe: autoDraw = False
124.9431 	EXP 	fixation: autoDraw = True
124.9463 	DATA 	Keypress: v
125.1107 	EXP 	Device response: <KeyPress from None: t=124.93201285600662, value=v, duration=0.16820415301481262>
125.9338 	EXP 	fixation: autoDraw = False
125.9338 	EXP 	line1: autoDraw = True
125.9338 	EXP 	line2: autoDraw = True
125.9338 	EXP 	line3: autoDraw = True
125.9338 	EXP 	line4: autoDraw = True
126.9341 	INFO 	Keyboard events cleared
126.9339 	EXP 	probe: autoDraw = True
127.2110 	EXP 	Device response: <KeyPress from None: t=127.20988857705379, value=c, duration=None>
127.2113 	EXP 	New trial (rep=13, index=3): <Trial 55 (3 in rep 13) data={'pos': np.int64(-150), 'corr_resp': 'z', 'thisN': 55, 'thisTrialN': 3, 'thisRepN': 13}>
127.2177 	EXP 	fixation: autoDraw = False
127.2177 	EXP 	line1: autoDraw = False
127.2177 	EXP 	line2: autoDraw = False
127.2177 	EXP 	line3: autoDraw = False
127.2177 	EXP 	line4: autoDraw = False
127.2177 	EXP 	probe: autoDraw = False
127.2177 	EXP 	fixation: autoDraw = True
127.2205 	DATA 	Keypress: c
127.3275 	EXP 	Device response: <KeyPress from None: t=127.20988857705379, value=c, duration=0.11643945396644995>
128.2100 	EXP 	line1: autoDraw = True
128.2100 	EXP 	line2: autoDraw = True
128.2100 	EXP 	line3: autoDraw = True
128.2100 	EXP 	line4: autoDraw = True
128.2167 	EXP 	fixation: autoDraw = False
129.2101 	INFO 	Keyboard events cleared
129.2099 	EXP 	probe: autoDraw = True
129.6777 	EXP 	Device response: <KeyPress from None: t=129.67479380301666, value=z, duration=None>
129.6780 	EXP 	New trial (rep=14, index=0): <Trial 56 (0 in rep 14) data={'pos': np.int64(-50), 'corr_resp': 'x', 'thisN': 56, 'thisTrialN': 0, 'thisRepN': 14}>
129.6804 	DATA 	Keypress: z
129.6867 	EXP 	fixation: autoDraw = False
129.6867 	EXP 	line1: autoDraw = False
129.6867 	EXP 	line2: autoDraw = False
129.6867 	EXP 	line3: autoDraw = False
129.6867 	EXP 	line4: autoDraw = False
129.6867 	EXP 	probe: autoDraw = False
129.6867 	EXP 	fixation: autoDraw = True
129.8605 	EXP 	Device response: <KeyPress from None: t=129.67479380301666, value=z, duration=0.17617920303018764>
130.6766 	EXP 	line1: autoDraw = True
130.6766 	EXP 	line2: autoDraw = True
130.6766 	EXP 	line3: autoDraw = True
130.6766 	EXP 	line4: autoDraw = True
130.6837 	EXP 	fixation: autoDraw = False
131.6767 	INFO 	Keyboard events cleared
131.6766 	EXP 	probe: autoDraw = True
132.0776 	EXP 	Device response: <KeyPress from None: t=132.07268817501608, value=x, duration=None>
132.0778 	EXP 	New trial (rep=14, index=1): <Trial 57 (1 in rep 14) data={'pos': np.int64(150), 'corr_resp': 'v', 'thisN': 57, 'thisTrialN': 1, 'thisRepN': 14}>
132.0801 	DATA 	Keypress: x
132.0856 	EXP 	fixation: autoDraw = False
132.0856 	EXP 	line1: autoDraw = False
132.0856 	EXP 	line2: autoDraw = False
132.0856 	EXP 	line3: autoDraw = False
132.0856 	EXP 	line4: autoDraw = False
132.0856 	EXP 	probe: autoDraw = False
132.0856 	EXP 	fixation: autoDraw = True
132.2108 	EXP 	Device response: <KeyPress from None: t=132.07268817501608, value=x, duration=0.13630924501921982>
133.0766 	EXP 	line1: autoDraw = True
133.0766 	EXP 	line2: autoDraw = True
133.0766 	EXP 	line3: autoDraw = True
133.0766 	EXP 	line4: autoDraw = True
133.0837 	EXP 	fixation: autoDraw = False
134.0767 	INFO 	Keyboard events cleared
134.0765 	EXP 	probe: autoDraw = True
134.3772 	EXP 	Device response: <KeyPress from None: t=134.37061575200642, value=v, duration=None>
134.3775 	EXP 	New trial (rep=14, index=2): <Trial 58 (2 in rep 14) data={'pos': np.int64(50), 'corr_resp': 'c', 'thisN': 58, 'thisTrialN': 2, 'thisRepN': 14}>
134.3797 	DATA 	Keypress: v
134.3851 	EXP 	fixation: autoDraw = False
134.3851 	EXP 	line1: autoDraw = False
134.3851 	EXP 	line2: autoDraw = False
134.3851 	EXP 	line3: autoDraw = False
134.3851 	EXP 	line4: autoDraw = False
134.3851 	EXP 	probe: autoDraw = False
134.3851 	EXP 	fixation: autoDraw = True
134.6275 	EXP 	Device response: <KeyPress from None: t=134.37061575200642, value=v, duration=0.2522932360298>
135.3673 	EXP 	line1: autoDraw = True
135.3673 	EXP 	line2: autoDraw = True
135.3673 	EXP 	line3: autoDraw = True
135.3673 	EXP 	line4: autoDraw = True
135.3831 	EXP 	fixation: autoDraw = False
136.3680 	INFO 	Keyboard events cleared
136.3677 	EXP 	probe: autoDraw = True
136.7181 	EXP 	Device response: <KeyPress from None: t=136.71473982202588, value=c, duration=None>
136.7184 	EXP 	New trial (rep=14, index=3): <Trial 59 (3 in rep 14) data={'pos': np.int64(-150), 'corr_resp': 'z', 'thisN': 59, 'thisTrialN': 3, 'thisRepN': 14}>
136.7207 	DATA 	Keypress: c
136.7266 	EXP 	fixation: autoDraw = False
136.7266 	EXP 	line1: autoDraw = False
136.7266 	EXP 	line2: autoDraw = False
136.7266 	EXP 	line3: autoDraw = False
136.7266 	EXP 	line4: autoDraw = False
136.7266 	EXP 	probe: autoDraw = False
136.7266 	EXP 	fixation: autoDraw = True
136.8769 	EXP 	Device response: <KeyPress from None: t=136.71473982202588, value=c, duration=0.15217855398077518>
137.7168 	EXP 	fixation: autoDraw = False
137.7168 	EXP 	line1: autoDraw = True
137.7168 	EXP 	line2: autoDraw = True
137.7168 	EXP 	line3: autoDraw = True
137.7168 	EXP 	line4: autoDraw = True
138.7172 	INFO 	Keyboard events cleared
138.7170 	EXP 	probe: autoDraw = True
138.9438 	EXP 	Device response: <KeyPress from None: t=138.9413885929971, value=z, duration=None>
138.9440 	EXP 	New trial (rep=15, index=0): <Trial 60 (0 in rep 15) data={'pos': np.int64(-50), 'corr_resp': 'x', 'thisN': 60, 'thisTrialN': 0, 'thisRepN': 15}>
138.9464 	DATA 	Keypress: z
138.9518 	EXP 	fixation: autoDraw = False
138.9518 	EXP 	line1: autoDraw = False
138.9518 	EXP 	line2: autoDraw = False
138.9518 	EXP 	line3: autoDraw = False
138.9518 	EXP 	line4: autoDraw = False
138.9518 	EXP 	probe: autoDraw = False
138.9518 	EXP 	fixation: autoDraw = True
139.1107 	EXP 	Device response: <KeyPress from None: t=138.9413885929971, value=z, duration=0.16816253104479983>
139.9337 	EXP 	line1: autoDraw = True
139.9337 	EXP 	line2: autoDraw = True
139.9337 	EXP 	line3: autoDraw = True
139.9337 	EXP 	line4: autoDraw = True
139.9500 	EXP 	fixation: autoDraw = False
140.9432 	INFO 	Keyboard events cleared
140.9430 	EXP 	probe: autoDraw = True
141.2181 	EXP 	Device response: <KeyPress from None: t=141.21532804402523, value=x, duration=None>
141.2184 	EXP 	New trial (rep=15, index=1): <Trial 61 (1 in rep 15) data={'pos': np.int64(150), 'corr_resp': 'v', 'thisN': 61, 'thisTrialN': 1, 'thisRepN': 15}>
141.2261 	EXP 	fixation: autoDraw = False
141.2261 	EXP 	line1: autoDraw = False
141.2261 	EXP 	line2: autoDraw = False
141.2261 	EXP 	line3: autoDraw = False
141.2261 	EXP 	line4: autoDraw = False
141.2261 	EXP 	probe: autoDraw = False
141.2261 	EXP 	fixation: autoDraw = True
141.2287 	DATA 	Keypress: x
141.3439 	EXP 	Device response: <KeyPress from None: t=141.21532804402523, value=x, duration=0.12428234599065036>
142.2167 	EXP 	fixation: autoDraw = False
142.2167 	EXP 	line1: autoDraw = True
142.2167 	EXP 	line2: autoDraw = True
142.2167 	EXP 	line3: autoDraw = True
142.2167 	EXP 	line4: autoDraw = True
143.2171 	INFO 	Keyboard events cleared
143.2169 	EXP 	probe: autoDraw = True
143.5272 	EXP 	Device response: <KeyPress from None: t=143.52424124802928, value=v, duration=None>
143.5275 	EXP 	New trial (rep=15, index=2): <Trial 62 (2 in rep 15) data={'pos': np.int64(50), 'corr_resp': 'c', 'thisN': 62, 'thisTrialN': 2, 'thisRepN': 15}>
143.5298 	DATA 	Keypress: v
143.5351 	EXP 	fixation: autoDraw = False
143.5351 	EXP 	line1: autoDraw = False
143.5351 	EXP 	line2: autoDraw = False
143.5351 	EXP 	line3: autoDraw = False
143.5351 	EXP 	line4: autoDraw = False
143.5351 	EXP 	probe: autoDraw = False
143.5351 	EXP 	fixation: autoDraw = True
143.7503 	EXP 	Device response: <KeyPress from None: t=143.52424124802928, value=v, duration=0.22029455500887707>
144.5262 	EXP 	line1: autoDraw = True
144.5262 	EXP 	line2: autoDraw = True
144.5262 	EXP 	line3: autoDraw = True
144.5262 	EXP 	line4: autoDraw = True
144.5328 	EXP 	fixation: autoDraw = False
145.5265 	INFO 	Keyboard events cleared
145.5263 	EXP 	probe: autoDraw = True
145.8175 	EXP 	Device response: <KeyPress from None: t=145.81015420600306, value=c, duration=None>
145.8178 	EXP 	New trial (rep=15, index=3): <Trial 63 (3 in rep 15) data={'pos': np.int64(-150), 'corr_resp': 'z', 'thisN': 63, 'thisTrialN': 3, 'thisRepN': 15}>
145.8201 	DATA 	Keypress: c
145.8258 	EXP 	fixation: autoDraw = False
145.8258 	EXP 	line1: autoDraw = False
145.8258 	EXP 	line2: autoDraw = False
145.8258 	EXP 	line3: autoDraw = False
145.8258 	EXP 	line4: autoDraw = False
145.8258 	EXP 	probe: autoDraw = False
145.8258 	EXP 	fixation: autoDraw = True
145.9771 	EXP 	Device response: <KeyPress from None: t=145.81015420600306, value=c, duration=0.1642726770369336>
146.8169 	EXP 	fixation: autoDraw = False
146.8169 	EXP 	line1: autoDraw = True
146.8169 	EXP 	line2: autoDraw = True
146.8169 	EXP 	line3: autoDraw = True
146.8169 	EXP 	line4: autoDraw = True
147.8178 	INFO 	Keyboard events cleared
147.8176 	EXP 	probe: autoDraw = True
148.1176 	EXP 	Device response: <KeyPress from None: t=148.11517397500575, value=z, duration=None>
148.1179 	EXP 	New trial (rep=16, index=0): <Trial 64 (0 in rep 16) data={'pos': np.int64(-50), 'corr_resp': 'x', 'thisN': 64, 'thisTrialN': 0, 'thisRepN': 16}>
148.1259 	EXP 	fixation: autoDraw = False
148.1259 	EXP 	line1: autoDraw = False
148.1259 	EXP 	line2: autoDraw = False
148.1259 	EXP 	line3: autoDraw = False
148.1259 	EXP 	line4: autoDraw = False
148.1259 	EXP 	probe: autoDraw = False
148.1259 	EXP 	fixation: autoDraw = True
148.1288 	DATA 	Keypress: z
148.2938 	EXP 	Device response: <KeyPress from None: t=148.11517397500575, value=z, duration=0.17600075504742563>
149.1169 	EXP 	fixation: autoDraw = False
149.1169 	EXP 	line1: autoDraw = True
149.1169 	EXP 	line2: autoDraw = True
149.1169 	EXP 	line3: autoDraw = True
149.1169 	EXP 	line4: autoDraw = True
150.1169 	INFO 	Keyboard events cleared
150.1166 	EXP 	probe: autoDraw = True
150.4766 	EXP 	Device response: <KeyPress from None: t=150.46788881602697, value=x, duration=None>
150.4769 	EXP 	New trial (rep=16, index=1): <Trial 65 (1 in rep 16) data={'pos': np.int64(150), 'corr_resp': 'v', 'thisN': 65, 'thisTrialN': 1, 'thisRepN': 16}>
150.4792 	DATA 	Keypress: x
150.4845 	EXP 	fixation: autoDraw = False
150.4845 	EXP 	line1: autoDraw = False
150.4845 	EXP 	line2: autoDraw = False
150.4845 	EXP 	line3: autoDraw = False
150.4845 	EXP 	line4: autoDraw = False
150.4845 	EXP 	probe: autoDraw = False
150.4845 	EXP 	fixation: autoDraw = True
150.6103 	EXP 	Device response: <KeyPress from None: t=150.46788881602697, value=x, duration=0.13652398099657148>
151.4671 	EXP 	line1: autoDraw = True
151.4671 	EXP 	line2: autoDraw = True
151.4671 	EXP 	line3: autoDraw = True
151.4671 	EXP 	line4: autoDraw = True
151.4762 	EXP 	fixation: autoDraw = False
152.4666 	INFO 	Keyboard events cleared
152.4663 	EXP 	probe: autoDraw = True
152.8675 	EXP 	Device response: <KeyPress from None: t=152.86391140404157, value=v, duration=None>
152.8678 	EXP 	New trial (rep=16, index=2): <Trial 66 (2 in rep 16) data={'pos': np.int64(50), 'corr_resp': 'c', 'thisN': 66, 'thisTrialN': 2, 'thisRepN': 16}>
152.8701 	DATA 	Keypress: v
152.8759 	EXP 	fixation: autoDraw = False
152.8759 	EXP 	line1: autoDraw = False
152.8759 	EXP 	line2: autoDraw = False
152.8759 	EXP 	line3: autoDraw = False
152.8759 	EXP 	line4: autoDraw = False
152.8759 	EXP 	probe: autoDraw = False
152.8759 	EXP 	fixation: autoDraw = True
153.0498 	EXP 	Device response: <KeyPress from None: t=152.86391140404157, value=v, duration=0.18020063400035724>
153.8661 	EXP 	fixation: autoDraw = False
153.8661 	EXP 	line1: autoDraw = True
153.8661 	EXP 	line2: autoDraw = True
153.8661 	EXP 	line3: autoDraw = True
153.8661 	EXP 	line4: autoDraw = True
154.8669 	INFO 	Keyboard events cleared
154.8666 	EXP 	probe: autoDraw = True
155.1845 	EXP 	Device response: <KeyPress from None: t=155.18075645301724, value=c, duration=None>
155.1848 	EXP 	New trial (rep=16, index=3): <Trial 67 (3 in rep 16) data={'pos': np.int64(-150), 'corr_resp': 'z', 'thisN': 67, 'thisTrialN': 3, 'thisRepN': 16}>
155.1871 	DATA 	Keypress: c
155.1929 	EXP 	fixation: autoDraw = False
155.1929 	EXP 	line1: autoDraw = False
155.1929 	EXP 	line2: autoDraw = False
155.1929 	EXP 	line3: autoDraw = False
155.1929 	EXP 	line4: autoDraw = False
155.1929 	EXP 	probe: autoDraw = False
155.1929 	EXP 	fixation: autoDraw = True
155.2937 	EXP 	Device response: <KeyPress from None: t=155.18075645301724, value=c, duration=0.10824130399851128>
156.1831 	EXP 	fixation: autoDraw = False
156.1831 	EXP 	line1: autoDraw = True
156.1831 	EXP 	line2: autoDraw = True
156.1831 	EXP 	line3: autoDraw = True
156.1831 	EXP 	line4: autoDraw = True
157.1833 	INFO 	Keyboard events cleared
157.1830 	EXP 	probe: autoDraw = True
157.5344 	EXP 	Device response: <KeyPress from None: t=157.5276511030388, value=z, duration=None>
157.5347 	EXP 	New trial (rep=17, index=0): <Trial 68 (0 in rep 17) data={'pos': np.int64(-50), 'corr_resp': 'x', 'thisN': 68, 'thisTrialN': 0, 'thisRepN': 17}>
157.5370 	DATA 	Keypress: z
157.5426 	EXP 	fixation: autoDraw = False
157.5426 	EXP 	line1: autoDraw = False
157.5426 	EXP 	line2: autoDraw = False
157.5426 	EXP 	line3: autoDraw = False
157.5426 	EXP 	line4: autoDraw = False
157.5426 	EXP 	probe: autoDraw = False
157.5426 	EXP 	fixation: autoDraw = True
157.6829 	EXP 	Device response: <KeyPress from None: t=157.5276511030388, value=z, duration=0.1522596569848247>
158.5335 	EXP 	fixation: autoDraw = False
158.5335 	EXP 	line1: autoDraw = True
158.5335 	EXP 	line2: autoDraw = True
158.5335 	EXP 	line3: autoDraw = True
158.5335 	EXP 	line4: autoDraw = True
159.5337 	INFO 	Keyboard events cleared
159.5334 	EXP 	probe: autoDraw = True
159.7840 	EXP 	Device response: <KeyPress from None: t=159.7795167050208, value=x, duration=None>
159.7842 	EXP 	New trial (rep=17, index=1): <Trial 69 (1 in rep 17) data={'pos': np.int64(150), 'corr_resp': 'v', 'thisN': 69, 'thisTrialN': 1, 'thisRepN': 17}>
159.7866 	DATA 	Keypress: x
159.7923 	EXP 	fixation: autoDraw = False
159.7923 	EXP 	line1: autoDraw = False
159.7923 	EXP 	line2: autoDraw = False
159.7923 	EXP 	line3: autoDraw = False
159.7923 	EXP 	line4: autoDraw = False
159.7923 	EXP 	probe: autoDraw = False
159.7923 	EXP 	fixation: autoDraw = True
159.9499 	EXP 	Device response: <KeyPress from None: t=159.7795167050208, value=x, duration=0.16821253998205066>
160.7833 	EXP 	fixation: autoDraw = False
160.7833 	EXP 	line1: autoDraw = True
160.7833 	EXP 	line2: autoDraw = True
160.7833 	EXP 	line3: autoDraw = True
160.7833 	EXP 	line4: autoDraw = True
161.7763 	INFO 	Keyboard events cleared
161.7761 	EXP 	probe: autoDraw = True
161.9270 	EXP 	Device response: <KeyPress from None: t=161.92241104203276, value=v, duration=None>
161.9273 	EXP 	New trial (rep=17, index=2): <Trial 70 (2 in rep 17) data={'pos': np.int64(50), 'corr_resp': 'c', 'thisN': 70, 'thisTrialN': 2, 'thisRepN': 17}>
161.9296 	DATA 	Keypress: v
161.9349 	EXP 	fixation: autoDraw = False
161.9349 	EXP 	line1: autoDraw = False
161.9349 	EXP 	line2: autoDraw = False
161.9349 	EXP 	line3: autoDraw = False
161.9349 	EXP 	line4: autoDraw = False
161.9349 	EXP 	probe: autoDraw = False
161.9349 	EXP 	fixation: autoDraw = True
162.1162 	EXP 	Device response: <KeyPress from None: t=161.92241104203276, value=v, duration=0.19240557501325384>
162.9261 	EXP 	line1: autoDraw = True
162.9261 	EXP 	line2: autoDraw = True
162.9261 	EXP 	line3: autoDraw = True
162.9261 	EXP 	line4: autoDraw = True
162.9334 	EXP 	fixation: autoDraw = False
163.9263 	INFO 	Keyboard events cleared
163.9261 	EXP 	probe: autoDraw = True
164.2768 	EXP 	Device response: <KeyPress from None: t=164.2733738590032, value=c, duration=None>
164.2771 	EXP 	New trial (rep=17, index=3): <Trial 71 (3 in rep 17) data={'pos': np.int64(-150), 'corr_resp': 'z', 'thisN': 71, 'thisTrialN': 3, 'thisRepN': 17}>
164.2794 	DATA 	Keypress: c
164.2848 	EXP 	fixation: autoDraw = False
164.2848 	EXP 	line1: autoDraw = False
164.2848 	EXP 	line2: autoDraw = False
164.2848 	EXP 	line3: autoDraw = False
164.2848 	EXP 	line4: autoDraw = False
164.2848 	EXP 	probe: autoDraw = False
164.2848 	EXP 	fixation: autoDraw = True
164.4266 	EXP 	Device response: <KeyPress from None: t=164.2733738590032, value=c, duration=0.14831208804389462>
165.2668 	EXP 	line1: autoDraw = True
165.2668 	EXP 	line2: autoDraw = True
165.2668 	EXP 	line3: autoDraw = True
165.2668 	EXP 	line4: autoDraw = True
165.2825 	EXP 	fixation: autoDraw = False
166.2668 	INFO 	Keyboard events cleared
166.2666 	EXP 	probe: autoDraw = True
166.6265 	EXP 	Device response: <KeyPress from None: t=166.6181984230061, value=z, duration=None>
166.6268 	EXP 	New trial (rep=18, index=0): <Trial 72 (0 in rep 18) data={'pos': np.int64(-50), 'corr_resp': 'x', 'thisN': 72, 'thisTrialN': 0, 'thisRepN': 18}>
166.6291 	DATA 	Keypress: z
166.6344 	EXP 	fixation: autoDraw = False
166.6344 	EXP 	line1: autoDraw = False
166.6344 	EXP 	line2: autoDraw = False
166.6344 	EXP 	line3: autoDraw = False
166.6344 	EXP 	line4: autoDraw = False
166.6344 	EXP 	probe: autoDraw = False
166.6344 	EXP 	fixation: autoDraw = True
166.8270 	EXP 	Device response: <KeyPress from None: t=166.6181984230061, value=z, duration=0.2043925240286626>
167.6168 	EXP 	line1: autoDraw = True
167.6168 	EXP 	line2: autoDraw = True
167.6168 	EXP 	line3: autoDraw = True
167.6168 	EXP 	line4: autoDraw = True
167.6260 	EXP 	fixation: autoDraw = False
168.6168 	INFO 	Keyboard events cleared
168.6166 	EXP 	probe: autoDraw = True
168.8839 	EXP 	Device response: <KeyPress from None: t=168.88118788803695, value=x, duration=None>
168.8842 	EXP 	New trial (rep=18, index=1): <Trial 73 (1 in rep 18) data={'pos': np.int64(150), 'corr_resp': 'v', 'thisN': 73, 'thisTrialN': 1, 'thisRepN': 18}>
168.8923 	EXP 	fixation: autoDraw = False
168.8923 	EXP 	line1: autoDraw = False
168.8923 	EXP 	line2: autoDraw = False
168.8923 	EXP 	line3: autoDraw = False
168.8923 	EXP 	line4: autoDraw = False
168.8923 	EXP 	probe: autoDraw = False
168.8923 	EXP 	fixation: autoDraw = True
168.8953 	DATA 	Keypress: x
169.0164 	EXP 	Device response: <KeyPress from None: t=168.88118788803695, value=x, duration=0.13222890999168158>
169.8830 	EXP 	fixation: autoDraw = False
169.8830 	EXP 	line1: autoDraw = True
169.8830 	EXP 	line2: autoDraw = True
169.8830 	EXP 	line3: autoDraw = True
169.8830 	EXP 	line4: autoDraw = True
170.8839 	INFO 	Keyboard events cleared
170.8837 	EXP 	probe: autoDraw = True
170.9674 	EXP 	Device response: <KeyPress from None: t=170.96101999701932, value=v, duration=None>
170.9677 	EXP 	New trial (rep=18, index=2): <Trial 74 (2 in rep 18) data={'pos': np.int64(50), 'corr_resp': 'c', 'thisN': 74, 'thisTrialN': 2, 'thisRepN': 18}>
170.9700 	DATA 	Keypress: v
170.9757 	EXP 	fixation: autoDraw = False
170.9757 	EXP 	line1: autoDraw = False
170.9757 	EXP 	line2: autoDraw = False
170.9757 	EXP 	line3: autoDraw = False
170.9757 	EXP 	line4: autoDraw = False
170.9757 	EXP 	probe: autoDraw = False
170.9757 	EXP 	fixation: autoDraw = True
171.1765 	EXP 	Device response: <KeyPress from None: t=170.96101999701932, value=v, duration=0.20840377401327714>
171.9663 	EXP 	fixation: autoDraw = False
171.9663 	EXP 	line1: autoDraw = True
171.9663 	EXP 	line2: autoDraw = True
171.9663 	EXP 	line3: autoDraw = True
171.9663 	EXP 	line4: autoDraw = True
172.9665 	INFO 	Keyboard events cleared
172.9662 	EXP 	probe: autoDraw = True
173.0677 	EXP 	Device response: <KeyPress from None: t=173.06397989200195, value=c, duration=None>
173.0680 	EXP 	New trial (rep=18, index=3): <Trial 75 (3 in rep 18) data={'pos': np.int64(-150), 'corr_resp': 'z', 'thisN': 75, 'thisTrialN': 3, 'thisRepN': 18}>
173.0704 	DATA 	Keypress: c
173.0763 	EXP 	fixation: autoDraw = False
173.0763 	EXP 	line1: autoDraw = False
173.0763 	EXP 	line2: autoDraw = False
173.0763 	EXP 	line3: autoDraw = False
173.0763 	EXP 	line4: autoDraw = False
173.0763 	EXP 	probe: autoDraw = False
173.0763 	EXP 	fixation: autoDraw = True
173.2498 	EXP 	Device response: <KeyPress from None: t=173.06397989200195, value=c, duration=0.1802672750200145>
174.0666 	EXP 	fixation: autoDraw = False
174.0666 	EXP 	line1: autoDraw = True
174.0666 	EXP 	line2: autoDraw = True
174.0666 	EXP 	line3: autoDraw = True
174.0666 	EXP 	line4: autoDraw = True
175.0681 	INFO 	Keyboard events cleared
175.0679 	EXP 	probe: autoDraw = True
175.3265 	EXP 	Device response: <KeyPress from None: t=175.3187967830454, value=z, duration=None>
175.3268 	EXP 	New trial (rep=19, index=0): <Trial 76 (0 in rep 19) data={'pos': np.int64(-50), 'corr_resp': 'x', 'thisN': 76, 'thisTrialN': 0, 'thisRepN': 19}>
175.3291 	DATA 	Keypress: z
175.3350 	EXP 	fixation: autoDraw = False
175.3350 	EXP 	line1: autoDraw = False
175.3350 	EXP 	line2: autoDraw = False
175.3350 	EXP 	line3: autoDraw = False
175.3350 	EXP 	line4: autoDraw = False
175.3350 	EXP 	probe: autoDraw = False
175.3350 	EXP 	fixation: autoDraw = True
175.5267 	EXP 	Device response: <KeyPress from None: t=175.3187967830454, value=z, duration=0.20445918495533988>
176.3167 	EXP 	line1: autoDraw = True
176.3167 	EXP 	line2: autoDraw = True
176.3167 	EXP 	line3: autoDraw = True
176.3167 	EXP 	line4: autoDraw = True
176.3324 	EXP 	fixation: autoDraw = False
177.3165 	INFO 	Keyboard events cleared
177.3162 	EXP 	probe: autoDraw = True
177.6100 	EXP 	Device response: <KeyPress from None: t=177.60672973201144, value=x, duration=None>
177.6103 	EXP 	New trial (rep=19, index=1): <Trial 77 (1 in rep 19) data={'pos': np.int64(150), 'corr_resp': 'v', 'thisN': 77, 'thisTrialN': 1, 'thisRepN': 19}>
177.6126 	DATA 	Keypress: x
177.6180 	EXP 	fixation: autoDraw = False
177.6180 	EXP 	line1: autoDraw = False
177.6180 	EXP 	line2: autoDraw = False
177.6180 	EXP 	line3: autoDraw = False
177.6180 	EXP 	line4: autoDraw = False
177.6180 	EXP 	probe: autoDraw = False
177.6180 	EXP 	fixation: autoDraw = True
177.7501 	EXP 	Device response: <KeyPress from None: t=177.60672973201144, value=x, duration=0.1362414369941689>
178.5995 	EXP 	line1: autoDraw = True
178.5995 	EXP 	line2: autoDraw = True
178.5995 	EXP 	line3: autoDraw = True
178.5995 	EXP 	line4: autoDraw = True
178.6156 	EXP 	fixation: autoDraw = False
179.8480 	INFO 	Keyboard events cleared
179.8478 	EXP 	probe: autoDraw = True
180.1101 	EXP 	Device response: <KeyPress from None: t=180.10374163702363, value=v, duration=None>
180.1104 	EXP 	New trial (rep=19, index=2): <Trial 78 (2 in rep 19) data={'pos': np.int64(50), 'corr_resp': 'c', 'thisN': 78, 'thisTrialN': 2, 'thisRepN': 19}>
180.1127 	DATA 	Keypress: v
180.1182 	EXP 	fixation: autoDraw = False
180.1182 	EXP 	line1: autoDraw = False
180.1182 	EXP 	line2: autoDraw = False
180.1182 	EXP 	line3: autoDraw = False
180.1182 	EXP 	line4: autoDraw = False
180.1182 	EXP 	probe: autoDraw = False
180.1182 	EXP 	fixation: autoDraw = True
180.2769 	EXP 	Device response: <KeyPress from None: t=180.10374163702363, value=v, duration=0.16826818900881335>
181.1093 	EXP 	line1: autoDraw = True
181.1093 	EXP 	line2: autoDraw = True
181.1093 	EXP 	line3: autoDraw = True
181.1093 	EXP 	line4: autoDraw = True
181.1167 	EXP 	fixation: autoDraw = False
182.1095 	INFO 	Keyboard events cleared
182.1092 	EXP 	probe: autoDraw = True
182.5767 	EXP 	Device response: <KeyPress from None: t=182.57346522301668, value=c, duration=None>
182.5770 	EXP 	New trial (rep=19, index=3): <Trial 79 (3 in rep 19) data={'pos': np.int64(-150), 'corr_resp': 'z', 'thisN': 79, 'thisTrialN': 3, 'thisRepN': 19}>
182.5793 	DATA 	Keypress: c
182.5848 	EXP 	fixation: autoDraw = False
182.5848 	EXP 	line1: autoDraw = False
182.5848 	EXP 	line2: autoDraw = False
182.5848 	EXP 	line3: autoDraw = False
182.5848 	EXP 	line4: autoDraw = False
182.5848 	EXP 	probe: autoDraw = False
182.5848 	EXP 	fixation: autoDraw = True
182.7432 	EXP 	Device response: <KeyPress from None: t=182.57346522301668, value=c, duration=0.1683778489823453>
183.5668 	EXP 	line1: autoDraw = True
183.5668 	EXP 	line2: autoDraw = True
183.5668 	EXP 	line3: autoDraw = True
183.5668 	EXP 	line4: autoDraw = True
183.5826 	EXP 	fixation: autoDraw = False
184.5762 	INFO 	Keyboard events cleared
184.5759 	EXP 	probe: autoDraw = True
184.8342 	EXP 	Device response: <KeyPress from None: t=184.8283677570289, value=z, duration=None>
184.8345 	EXP 	New trial (rep=20, index=0): <Trial 80 (0 in rep 20) data={'pos': np.int64(-50), 'corr_resp': 'x', 'thisN': 80, 'thisTrialN': 0, 'thisRepN': 20}>
184.8370 	DATA 	Keypress: z
184.8430 	EXP 	fixation: autoDraw = False
184.8430 	EXP 	line1: autoDraw = False
184.8430 	EXP 	line2: autoDraw = False
184.8430 	EXP 	line3: autoDraw = False
184.8430 	EXP 	line4: autoDraw = False
184.8430 	EXP 	probe: autoDraw = False
184.8430 	EXP 	fixation: autoDraw = True
185.0263 	EXP 	Device response: <KeyPress from None: t=184.8283677570289, value=z, duration=0.1882958430214785>
185.8334 	EXP 	fixation: autoDraw = False
185.8334 	EXP 	line1: autoDraw = True
185.8334 	EXP 	line2: autoDraw = True
185.8334 	EXP 	line3: autoDraw = True
185.8334 	EXP 	line4: autoDraw = True
186.8339 	INFO 	Keyboard events cleared
186.8337 	EXP 	probe: autoDraw = True
187.1929 	EXP 	Device response: <KeyPress from None: t=187.18432703003054, value=x, duration=None>
187.1931 	EXP 	New trial (rep=20, index=1): <Trial 81 (1 in rep 20) data={'pos': np.int64(150), 'corr_resp': 'v', 'thisN': 81, 'thisTrialN': 1, 'thisRepN': 20}>
187.1955 	DATA 	Keypress: x
187.2009 	EXP 	fixation: autoDraw = False
187.2009 	EXP 	line1: autoDraw = False
187.2009 	EXP 	line2: autoDraw = False
187.2009 	EXP 	line3: autoDraw = False
187.2009 	EXP 	line4: autoDraw = False
187.2009 	EXP 	probe: autoDraw = False
187.2009 	EXP 	fixation: autoDraw = True
187.3101 	EXP 	Device response: <KeyPress from None: t=187.18432703003054, value=x, duration=0.12437864899402484>
188.1832 	EXP 	line1: autoDraw = True
188.1832 	EXP 	line2: autoDraw = True
188.1832 	EXP 	line3: autoDraw = True
188.1832 	EXP 	line4: autoDraw = True
188.1993 	EXP 	fixation: autoDraw = False
189.1833 	INFO 	Keyboard events cleared
189.1830 	EXP 	probe: autoDraw = True
189.7933 	EXP 	Device response: <KeyPress from None: t=189.7902301690192, value=v, duration=None>
189.7935 	EXP 	New trial (rep=20, index=2): <Trial 82 (2 in rep 20) data={'pos': np.int64(50), 'corr_resp': 'c', 'thisN': 82, 'thisTrialN': 2, 'thisRepN': 20}>
189.7958 	DATA 	Keypress: v
189.8013 	EXP 	fixation: autoDraw = False
189.8013 	EXP 	line1: autoDraw = False
189.8013 	EXP 	line2: autoDraw = False
189.8013 	EXP 	line3: autoDraw = False
189.8013 	EXP 	line4: autoDraw = False
189.8013 	EXP 	probe: autoDraw = False
189.8013 	EXP 	fixation: autoDraw = True
189.9661 	EXP 	Device response: <KeyPress from None: t=189.7902301690192, value=v, duration=0.17236874502850696>
190.7834 	EXP 	line1: autoDraw = True
190.7834 	EXP 	line2: autoDraw = True
190.7834 	EXP 	line3: autoDraw = True
190.7834 	EXP 	line4: autoDraw = True
190.7992 	EXP 	fixation: autoDraw = False
191.7926 	INFO 	Keyboard events cleared
191.7924 	EXP 	probe: autoDraw = True
192.2429 	EXP 	Device response: <KeyPress from None: t=192.2361141880392, value=c, duration=None>
192.2432 	EXP 	New trial (rep=20, index=3): <Trial 83 (3 in rep 20) data={'pos': np.int64(-150), 'corr_resp': 'z', 'thisN': 83, 'thisTrialN': 3, 'thisRepN': 20}>
192.2456 	DATA 	Keypress: c
192.2510 	EXP 	fixation: autoDraw = False
192.2510 	EXP 	line1: autoDraw = False
192.2510 	EXP 	line2: autoDraw = False
192.2510 	EXP 	line3: autoDraw = False
192.2510 	EXP 	line4: autoDraw = False
192.2510 	EXP 	probe: autoDraw = False
192.2510 	EXP 	fixation: autoDraw = True
192.3928 	EXP 	Device response: <KeyPress from None: t=192.2361141880392, value=c, duration=0.14840707497205585>
193.2333 	EXP 	line1: autoDraw = True
193.2333 	EXP 	line2: autoDraw = True
193.2333 	EXP 	line3: autoDraw = True
193.2333 	EXP 	line4: autoDraw = True
193.2490 	EXP 	fixation: autoDraw = False
194.2338 	INFO 	Keyboard events cleared
194.2336 	EXP 	probe: autoDraw = True
194.5600 	EXP 	Device response: <KeyPress from None: t=194.55601221800316, value=z, duration=None>
194.5603 	EXP 	New trial (rep=21, index=0): <Trial 84 (0 in rep 21) data={'pos': np.int64(-50), 'corr_resp': 'x', 'thisN': 84, 'thisTrialN': 0, 'thisRepN': 21}>
194.5626 	DATA 	Keypress: z
194.5681 	EXP 	fixation: autoDraw = False
194.5681 	EXP 	line1: autoDraw = False
194.5681 	EXP 	line2: autoDraw = False
194.5681 	EXP 	line3: autoDraw = False
194.5681 	EXP 	line4: autoDraw = False
194.5681 	EXP 	probe: autoDraw = False
194.5681 	EXP 	fixation: autoDraw = True
194.7431 	EXP 	Device response: <KeyPress from None: t=194.55601221800316, value=z, duration=0.17614932800643146>
195.5591 	EXP 	line1: autoDraw = True
195.5591 	EXP 	line2: autoDraw = True
195.5591 	EXP 	line3: autoDraw = True
195.5591 	EXP 	line4: autoDraw = True
195.5654 	EXP 	fixation: autoDraw = False
196.5593 	INFO 	Keyboard events cleared
196.5591 	EXP 	probe: autoDraw = True
196.8761 	EXP 	Device response: <KeyPress from None: t=196.86704802000895, value=x, duration=None>
196.8764 	EXP 	New trial (rep=21, index=1): <Trial 85 (1 in rep 21) data={'pos': np.int64(150), 'corr_resp': 'v', 'thisN': 85, 'thisTrialN': 1, 'thisRepN': 21}>
196.8787 	DATA 	Keypress: x
196.8842 	EXP 	fixation: autoDraw = False
196.8842 	EXP 	line1: autoDraw = False
196.8842 	EXP 	line2: autoDraw = False
196.8842 	EXP 	line3: autoDraw = False
196.8842 	EXP 	line4: autoDraw = False
196.8842 	EXP 	probe: autoDraw = False
196.8842 	EXP 	fixation: autoDraw = True
197.0262 	EXP 	Device response: <KeyPress from None: t=196.86704802000895, value=x, duration=0.15224255301291123>
197.8666 	EXP 	line1: autoDraw = True
197.8666 	EXP 	line2: autoDraw = True
197.8666 	EXP 	line3: autoDraw = True
197.8666 	EXP 	line4: autoDraw = True
197.8758 	EXP 	fixation: autoDraw = False
198.8659 	INFO 	Keyboard events cleared
198.8656 	EXP 	probe: autoDraw = True
199.1673 	EXP 	Device response: <KeyPress from None: t=199.16078157100128, value=v, duration=None>
199.1676 	EXP 	New trial (rep=21, index=2): <Trial 86 (2 in rep 21) data={'pos': np.int64(50), 'corr_resp': 'c', 'thisN': 86, 'thisTrialN': 2, 'thisRepN': 21}>
199.1700 	DATA 	Keypress: v
199.1757 	EXP 	fixation: autoDraw = False
199.1757 	EXP 	line1: autoDraw = False
199.1757 	EXP 	line2: autoDraw = False
199.1757 	EXP 	line3: autoDraw = False
199.1757 	EXP 	line4: autoDraw = False
199.1757 	EXP 	probe: autoDraw = False
199.1757 	EXP 	fixation: autoDraw = True
199.3332 	EXP 	Device response: <KeyPress from None: t=199.16078157100128, value=v, duration=0.16833928000414744>
200.1659 	EXP 	fixation: autoDraw = False
200.1659 	EXP 	line1: autoDraw = True
200.1659 	EXP 	line2: autoDraw = True
200.1659 	EXP 	line3: autoDraw = True
200.1659 	EXP 	line4: autoDraw = True
201.1652 	INFO 	Keyboard events cleared
201.1650 	EXP 	probe: autoDraw = True
201.5762 	EXP 	Device response: <KeyPress from None: t=201.569773929019, value=c, duration=None>
201.5764 	EXP 	New trial (rep=21, index=3): <Trial 87 (3 in rep 21) data={'pos': np.int64(-150), 'corr_resp': 'z', 'thisN': 87, 'thisTrialN': 3, 'thisRepN': 21}>
201.5788 	DATA 	Keypress: c
201.5847 	EXP 	fixation: autoDraw = False
201.5847 	EXP 	line1: autoDraw = False
201.5847 	EXP 	line2: autoDraw = False
201.5847 	EXP 	line3: autoDraw = False
201.5847 	EXP 	line4: autoDraw = False
201.5847 	EXP 	probe: autoDraw = False
201.5847 	EXP 	fixation: autoDraw = True
201.7264 	EXP 	Device response: <KeyPress from None: t=201.569773929019, value=c, duration=0.15230824699392542>
202.5658 	EXP 	line1: autoDraw = True
202.5658 	EXP 	line2: autoDraw = True
202.5658 	EXP 	line3: autoDraw = True
202.5658 	EXP 	line4: autoDraw = True
202.5828 	EXP 	fixation: autoDraw = False
203.5668 	INFO 	Keyboard events cleared
203.5665 	EXP 	probe: autoDraw = True
203.9841 	EXP 	Device response: <KeyPress from None: t=203.98070000403095, value=z, duration=None>
203.9844 	EXP 	New trial (rep=22, index=0): <Trial 88 (0 in rep 22) data={'pos': np.int64(-50), 'corr_resp': 'x', 'thisN': 88, 'thisTrialN': 0, 'thisRepN': 22}>
203.9868 	DATA 	Keypress: z
203.9928 	EXP 	fixation: autoDraw = False
203.9928 	EXP 	line1: autoDraw = False
203.9928 	EXP 	line2: autoDraw = False
203.9928 	EXP 	line3: autoDraw = False
203.9928 	EXP 	line4: autoDraw = False
203.9928 	EXP 	probe: autoDraw = False
203.9928 	EXP 	fixation: autoDraw = True
204.2161 	EXP 	Device response: <KeyPress from None: t=203.98070000403095, value=z, duration=0.2324469080194831>
204.9831 	EXP 	fixation: autoDraw = False
204.9831 	EXP 	line1: autoDraw = True
204.9831 	EXP 	line2: autoDraw = True
204.9831 	EXP 	line3: autoDraw = True
204.9831 	EXP 	line4: autoDraw = True
205.9831 	INFO 	Keyboard events cleared
205.9829 	EXP 	probe: autoDraw = True
206.2598 	EXP 	Device response: <KeyPress from None: t=206.25754251604667, value=x, duration=None>
206.2600 	EXP 	New trial (rep=22, index=1): <Trial 89 (1 in rep 22) data={'pos': np.int64(150), 'corr_resp': 'v', 'thisN': 89, 'thisTrialN': 1, 'thisRepN': 22}>
206.2624 	DATA 	Keypress: x
206.2686 	EXP 	fixation: autoDraw = False
206.2686 	EXP 	line1: autoDraw = False
206.2686 	EXP 	line2: autoDraw = False
206.2686 	EXP 	line3: autoDraw = False
206.2686 	EXP 	line4: autoDraw = False
206.2686 	EXP 	probe: autoDraw = False
206.2686 	EXP 	fixation: autoDraw = True
206.4094 	EXP 	Device response: <KeyPress from None: t=206.25754251604667, value=x, duration=0.1443715639761649>
207.2588 	EXP 	line1: autoDraw = True
207.2588 	EXP 	line2: autoDraw = True
207.2588 	EXP 	line3: autoDraw = True
207.2588 	EXP 	line4: autoDraw = True
207.2655 	EXP 	fixation: autoDraw = False
208.2497 	INFO 	Keyboard events cleared
208.2495 	EXP 	probe: autoDraw = True
208.5098 	EXP 	Device response: <KeyPress from None: t=208.50642432301538, value=v, duration=None>
208.5100 	EXP 	New trial (rep=22, index=2): <Trial 90 (2 in rep 22) data={'pos': np.int64(50), 'corr_resp': 'c', 'thisN': 90, 'thisTrialN': 2, 'thisRepN': 22}>
208.5124 	DATA 	Keypress: v
208.5178 	EXP 	fixation: autoDraw = False
208.5178 	EXP 	line1: autoDraw = False
208.5178 	EXP 	line2: autoDraw = False
208.5178 	EXP 	line3: autoDraw = False
208.5178 	EXP 	line4: autoDraw = False
208.5178 	EXP 	probe: autoDraw = False
208.5178 	EXP 	fixation: autoDraw = True
208.6762 	EXP 	Device response: <KeyPress from None: t=208.50642432301538, value=v, duration=0.1644827090203762>
209.4995 	EXP 	line1: autoDraw = True
209.4995 	EXP 	line2: autoDraw = True
209.4995 	EXP 	line3: autoDraw = True
209.4995 	EXP 	line4: autoDraw = True
209.5159 	EXP 	fixation: autoDraw = False
210.5091 	INFO 	Keyboard events cleared
210.5089 	EXP 	probe: autoDraw = True
210.6670 	EXP 	Device response: <KeyPress from None: t=210.6653242490138, value=c, duration=None>
210.6673 	EXP 	New trial (rep=22, index=3): <Trial 91 (3 in rep 22) data={'pos': np.int64(-150), 'corr_resp': 'z', 'thisN': 91, 'thisTrialN': 3, 'thisRepN': 22}>
210.6754 	EXP 	fixation: autoDraw = False
210.6754 	EXP 	line1: autoDraw = False
210.6754 	EXP 	line2: autoDraw = False
210.6754 	EXP 	line3: autoDraw = False
210.6754 	EXP 	line4: autoDraw = False
210.6754 	EXP 	probe: autoDraw = False
210.6754 	EXP 	fixation: autoDraw = True
210.6777 	DATA 	Keypress: c
210.8262 	EXP 	Device response: <KeyPress from None: t=210.6653242490138, value=c, duration=0.15259539301041514>
211.6663 	EXP 	fixation: autoDraw = False
211.6663 	EXP 	line1: autoDraw = True
211.6663 	EXP 	line2: autoDraw = True
211.6663 	EXP 	line3: autoDraw = True
211.6663 	EXP 	line4: autoDraw = True
212.6663 	INFO 	Keyboard events cleared
212.6660 	EXP 	probe: autoDraw = True
213.1264 	EXP 	Device response: <KeyPress from None: t=213.11831506399903, value=z, duration=None>
213.1267 	EXP 	New trial (rep=23, index=0): <Trial 92 (0 in rep 23) data={'pos': np.int64(-50), 'corr_resp': 'x', 'thisN': 92, 'thisTrialN': 0, 'thisRepN': 23}>
213.1291 	DATA 	Keypress: z
213.1354 	EXP 	fixation: autoDraw = False
213.1354 	EXP 	line1: autoDraw = False
213.1354 	EXP 	line2: autoDraw = False
213.1354 	EXP 	line3: autoDraw = False
213.1354 	EXP 	line4: autoDraw = False
213.1354 	EXP 	probe: autoDraw = False
213.1354 	EXP 	fixation: autoDraw = True
213.2761 	EXP 	Device response: <KeyPress from None: t=213.11831506399903, value=z, duration=0.15235476702218875>
214.1255 	EXP 	line1: autoDraw = True
214.1255 	EXP 	line2: autoDraw = True
214.1255 	EXP 	line3: autoDraw = True
214.1255 	EXP 	line4: autoDraw = True
214.1322 	EXP 	fixation: autoDraw = False
215.1257 	INFO 	Keyboard events cleared
215.1256 	EXP 	probe: autoDraw = True
215.3929 	EXP 	Device response: <KeyPress from None: t=215.38912784605054, value=x, duration=None>
215.3932 	EXP 	New trial (rep=23, index=1): <Trial 93 (1 in rep 23) data={'pos': np.int64(150), 'corr_resp': 'v', 'thisN': 93, 'thisTrialN': 1, 'thisRepN': 23}>
215.3955 	DATA 	Keypress: x
215.4010 	EXP 	fixation: autoDraw = False
215.4010 	EXP 	line1: autoDraw = False
215.4010 	EXP 	line2: autoDraw = False
215.4010 	EXP 	line3: autoDraw = False
215.4010 	EXP 	line4: autoDraw = False
215.4010 	EXP 	probe: autoDraw = False
215.4010 	EXP 	fixation: autoDraw = True
215.5329 	EXP 	Device response: <KeyPress from None: t=215.38912784605054, value=x, duration=0.1403690689476207>
216.3922 	EXP 	line1: autoDraw = True
216.3922 	EXP 	line2: autoDraw = True
216.3922 	EXP 	line3: autoDraw = True
216.3922 	EXP 	line4: autoDraw = True
216.3994 	EXP 	fixation: autoDraw = False
217.3830 	INFO 	Keyboard events cleared
217.3828 	EXP 	probe: autoDraw = True
217.6431 	EXP 	Device response: <KeyPress from None: t=217.64207027305383, value=v, duration=None>
217.6434 	EXP 	New trial (rep=23, index=2): <Trial 94 (2 in rep 23) data={'pos': np.int64(50), 'corr_resp': 'c', 'thisN': 94, 'thisTrialN': 2, 'thisRepN': 23}>
217.6493 	EXP 	fixation: autoDraw = False
217.6493 	EXP 	line1: autoDraw = False
217.6493 	EXP 	line2: autoDraw = False
217.6493 	EXP 	line3: autoDraw = False
217.6493 	EXP 	line4: autoDraw = False
217.6493 	EXP 	probe: autoDraw = False
217.6493 	EXP 	fixation: autoDraw = True
217.6519 	DATA 	Keypress: v
217.8334 	EXP 	Device response: <KeyPress from None: t=217.64207027305383, value=v, duration=0.18427210696972907>
218.6421 	EXP 	line1: autoDraw = True
218.6421 	EXP 	line2: autoDraw = True
218.6421 	EXP 	line3: autoDraw = True
218.6421 	EXP 	line4: autoDraw = True
218.6488 	EXP 	fixation: autoDraw = False
219.6422 	INFO 	Keyboard events cleared
219.6421 	EXP 	probe: autoDraw = True
220.0430 	EXP 	Device response: <KeyPress from None: t=220.03886885102838, value=c, duration=None>
220.0432 	EXP 	New trial (rep=23, index=3): <Trial 95 (3 in rep 23) data={'pos': np.int64(-150), 'corr_resp': 'z', 'thisN': 95, 'thisTrialN': 3, 'thisRepN': 23}>
220.0455 	DATA 	Keypress: c
220.0510 	EXP 	fixation: autoDraw = False
220.0510 	EXP 	line1: autoDraw = False
220.0510 	EXP 	line2: autoDraw = False
220.0510 	EXP 	line3: autoDraw = False
220.0510 	EXP 	line4: autoDraw = False
220.0510 	EXP 	probe: autoDraw = False
220.0510 	EXP 	fixation: autoDraw = True
220.1926 	EXP 	Device response: <KeyPress from None: t=220.03886885102838, value=c, duration=0.14843053801450878>
221.0325 	EXP 	line1: autoDraw = True
221.0325 	EXP 	line2: autoDraw = True
221.0325 	EXP 	line3: autoDraw = True
221.0325 	EXP 	line4: autoDraw = True
221.0486 	EXP 	fixation: autoDraw = False
222.0423 	INFO 	Keyboard events cleared
222.0421 	EXP 	probe: autoDraw = True
222.3264 	EXP 	Device response: <KeyPress from None: t=222.32202656700974, value=z, duration=None>
222.3267 	EXP 	New trial (rep=24, index=0): <Trial 96 (0 in rep 24) data={'pos': np.int64(-50), 'corr_resp': 'x', 'thisN': 96, 'thisTrialN': 0, 'thisRepN': 24}>
222.3289 	DATA 	Keypress: z
222.3350 	EXP 	fixation: autoDraw = False
222.3350 	EXP 	line1: autoDraw = False
222.3350 	EXP 	line2: autoDraw = False
222.3350 	EXP 	line3: autoDraw = False
222.3350 	EXP 	line4: autoDraw = False
222.3350 	EXP 	probe: autoDraw = False
222.3350 	EXP 	fixation: autoDraw = True
222.5162 	EXP 	Device response: <KeyPress from None: t=222.32202656700974, value=z, duration=0.18821033800486475>
223.3254 	EXP 	line1: autoDraw = True
223.3254 	EXP 	line2: autoDraw = True
223.3254 	EXP 	line3: autoDraw = True
223.3254 	EXP 	line4: autoDraw = True
223.3321 	EXP 	fixation: autoDraw = False
224.3257 	INFO 	Keyboard events cleared
224.3255 	EXP 	probe: autoDraw = True
224.5929 	EXP 	Device response: <KeyPress from None: t=224.588684381044, value=x, duration=None>
224.5932 	EXP 	New trial (rep=24, index=1): <Trial 97 (1 in rep 24) data={'pos': np.int64(150), 'corr_resp': 'v', 'thisN': 97, 'thisTrialN': 1, 'thisRepN': 24}>
224.5955 	DATA 	Keypress: x
224.6009 	EXP 	fixation: autoDraw = False
224.6009 	EXP 	line1: autoDraw = False
224.6009 	EXP 	line2: autoDraw = False
224.6009 	EXP 	line3: autoDraw = False
224.6009 	EXP 	line4: autoDraw = False
224.6009 	EXP 	probe: autoDraw = False
224.6009 	EXP 	fixation: autoDraw = True
224.7259 	EXP 	Device response: <KeyPress from None: t=224.588684381044, value=x, duration=0.12825222400715575>
225.5920 	EXP 	line1: autoDraw = True
225.5920 	EXP 	line2: autoDraw = True
225.5920 	EXP 	line3: autoDraw = True
225.5920 	EXP 	line4: autoDraw = True
225.5988 	EXP 	fixation: autoDraw = False
226.5923 	INFO 	Keyboard events cleared
226.5921 	EXP 	probe: autoDraw = True
226.9167 	EXP 	Device response: <KeyPress from None: t=226.9115793009987, value=v, duration=None>
226.9170 	EXP 	New trial (rep=24, index=2): <Trial 98 (2 in rep 24) data={'pos': np.int64(50), 'corr_resp': 'c', 'thisN': 98, 'thisTrialN': 2, 'thisRepN': 24}>
226.9194 	DATA 	Keypress: v
226.9252 	EXP 	fixation: autoDraw = False
226.9252 	EXP 	line1: autoDraw = False
226.9252 	EXP 	line2: autoDraw = False
226.9252 	EXP 	line3: autoDraw = False
226.9252 	EXP 	line4: autoDraw = False
226.9252 	EXP 	probe: autoDraw = False
226.9252 	EXP 	fixation: autoDraw = True
227.0989 	EXP 	Device response: <KeyPress from None: t=226.9115793009987, value=v, duration=0.18427040503593162>
227.9158 	EXP 	fixation: autoDraw = False
227.9158 	EXP 	line1: autoDraw = True
227.9158 	EXP 	line2: autoDraw = True
227.9158 	EXP 	line3: autoDraw = True
227.9158 	EXP 	line4: autoDraw = True
228.9161 	INFO 	Keyboard events cleared
228.9158 	EXP 	probe: autoDraw = True
229.1598 	EXP 	Device response: <KeyPress from None: t=229.15852911403636, value=c, duration=None>
229.1600 	EXP 	New trial (rep=24, index=3): <Trial 99 (3 in rep 24) data={'pos': np.int64(-150), 'corr_resp': 'z', 'thisN': 99, 'thisTrialN': 3, 'thisRepN': 24}>
229.1658 	EXP 	fixation: autoDraw = False
229.1658 	EXP 	line1: autoDraw = False
229.1658 	EXP 	line2: autoDraw = False
229.1658 	EXP 	line3: autoDraw = False
229.1658 	EXP 	line4: autoDraw = False
229.1658 	EXP 	probe: autoDraw = False
229.1658 	EXP 	fixation: autoDraw = True
229.1684 	DATA 	Keypress: c
229.3092 	EXP 	Device response: <KeyPress from None: t=229.15852911403636, value=c, duration=0.14469632401596755>
230.1588 	EXP 	line1: autoDraw = True
230.1588 	EXP 	line2: autoDraw = True
230.1588 	EXP 	line3: autoDraw = True
230.1588 	EXP 	line4: autoDraw = True
230.1655 	EXP 	fixation: autoDraw = False
230.4760 	EXP 	Device response: <KeyPress from None: t=230.46746824705042, value=z, duration=None>
230.4781 	DATA 	Keypress: z
230.6503 	EXP 	Device response: <KeyPress from None: t=230.46746824705042, value=z, duration=0.18021218397188932>
231.1588 	INFO 	Keyboard events cleared
231.1587 	EXP 	probe: autoDraw = True
231.4333 	EXP 	Device response: <KeyPress from None: t=231.43137112405384, value=z, duration=None>
231.4372 	EXP 	Imported sequence_con.csv as conditions, 4 conditions, 2 params
231.4384 	EXP 	New trial (rep=0, index=0): <Trial 0 (0 in rep 0) data={'pos': np.int64(50), 'corr_resp': 'c', 'thisN': 0, 'thisTrialN': 0, 'thisRepN': 0}>
231.4453 	DATA 	Keypress: z
231.4523 	EXP 	fixation: autoDraw = False
231.4523 	EXP 	line1: autoDraw = False
231.4523 	EXP 	line2: autoDraw = False
231.4523 	EXP 	line3: autoDraw = False
231.4523 	EXP 	line4: autoDraw = False
231.4523 	EXP 	probe: autoDraw = False
231.4523 	EXP 	Fixation: autoDraw = True
231.5760 	EXP 	Device response: <KeyPress from None: t=231.43137112405384, value=z, duration=0.13682651799172163>
232.4376 	EXP 	Line1: autoDraw = True
232.4376 	EXP 	Line2: autoDraw = True
232.4376 	EXP 	Line3: autoDraw = True
232.4376 	EXP 	Line4: autoDraw = True
232.4464 	EXP 	Fixation: autoDraw = False
233.4259 	INFO 	Keyboard events cleared
233.4257 	EXP 	Probe: autoDraw = True
233.9169 	EXP 	Device response: <KeyPress from None: t=233.91347257205052, value=c, duration=None>
233.9172 	EXP 	New trial (rep=1, index=1): <Trial 1 (1 in rep 1) data={'pos': np.int64(50), 'corr_resp': 'c', 'thisN': 1, 'thisTrialN': 1, 'thisRepN': 1}>
233.9195 	DATA 	Keypress: c
233.9261 	EXP 	Fixation: autoDraw = False
233.9261 	EXP 	Line1: autoDraw = False
233.9261 	EXP 	Line2: autoDraw = False
233.9261 	EXP 	Line3: autoDraw = False
233.9261 	EXP 	Line4: autoDraw = False
233.9261 	EXP 	Probe: autoDraw = False
233.9261 	EXP 	Fixation: autoDraw = True
234.0594 	EXP 	Device response: <KeyPress from None: t=233.91347257205052, value=c, duration=0.14038936997530982>
234.9162 	EXP 	Fixation: autoDraw = False
234.9162 	EXP 	Line1: autoDraw = True
234.9162 	EXP 	Line2: autoDraw = True
234.9162 	EXP 	Line3: autoDraw = True
234.9162 	EXP 	Line4: autoDraw = True
235.9168 	INFO 	Keyboard events cleared
235.9166 	EXP 	Probe: autoDraw = True
236.3010 	EXP 	Device response: <KeyPress from None: t=236.29727658000775, value=c, duration=None>
236.3013 	EXP 	New trial (rep=0, index=2): <Trial 2 (2 in rep 0) data={'pos': np.int64(150), 'corr_resp': 'v', 'thisN': 2, 'thisTrialN': 2, 'thisRepN': 0}>
236.3036 	DATA 	Keypress: c
236.3114 	EXP 	Fixation: autoDraw = False
236.3114 	EXP 	Line1: autoDraw = False
236.3114 	EXP 	Line2: autoDraw = False
236.3114 	EXP 	Line3: autoDraw = False
236.3114 	EXP 	Line4: autoDraw = False
236.3114 	EXP 	Probe: autoDraw = False
236.3114 	EXP 	Fixation: autoDraw = True
236.4830 	EXP 	Device response: <KeyPress from None: t=236.29727658000775, value=c, duration=0.1801878220285289>
237.2997 	EXP 	Line1: autoDraw = True
237.2997 	EXP 	Line2: autoDraw = True
237.2997 	EXP 	Line3: autoDraw = True
237.2997 	EXP 	Line4: autoDraw = True
237.3091 	EXP 	Fixation: autoDraw = False
238.3001 	INFO 	Keyboard events cleared
238.2998 	EXP 	Probe: autoDraw = True
238.9096 	EXP 	Device response: <KeyPress from None: t=238.90610440802993, value=v, duration=None>
238.9099 	EXP 	New trial (rep=0, index=3): <Trial 3 (3 in rep 0) data={'pos': np.int64(-50), 'corr_resp': 'x', 'thisN': 3, 'thisTrialN': 3, 'thisRepN': 0}>
238.9122 	DATA 	Keypress: v
238.9181 	EXP 	Fixation: autoDraw = False
238.9181 	EXP 	Line1: autoDraw = False
238.9181 	EXP 	Line2: autoDraw = False
238.9181 	EXP 	Line3: autoDraw = False
238.9181 	EXP 	Line4: autoDraw = False
238.9181 	EXP 	Probe: autoDraw = False
238.9181 	EXP 	Fixation: autoDraw = True
239.0833 	EXP 	Device response: <KeyPress from None: t=238.90610440802993, value=v, duration=0.1722666479763575>
239.8996 	EXP 	Line1: autoDraw = True
239.8996 	EXP 	Line2: autoDraw = True
239.8996 	EXP 	Line3: autoDraw = True
239.8996 	EXP 	Line4: autoDraw = True
239.9155 	EXP 	Fixation: autoDraw = False
240.8996 	INFO 	Keyboard events cleared
240.8994 	EXP 	Probe: autoDraw = True
241.3506 	EXP 	Device response: <KeyPress from None: t=241.34713478403864, value=x, duration=None>
241.3509 	EXP 	New trial (rep=1, index=4): <Trial 4 (4 in rep 1) data={'pos': np.int64(150), 'corr_resp': 'v', 'thisN': 4, 'thisTrialN': 4, 'thisRepN': 1}>
241.3533 	DATA 	Keypress: x
241.3596 	EXP 	Fixation: autoDraw = False
241.3596 	EXP 	Line1: autoDraw = False
241.3596 	EXP 	Line2: autoDraw = False
241.3596 	EXP 	Line3: autoDraw = False
241.3596 	EXP 	Line4: autoDraw = False
241.3596 	EXP 	Probe: autoDraw = False
241.3596 	EXP 	Fixation: autoDraw = True
241.4595 	EXP 	Device response: <KeyPress from None: t=241.34713478403864, value=x, duration=0.1082089229603298>
242.3490 	EXP 	Fixation: autoDraw = False
242.3490 	EXP 	Line1: autoDraw = True
242.3490 	EXP 	Line2: autoDraw = True
242.3490 	EXP 	Line3: autoDraw = True
242.3490 	EXP 	Line4: autoDraw = True
243.3495 	INFO 	Keyboard events cleared
243.3493 	EXP 	Probe: autoDraw = True
243.8262 	EXP 	Device response: <KeyPress from None: t=243.82395561004523, value=v, duration=None>
243.8265 	EXP 	New trial (rep=2, index=5): <Trial 5 (5 in rep 2) data={'pos': np.int64(50), 'corr_resp': 'c', 'thisN': 5, 'thisTrialN': 5, 'thisRepN': 2}>
243.8288 	DATA 	Keypress: v
243.8345 	EXP 	Fixation: autoDraw = False
243.8345 	EXP 	Line1: autoDraw = False
243.8345 	EXP 	Line2: autoDraw = False
243.8345 	EXP 	Line3: autoDraw = False
243.8345 	EXP 	Line4: autoDraw = False
243.8345 	EXP 	Probe: autoDraw = False
243.8345 	EXP 	Fixation: autoDraw = True
244.0093 	EXP 	Device response: <KeyPress from None: t=243.82395561004523, value=v, duration=0.18033066700445488>
244.8253 	EXP 	Line1: autoDraw = True
244.8253 	EXP 	Line2: autoDraw = True
244.8253 	EXP 	Line3: autoDraw = True
244.8253 	EXP 	Line4: autoDraw = True
244.8322 	EXP 	Fixation: autoDraw = False
245.8254 	INFO 	Keyboard events cleared
245.8252 	EXP 	Probe: autoDraw = True
246.2999 	EXP 	Device response: <KeyPress from None: t=246.2958584180451, value=c, duration=None>
246.3002 	EXP 	New trial (rep=1, index=6): <Trial 6 (6 in rep 1) data={'pos': np.int64(-50), 'corr_resp': 'x', 'thisN': 6, 'thisTrialN': 6, 'thisRepN': 1}>
246.3025 	DATA 	Keypress: c
246.3084 	EXP 	Fixation: autoDraw = False
246.3084 	EXP 	Line1: autoDraw = False
246.3084 	EXP 	Line2: autoDraw = False
246.3084 	EXP 	Line3: autoDraw = False
246.3084 	EXP 	Line4: autoDraw = False
246.3084 	EXP 	Probe: autoDraw = False
246.3084 	EXP 	Fixation: autoDraw = True
246.4256 	EXP 	Device response: <KeyPress from None: t=246.2958584180451, value=c, duration=0.12009613297414035>
247.2986 	EXP 	Fixation: autoDraw = False
247.2986 	EXP 	Line1: autoDraw = True
247.2986 	EXP 	Line2: autoDraw = True
247.2986 	EXP 	Line3: autoDraw = True
247.2986 	EXP 	Line4: autoDraw = True
248.2992 	INFO 	Keyboard events cleared
248.2990 	EXP 	Probe: autoDraw = True
248.6664 	EXP 	Device response: <KeyPress from None: t=248.66299679601798, value=x, duration=None>
248.6667 	EXP 	New trial (rep=2, index=7): <Trial 7 (7 in rep 2) data={'pos': np.int64(150), 'corr_resp': 'v', 'thisN': 7, 'thisTrialN': 7, 'thisRepN': 2}>
248.6690 	DATA 	Keypress: x
248.6751 	EXP 	Fixation: autoDraw = False
248.6751 	EXP 	Line1: autoDraw = False
248.6751 	EXP 	Line2: autoDraw = False
248.6751 	EXP 	Line3: autoDraw = False
248.6751 	EXP 	Line4: autoDraw = False
248.6751 	EXP 	Probe: autoDraw = False
248.6751 	EXP 	Fixation: autoDraw = True
248.8332 	EXP 	Device response: <KeyPress from None: t=248.66299679601798, value=x, duration=0.16386361699551344>
249.6655 	EXP 	Fixation: autoDraw = False
249.6655 	EXP 	Line1: autoDraw = True
249.6655 	EXP 	Line2: autoDraw = True
249.6655 	EXP 	Line3: autoDraw = True
249.6655 	EXP 	Line4: autoDraw = True
250.6658 	INFO 	Keyboard events cleared
250.6656 	EXP 	Probe: autoDraw = True
251.0259 	EXP 	Device response: <KeyPress from None: t=251.0206423070049, value=v, duration=None>
251.0261 	EXP 	New trial (rep=3, index=8): <Trial 8 (8 in rep 3) data={'pos': np.int64(50), 'corr_resp': 'c', 'thisN': 8, 'thisTrialN': 8, 'thisRepN': 3}>
251.0284 	DATA 	Keypress: v
251.0340 	EXP 	Fixation: autoDraw = False
251.0340 	EXP 	Line1: autoDraw = False
251.0340 	EXP 	Line2: autoDraw = False
251.0340 	EXP 	Line3: autoDraw = False
251.0340 	EXP 	Line4: autoDraw = False
251.0340 	EXP 	Probe: autoDraw = False
251.0340 	EXP 	Fixation: autoDraw = True
251.2656 	EXP 	Device response: <KeyPress from None: t=251.0206423070049, value=v, duration=0.24027938302606344>
252.0250 	EXP 	Line1: autoDraw = True
252.0250 	EXP 	Line2: autoDraw = True
252.0250 	EXP 	Line3: autoDraw = True
252.0250 	EXP 	Line4: autoDraw = True
252.0319 	EXP 	Fixation: autoDraw = False
253.0252 	INFO 	Keyboard events cleared
253.0250 	EXP 	Probe: autoDraw = True
253.4827 	EXP 	Device response: <KeyPress from None: t=253.47546347801108, value=c, duration=None>
253.4830 	EXP 	New trial (rep=0, index=9): <Trial 9 (9 in rep 0) data={'pos': np.int64(-150), 'corr_resp': 'z', 'thisN': 9, 'thisTrialN': 9, 'thisRepN': 0}>
253.4854 	DATA 	Keypress: c
253.4911 	EXP 	Fixation: autoDraw = False
253.4911 	EXP 	Line1: autoDraw = False
253.4911 	EXP 	Line2: autoDraw = False
253.4911 	EXP 	Line3: autoDraw = False
253.4911 	EXP 	Line4: autoDraw = False
253.4911 	EXP 	Probe: autoDraw = False
253.4911 	EXP 	Fixation: autoDraw = True
253.6090 	EXP 	Device response: <KeyPress from None: t=253.47546347801108, value=c, duration=0.1283247530227527>
254.4819 	EXP 	Fixation: autoDraw = False
254.4819 	EXP 	Line1: autoDraw = True
254.4819 	EXP 	Line2: autoDraw = True
254.4819 	EXP 	Line3: autoDraw = True
254.4819 	EXP 	Line4: autoDraw = True
255.4831 	INFO 	Keyboard events cleared
255.4829 	EXP 	Probe: autoDraw = True
255.8830 	EXP 	Device response: <KeyPress from None: t=255.8783835650538, value=z, duration=None>
255.8833 	EXP 	New trial (rep=4, index=10): <Trial 10 (10 in rep 4) data={'pos': np.int64(50), 'corr_resp': 'c', 'thisN': 10, 'thisTrialN': 10, 'thisRepN': 4}>
255.8857 	DATA 	Keypress: z
255.8917 	EXP 	Fixation: autoDraw = False
255.8917 	EXP 	Line1: autoDraw = False
255.8917 	EXP 	Line2: autoDraw = False
255.8917 	EXP 	Line3: autoDraw = False
255.8917 	EXP 	Line4: autoDraw = False
255.8917 	EXP 	Probe: autoDraw = False
255.8917 	EXP 	Fixation: autoDraw = True
256.0425 	EXP 	Device response: <KeyPress from None: t=255.8783835650538, value=z, duration=0.16034467495046556>
256.8814 	EXP 	Fixation: autoDraw = False
256.8814 	EXP 	Line1: autoDraw = True
256.8814 	EXP 	Line2: autoDraw = True
256.8814 	EXP 	Line3: autoDraw = True
256.8814 	EXP 	Line4: autoDraw = True
257.8826 	INFO 	Keyboard events cleared
257.8824 	EXP 	Probe: autoDraw = True
258.3254 	EXP 	Device response: <KeyPress from None: t=258.31929602101445, value=c, duration=None>
258.3257 	EXP 	New trial (rep=2, index=11): <Trial 11 (11 in rep 2) data={'pos': np.int64(-50), 'corr_resp': 'x', 'thisN': 11, 'thisTrialN': 11, 'thisRepN': 2}>
258.3280 	DATA 	Keypress: c
258.3341 	EXP 	Fixation: autoDraw = False
258.3341 	EXP 	Line1: autoDraw = False
258.3341 	EXP 	Line2: autoDraw = False
258.3341 	EXP 	Line3: autoDraw = False
258.3341 	EXP 	Line4: autoDraw = False
258.3341 	EXP 	Probe: autoDraw = False
258.3341 	EXP 	Fixation: autoDraw = True
258.4494 	EXP 	Device response: <KeyPress from None: t=258.31929602101445, value=c, duration=0.12410452199401334>
259.3154 	EXP 	Line1: autoDraw = True
259.3154 	EXP 	Line2: autoDraw = True
259.3154 	EXP 	Line3: autoDraw = True
259.3154 	EXP 	Line4: autoDraw = True
259.3317 	EXP 	Fixation: autoDraw = False
260.3154 	INFO 	Keyboard events cleared
260.3151 	EXP 	Probe: autoDraw = True
260.6494 	EXP 	Device response: <KeyPress from None: t=260.64401406404795, value=x, duration=None>
260.6497 	EXP 	New trial (rep=3, index=12): <Trial 12 (12 in rep 3) data={'pos': np.int64(150), 'corr_resp': 'v', 'thisN': 12, 'thisTrialN': 12, 'thisRepN': 3}>
260.6521 	DATA 	Keypress: x
260.6579 	EXP 	Fixation: autoDraw = False
260.6579 	EXP 	Line1: autoDraw = False
260.6579 	EXP 	Line2: autoDraw = False
260.6579 	EXP 	Line3: autoDraw = False
260.6579 	EXP 	Line4: autoDraw = False
260.6579 	EXP 	Probe: autoDraw = False
260.6579 	EXP 	Fixation: autoDraw = True
260.7925 	EXP 	Device response: <KeyPress from None: t=260.64401406404795, value=x, duration=0.14459349197568372>
261.6484 	EXP 	Fixation: autoDraw = False
261.6484 	EXP 	Line1: autoDraw = True
261.6484 	EXP 	Line2: autoDraw = True
261.6484 	EXP 	Line3: autoDraw = True
261.6484 	EXP 	Line4: autoDraw = True
262.6486 	INFO 	Keyboard events cleared
262.6483 	EXP 	Probe: autoDraw = True
263.1329 	EXP 	Device response: <KeyPress from None: t=263.1299234870239, value=v, duration=None>
263.1332 	EXP 	New trial (rep=5, index=13): <Trial 13 (13 in rep 5) data={'pos': np.int64(50), 'corr_resp': 'c', 'thisN': 13, 'thisTrialN': 13, 'thisRepN': 5}>
263.1355 	DATA 	Keypress: v
263.1416 	EXP 	Fixation: autoDraw = False
263.1416 	EXP 	Line1: autoDraw = False
263.1416 	EXP 	Line2: autoDraw = False
263.1416 	EXP 	Line3: autoDraw = False
263.1416 	EXP 	Line4: autoDraw = False
263.1416 	EXP 	Probe: autoDraw = False
263.1416 	EXP 	Fixation: autoDraw = True
263.3090 	EXP 	Device response: <KeyPress from None: t=263.1299234870239, value=v, duration=0.17655597400153056>
264.1311 	EXP 	Fixation: autoDraw = False
264.1311 	EXP 	Line1: autoDraw = True
264.1311 	EXP 	Line2: autoDraw = True
264.1311 	EXP 	Line3: autoDraw = True
264.1311 	EXP 	Line4: autoDraw = True
265.1310 	INFO 	Keyboard events cleared
265.1308 	EXP 	Probe: autoDraw = True
265.6163 	EXP 	Device response: <KeyPress from None: t=265.6090077770059, value=c, duration=None>
265.6166 	EXP 	New trial (rep=1, index=14): <Trial 14 (14 in rep 1) data={'pos': np.int64(-150), 'corr_resp': 'z', 'thisN': 14, 'thisTrialN': 14, 'thisRepN': 1}>
265.6190 	DATA 	Keypress: c
265.6248 	EXP 	Fixation: autoDraw = False
265.6248 	EXP 	Line1: autoDraw = False
265.6248 	EXP 	Line2: autoDraw = False
265.6248 	EXP 	Line3: autoDraw = False
265.6248 	EXP 	Line4: autoDraw = False
265.6248 	EXP 	Probe: autoDraw = False
265.6248 	EXP 	Fixation: autoDraw = True
265.7589 	EXP 	Device response: <KeyPress from None: t=265.6090077770059, value=c, duration=0.14010523702017963>
266.6151 	EXP 	Fixation: autoDraw = False
266.6151 	EXP 	Line1: autoDraw = True
266.6151 	EXP 	Line2: autoDraw = True
266.6151 	EXP 	Line3: autoDraw = True
266.6151 	EXP 	Line4: autoDraw = True
267.6152 	INFO 	Keyboard events cleared
267.6150 	EXP 	Probe: autoDraw = True
267.9919 	EXP 	Device response: <KeyPress from None: t=267.98187304404564, value=z, duration=None>
267.9922 	EXP 	New trial (rep=3, index=15): <Trial 15 (15 in rep 3) data={'pos': np.int64(-50), 'corr_resp': 'x', 'thisN': 15, 'thisTrialN': 15, 'thisRepN': 3}>
267.9945 	DATA 	Keypress: z
268.0007 	EXP 	Fixation: autoDraw = False
268.0007 	EXP 	Line1: autoDraw = False
268.0007 	EXP 	Line2: autoDraw = False
268.0007 	EXP 	Line3: autoDraw = False
268.0007 	EXP 	Line4: autoDraw = False
268.0007 	EXP 	Probe: autoDraw = False
268.0007 	EXP 	Fixation: autoDraw = True
268.1596 	EXP 	Device response: <KeyPress from None: t=267.98187304404564, value=z, duration=0.17623234796337783>
268.9818 	EXP 	Line1: autoDraw = True
268.9818 	EXP 	Line2: autoDraw = True
268.9818 	EXP 	Line3: autoDraw = True
268.9818 	EXP 	Line4: autoDraw = True
268.9977 	EXP 	Fixation: autoDraw = False
269.9821 	INFO 	Keyboard events cleared
269.9819 	EXP 	Probe: autoDraw = True
270.3086 	EXP 	Device response: <KeyPress from None: t=270.2987732810434, value=x, duration=None>
270.3089 	EXP 	New trial (rep=4, index=16): <Trial 16 (16 in rep 4) data={'pos': np.int64(-50), 'corr_resp': 'x', 'thisN': 16, 'thisTrialN': 16, 'thisRepN': 4}>
270.3112 	DATA 	Keypress: x
270.3167 	EXP 	Fixation: autoDraw = False
270.3167 	EXP 	Line1: autoDraw = False
270.3167 	EXP 	Line2: autoDraw = False
270.3167 	EXP 	Line3: autoDraw = False
270.3167 	EXP 	Line4: autoDraw = False
270.3167 	EXP 	Probe: autoDraw = False
270.3167 	EXP 	Fixation: autoDraw = True
270.4495 	EXP 	Device response: <KeyPress from None: t=270.2987732810434, value=x, duration=0.14416094595799223>
271.2985 	EXP 	Line1: autoDraw = True
271.2985 	EXP 	Line2: autoDraw = True
271.2985 	EXP 	Line3: autoDraw = True
271.2985 	EXP 	Line4: autoDraw = True
271.3143 	EXP 	Fixation: autoDraw = False
272.2986 	INFO 	Keyboard events cleared
272.2983 	EXP 	Probe: autoDraw = True
272.7329 	EXP 	Device response: <KeyPress from None: t=272.7315550640342, value=x, duration=None>
272.7332 	EXP 	New trial (rep=2, index=17): <Trial 17 (17 in rep 2) data={'pos': np.int64(-150), 'corr_resp': 'z', 'thisN': 17, 'thisTrialN': 17, 'thisRepN': 2}>
272.7412 	EXP 	Fixation: autoDraw = False
272.7412 	EXP 	Line1: autoDraw = False
272.7412 	EXP 	Line2: autoDraw = False
272.7412 	EXP 	Line3: autoDraw = False
272.7412 	EXP 	Line4: autoDraw = False
272.7412 	EXP 	Probe: autoDraw = False
272.7412 	EXP 	Fixation: autoDraw = True
272.7439 	DATA 	Keypress: x
272.8921 	EXP 	Device response: <KeyPress from None: t=272.7315550640342, value=x, duration=0.15279080800246447>
273.7316 	EXP 	Fixation: autoDraw = False
273.7316 	EXP 	Line1: autoDraw = True
273.7316 	EXP 	Line2: autoDraw = True
273.7316 	EXP 	Line3: autoDraw = True
273.7316 	EXP 	Line4: autoDraw = True
274.7325 	INFO 	Keyboard events cleared
274.7323 	EXP 	Probe: autoDraw = True
275.2253 	EXP 	Device response: <KeyPress from None: t=275.2176049130503, value=z, duration=None>
275.2255 	EXP 	New trial (rep=3, index=18): <Trial 18 (18 in rep 3) data={'pos': np.int64(-150), 'corr_resp': 'z', 'thisN': 18, 'thisTrialN': 18, 'thisRepN': 3}>
275.2278 	DATA 	Keypress: z
275.2333 	EXP 	Fixation: autoDraw = False
275.2333 	EXP 	Line1: autoDraw = False
275.2333 	EXP 	Line2: autoDraw = False
275.2333 	EXP 	Line3: autoDraw = False
275.2333 	EXP 	Line4: autoDraw = False
275.2333 	EXP 	Probe: autoDraw = False
275.2333 	EXP 	Fixation: autoDraw = True
275.4088 	EXP 	Device response: <KeyPress from None: t=275.2176049130503, value=z, duration=0.1882682119612582>
276.2146 	EXP 	Line1: autoDraw = True
276.2146 	EXP 	Line2: autoDraw = True
276.2146 	EXP 	Line3: autoDraw = True
276.2146 	EXP 	Line4: autoDraw = True
276.2310 	EXP 	Fixation: autoDraw = False
277.2154 	INFO 	Keyboard events cleared
277.2152 	EXP 	Probe: autoDraw = True
277.6990 	EXP 	Device response: <KeyPress from None: t=277.6964230580488, value=z, duration=None>
277.6993 	EXP 	New trial (rep=5, index=19): <Trial 19 (19 in rep 5) data={'pos': np.int64(-50), 'corr_resp': 'x', 'thisN': 19, 'thisTrialN': 19, 'thisRepN': 5}>
277.7077 	EXP 	Fixation: autoDraw = False
277.7077 	EXP 	Line1: autoDraw = False
277.7077 	EXP 	Line2: autoDraw = False
277.7077 	EXP 	Line3: autoDraw = False
277.7077 	EXP 	Line4: autoDraw = False
277.7077 	EXP 	Probe: autoDraw = False
277.7077 	EXP 	Fixation: autoDraw = True
277.7104 	DATA 	Keypress: z
277.9090 	EXP 	Device response: <KeyPress from None: t=277.6964230580488, value=z, duration=0.20832352997967973>
278.6983 	EXP 	Fixation: autoDraw = False
278.6983 	EXP 	Line1: autoDraw = True
278.6983 	EXP 	Line2: autoDraw = True
278.6983 	EXP 	Line3: autoDraw = True
278.6983 	EXP 	Line4: autoDraw = True
279.6987 	INFO 	Keyboard events cleared
279.6985 	EXP 	Probe: autoDraw = True
280.0588 	EXP 	Device response: <KeyPress from None: t=280.0553217860288, value=x, duration=None>
280.0591 	EXP 	New trial (rep=6, index=20): <Trial 20 (20 in rep 6) data={'pos': np.int64(50), 'corr_resp': 'c', 'thisN': 20, 'thisTrialN': 20, 'thisRepN': 6}>
280.0615 	DATA 	Keypress: x
280.0672 	EXP 	Fixation: autoDraw = False
280.0672 	EXP 	Line1: autoDraw = False
280.0672 	EXP 	Line2: autoDraw = False
280.0672 	EXP 	Line3: autoDraw = False
280.0672 	EXP 	Line4: autoDraw = False
280.0672 	EXP 	Probe: autoDraw = False
280.0672 	EXP 	Fixation: autoDraw = True
280.1917 	EXP 	Device response: <KeyPress from None: t=280.0553217860288, value=x, duration=0.1283581960014999>
281.0580 	EXP 	Line1: autoDraw = True
281.0580 	EXP 	Line2: autoDraw = True
281.0580 	EXP 	Line3: autoDraw = True
281.0580 	EXP 	Line4: autoDraw = True
281.0644 	EXP 	Fixation: autoDraw = False
282.0582 	INFO 	Keyboard events cleared
282.0580 	EXP 	Probe: autoDraw = True
282.6755 	EXP 	Device response: <KeyPress from None: t=282.67114750802284, value=c, duration=None>
282.6757 	EXP 	New trial (rep=6, index=21): <Trial 21 (21 in rep 6) data={'pos': np.int64(-50), 'corr_resp': 'x', 'thisN': 21, 'thisTrialN': 21, 'thisRepN': 6}>
282.6780 	DATA 	Keypress: c
282.6834 	EXP 	Fixation: autoDraw = False
282.6834 	EXP 	Line1: autoDraw = False
282.6834 	EXP 	Line2: autoDraw = False
282.6834 	EXP 	Line3: autoDraw = False
282.6834 	EXP 	Line4: autoDraw = False
282.6834 	EXP 	Probe: autoDraw = False
282.6834 	EXP 	Fixation: autoDraw = True
282.8251 	EXP 	Device response: <KeyPress from None: t=282.67114750802284, value=c, duration=0.14848120999522507>
283.6660 	EXP 	Line1: autoDraw = True
283.6660 	EXP 	Line2: autoDraw = True
283.6660 	EXP 	Line3: autoDraw = True
283.6660 	EXP 	Line4: autoDraw = True
283.6745 	EXP 	Fixation: autoDraw = False
284.6748 	INFO 	Keyboard events cleared
284.6746 	EXP 	Probe: autoDraw = True
285.2253 	EXP 	Device response: <KeyPress from None: t=285.2231260880362, value=x, duration=None>
285.2256 	EXP 	New trial (rep=4, index=22): <Trial 22 (22 in rep 4) data={'pos': np.int64(-150), 'corr_resp': 'z', 'thisN': 22, 'thisTrialN': 22, 'thisRepN': 4}>
285.2281 	DATA 	Keypress: x
285.2337 	EXP 	Fixation: autoDraw = False
285.2337 	EXP 	Line1: autoDraw = False
285.2337 	EXP 	Line2: autoDraw = False
285.2337 	EXP 	Line3: autoDraw = False
285.2337 	EXP 	Line4: autoDraw = False
285.2337 	EXP 	Probe: autoDraw = False
285.2337 	EXP 	Fixation: autoDraw = True
285.3587 	EXP 	Device response: <KeyPress from None: t=285.2231260880362, value=x, duration=0.13228780101053417>
286.2149 	EXP 	Line1: autoDraw = True
286.2149 	EXP 	Line2: autoDraw = True
286.2149 	EXP 	Line3: autoDraw = True
286.2149 	EXP 	Line4: autoDraw = True
286.2314 	EXP 	Fixation: autoDraw = False
287.2156 	INFO 	Keyboard events cleared
287.2154 	EXP 	Probe: autoDraw = True
287.7988 	EXP 	Device response: <KeyPress from None: t=287.79702824604465, value=z, duration=None>
287.7991 	EXP 	New trial (rep=7, index=23): <Trial 23 (23 in rep 7) data={'pos': np.int64(-50), 'corr_resp': 'x', 'thisN': 23, 'thisTrialN': 23, 'thisRepN': 7}>
287.8075 	EXP 	Fixation: autoDraw = False
287.8075 	EXP 	Line1: autoDraw = False
287.8075 	EXP 	Line2: autoDraw = False
287.8075 	EXP 	Line3: autoDraw = False
287.8075 	EXP 	Line4: autoDraw = False
287.8075 	EXP 	Probe: autoDraw = False
287.8075 	EXP 	Fixation: autoDraw = True
287.8102 	DATA 	Keypress: z
287.9588 	EXP 	Device response: <KeyPress from None: t=287.79702824604465, value=z, duration=0.16030978999333456>
288.7981 	EXP 	Fixation: autoDraw = False
288.7981 	EXP 	Line1: autoDraw = True
288.7981 	EXP 	Line2: autoDraw = True
288.7981 	EXP 	Line3: autoDraw = True
288.7981 	EXP 	Line4: autoDraw = True
289.7989 	INFO 	Keyboard events cleared
289.7986 	EXP 	Probe: autoDraw = True
290.2917 	EXP 	Device response: <KeyPress from None: t=290.2859744570451, value=x, duration=None>
290.2920 	EXP 	New trial (rep=7, index=24): <Trial 24 (24 in rep 7) data={'pos': np.int64(50), 'corr_resp': 'c', 'thisN': 24, 'thisTrialN': 24, 'thisRepN': 7}>
290.2942 	DATA 	Keypress: x
290.2998 	EXP 	Fixation: autoDraw = False
290.2998 	EXP 	Line1: autoDraw = False
290.2998 	EXP 	Line2: autoDraw = False
290.2998 	EXP 	Line3: autoDraw = False
290.2998 	EXP 	Line4: autoDraw = False
290.2998 	EXP 	Probe: autoDraw = False
290.2998 	EXP 	Fixation: autoDraw = True
290.4494 	EXP 	Device response: <KeyPress from None: t=290.2859744570451, value=x, duration=0.15639586199540645>
291.2811 	EXP 	Line1: autoDraw = True
291.2811 	EXP 	Line2: autoDraw = True
291.2811 	EXP 	Line3: autoDraw = True
291.2811 	EXP 	Line4: autoDraw = True
291.2974 	EXP 	Fixation: autoDraw = False
292.2817 	INFO 	Keyboard events cleared
292.2814 	EXP 	Probe: autoDraw = True
292.8663 	EXP 	Device response: <KeyPress from None: t=292.85984372900566, value=c, duration=None>
292.8666 	EXP 	New trial (rep=4, index=25): <Trial 25 (25 in rep 4) data={'pos': np.int64(150), 'corr_resp': 'v', 'thisN': 25, 'thisTrialN': 25, 'thisRepN': 4}>
292.8690 	DATA 	Keypress: c
292.8749 	EXP 	Fixation: autoDraw = False
292.8749 	EXP 	Line1: autoDraw = False
292.8749 	EXP 	Line2: autoDraw = False
292.8749 	EXP 	Line3: autoDraw = False
292.8749 	EXP 	Line4: autoDraw = False
292.8749 	EXP 	Probe: autoDraw = False
292.8749 	EXP 	Fixation: autoDraw = True
292.9987 	EXP 	Device response: <KeyPress from None: t=292.85984372900566, value=c, duration=0.1362294370192103>
293.8641 	EXP 	Fixation: autoDraw = False
293.8641 	EXP 	Line1: autoDraw = True
293.8641 	EXP 	Line2: autoDraw = True
293.8641 	EXP 	Line3: autoDraw = True
293.8641 	EXP 	Line4: autoDraw = True
294.8647 	INFO 	Keyboard events cleared
294.8645 	EXP 	Probe: autoDraw = True
295.2319 	EXP 	Device response: <KeyPress from None: t=295.22867479303386, value=v, duration=None>
295.2322 	EXP 	New trial (rep=8, index=26): <Trial 26 (26 in rep 8) data={'pos': np.int64(-50), 'corr_resp': 'x', 'thisN': 26, 'thisTrialN': 26, 'thisRepN': 8}>
295.2345 	DATA 	Keypress: v
295.2403 	EXP 	Fixation: autoDraw = False
295.2403 	EXP 	Line1: autoDraw = False
295.2403 	EXP 	Line2: autoDraw = False
295.2403 	EXP 	Line3: autoDraw = False
295.2403 	EXP 	Line4: autoDraw = False
295.2403 	EXP 	Probe: autoDraw = False
295.2403 	EXP 	Fixation: autoDraw = True
295.4253 	EXP 	Device response: <KeyPress from None: t=295.22867479303386, value=v, duration=0.1922487469855696>
296.2312 	EXP 	Fixation: autoDraw = False
296.2312 	EXP 	Line1: autoDraw = True
296.2312 	EXP 	Line2: autoDraw = True
296.2312 	EXP 	Line3: autoDraw = True
296.2312 	EXP 	Line4: autoDraw = True
297.2321 	INFO 	Keyboard events cleared
297.2319 	EXP 	Probe: autoDraw = True
297.5419 	EXP 	Device response: <KeyPress from None: t=297.53955221304204, value=x, duration=None>
297.5422 	EXP 	New trial (rep=5, index=27): <Trial 27 (27 in rep 5) data={'pos': np.int64(150), 'corr_resp': 'v', 'thisN': 27, 'thisTrialN': 27, 'thisRepN': 5}>
297.5445 	DATA 	Keypress: x
297.5502 	EXP 	Fixation: autoDraw = False
297.5502 	EXP 	Line1: autoDraw = False
297.5502 	EXP 	Line2: autoDraw = False
297.5502 	EXP 	Line3: autoDraw = False
297.5502 	EXP 	Line4: autoDraw = False
297.5502 	EXP 	Probe: autoDraw = False
297.5502 	EXP 	Fixation: autoDraw = True
297.6920 	EXP 	Device response: <KeyPress from None: t=297.53955221304204, value=x, duration=0.1481811039848253>
298.5411 	EXP 	Line1: autoDraw = True
298.5411 	EXP 	Line2: autoDraw = True
298.5411 	EXP 	Line3: autoDraw = True
298.5411 	EXP 	Line4: autoDraw = True
298.5475 	EXP 	Fixation: autoDraw = False
299.5415 	INFO 	Keyboard events cleared
299.5413 	EXP 	Probe: autoDraw = True
299.9752 	EXP 	Device response: <KeyPress from None: t=299.9715170270065, value=v, duration=None>
299.9755 	EXP 	New trial (rep=6, index=28): <Trial 28 (28 in rep 6) data={'pos': np.int64(150), 'corr_resp': 'v', 'thisN': 28, 'thisTrialN': 28, 'thisRepN': 6}>
299.9778 	DATA 	Keypress: v
299.9840 	EXP 	Fixation: autoDraw = False
299.9840 	EXP 	Line1: autoDraw = False
299.9840 	EXP 	Line2: autoDraw = False
299.9840 	EXP 	Line3: autoDraw = False
299.9840 	EXP 	Line4: autoDraw = False
299.9840 	EXP 	Probe: autoDraw = False
299.9840 	EXP 	Fixation: autoDraw = True
300.1582 	EXP 	Device response: <KeyPress from None: t=299.9715170270065, value=v, duration=0.17617787601193413>
300.9743 	EXP 	Line1: autoDraw = True
300.9743 	EXP 	Line2: autoDraw = True
300.9743 	EXP 	Line3: autoDraw = True
300.9743 	EXP 	Line4: autoDraw = True
300.9810 	EXP 	Fixation: autoDraw = False
301.9745 	INFO 	Keyboard events cleared
301.9743 	EXP 	Probe: autoDraw = True
302.4084 	EXP 	Device response: <KeyPress from None: t=302.4033552230103, value=v, duration=None>
302.4087 	EXP 	New trial (rep=5, index=29): <Trial 29 (29 in rep 5) data={'pos': np.int64(-150), 'corr_resp': 'z', 'thisN': 29, 'thisTrialN': 29, 'thisRepN': 5}>
302.4110 	DATA 	Keypress: v
302.4171 	EXP 	Fixation: autoDraw = False
302.4171 	EXP 	Line1: autoDraw = False
302.4171 	EXP 	Line2: autoDraw = False
302.4171 	EXP 	Line3: autoDraw = False
302.4171 	EXP 	Line4: autoDraw = False
302.4171 	EXP 	Probe: autoDraw = False
302.4171 	EXP 	Fixation: autoDraw = True
302.5749 	EXP 	Device response: <KeyPress from None: t=302.4033552230103, value=v, duration=0.16430206701625139>
303.3979 	EXP 	Line1: autoDraw = True
303.3979 	EXP 	Line2: autoDraw = True
303.3979 	EXP 	Line3: autoDraw = True
303.3979 	EXP 	Line4: autoDraw = True
303.4140 	EXP 	Fixation: autoDraw = False
304.3981 	INFO 	Keyboard events cleared
304.3978 	EXP 	Probe: autoDraw = True
305.0151 	EXP 	Device response: <KeyPress from None: t=305.01228087802883, value=z, duration=None>
305.0154 	EXP 	New trial (rep=7, index=30): <Trial 30 (30 in rep 7) data={'pos': np.int64(150), 'corr_resp': 'v', 'thisN': 30, 'thisTrialN': 30, 'thisRepN': 7}>
305.0240 	EXP 	Fixation: autoDraw = False
305.0240 	EXP 	Line1: autoDraw = False
305.0240 	EXP 	Line2: autoDraw = False
305.0240 	EXP 	Line3: autoDraw = False
305.0240 	EXP 	Line4: autoDraw = False
305.0240 	EXP 	Probe: autoDraw = False
305.0240 	EXP 	Fixation: autoDraw = True
305.0270 	DATA 	Keypress: z
305.1747 	EXP 	Device response: <KeyPress from None: t=305.01228087802883, value=z, duration=0.15238451201003045>
306.0146 	EXP 	Fixation: autoDraw = False
306.0146 	EXP 	Line1: autoDraw = True
306.0146 	EXP 	Line2: autoDraw = True
306.0146 	EXP 	Line3: autoDraw = True
306.0146 	EXP 	Line4: autoDraw = True
307.0146 	INFO 	Keyboard events cleared
307.0144 	EXP 	Probe: autoDraw = True
307.4161 	EXP 	Device response: <KeyPress from None: t=307.41315049800323, value=v, duration=None>
307.4164 	EXP 	New trial (rep=8, index=31): <Trial 31 (31 in rep 8) data={'pos': np.int64(50), 'corr_resp': 'c', 'thisN': 31, 'thisTrialN': 31, 'thisRepN': 8}>
307.4187 	DATA 	Keypress: v
307.4247 	EXP 	Fixation: autoDraw = False
307.4247 	EXP 	Line1: autoDraw = False
307.4247 	EXP 	Line2: autoDraw = False
307.4247 	EXP 	Line3: autoDraw = False
307.4247 	EXP 	Line4: autoDraw = False
307.4247 	EXP 	Probe: autoDraw = False
307.4247 	EXP 	Fixation: autoDraw = True
307.5747 	EXP 	Device response: <KeyPress from None: t=307.41315049800323, value=v, duration=0.15240571199683473>
308.4145 	EXP 	Fixation: autoDraw = False
308.4145 	EXP 	Line1: autoDraw = True
308.4145 	EXP 	Line2: autoDraw = True
308.4145 	EXP 	Line3: autoDraw = True
308.4145 	EXP 	Line4: autoDraw = True
309.4148 	INFO 	Keyboard events cleared
309.4146 	EXP 	Probe: autoDraw = True
310.0914 	EXP 	Device response: <KeyPress from None: t=310.0819854980218, value=c, duration=None>
310.0917 	EXP 	New trial (rep=9, index=32): <Trial 32 (32 in rep 9) data={'pos': np.int64(50), 'corr_resp': 'c', 'thisN': 32, 'thisTrialN': 32, 'thisRepN': 9}>
310.0942 	DATA 	Keypress: c
310.0997 	EXP 	Fixation: autoDraw = False
310.0997 	EXP 	Line1: autoDraw = False
310.0997 	EXP 	Line2: autoDraw = False
310.0997 	EXP 	Line3: autoDraw = False
310.0997 	EXP 	Line4: autoDraw = False
310.0997 	EXP 	Probe: autoDraw = False
310.0997 	EXP 	Fixation: autoDraw = True
310.2581 	EXP 	Device response: <KeyPress from None: t=310.0819854980218, value=c, duration=0.16855894500622526>
311.0812 	EXP 	Line1: autoDraw = True
311.0812 	EXP 	Line2: autoDraw = True
311.0812 	EXP 	Line3: autoDraw = True
311.0812 	EXP 	Line4: autoDraw = True
311.0971 	EXP 	Fixation: autoDraw = False
312.0816 	INFO 	Keyboard events cleared
312.0814 	EXP 	Probe: autoDraw = True
312.9485 	EXP 	Device response: <KeyPress from None: t=312.94686402304797, value=c, duration=None>
312.9489 	EXP 	New trial (rep=10, index=33): <Trial 33 (33 in rep 10) data={'pos': np.int64(50), 'corr_resp': 'c', 'thisN': 33, 'thisTrialN': 33, 'thisRepN': 10}>
312.9573 	EXP 	Fixation: autoDraw = False
312.9573 	EXP 	Line1: autoDraw = False
312.9573 	EXP 	Line2: autoDraw = False
312.9573 	EXP 	Line3: autoDraw = False
312.9573 	EXP 	Line4: autoDraw = False
312.9573 	EXP 	Probe: autoDraw = False
312.9573 	EXP 	Fixation: autoDraw = True
312.9600 	DATA 	Keypress: c
313.0812 	EXP 	Device response: <KeyPress from None: t=312.94686402304797, value=c, duration=0.12821832799818367>
313.9478 	EXP 	Fixation: autoDraw = False
313.9478 	EXP 	Line1: autoDraw = True
313.9478 	EXP 	Line2: autoDraw = True
313.9478 	EXP 	Line3: autoDraw = True
313.9478 	EXP 	Line4: autoDraw = True
314.9480 	INFO 	Keyboard events cleared
314.9477 	EXP 	Probe: autoDraw = True
315.3656 	EXP 	Device response: <KeyPress from None: t=315.36090162803885, value=c, duration=None>
315.3659 	EXP 	New trial (rep=8, index=34): <Trial 34 (34 in rep 8) data={'pos': np.int64(150), 'corr_resp': 'v', 'thisN': 34, 'thisTrialN': 34, 'thisRepN': 8}>
315.3682 	DATA 	Keypress: c
315.3741 	EXP 	Fixation: autoDraw = False
315.3741 	EXP 	Line1: autoDraw = False
315.3741 	EXP 	Line2: autoDraw = False
315.3741 	EXP 	Line3: autoDraw = False
315.3741 	EXP 	Line4: autoDraw = False
315.3741 	EXP 	Probe: autoDraw = False
315.3741 	EXP 	Fixation: autoDraw = True
315.4981 	EXP 	Device response: <KeyPress from None: t=315.36090162803885, value=c, duration=0.13225593598326668>
316.3645 	EXP 	Fixation: autoDraw = False
316.3645 	EXP 	Line1: autoDraw = True
316.3645 	EXP 	Line2: autoDraw = True
316.3645 	EXP 	Line3: autoDraw = True
316.3645 	EXP 	Line4: autoDraw = True
317.3652 	INFO 	Keyboard events cleared
317.3650 	EXP 	Probe: autoDraw = True
317.7249 	EXP 	Device response: <KeyPress from None: t=317.71980127104325, value=v, duration=None>
317.7252 	EXP 	New trial (rep=9, index=35): <Trial 35 (35 in rep 9) data={'pos': np.int64(-50), 'corr_resp': 'x', 'thisN': 35, 'thisTrialN': 35, 'thisRepN': 9}>
317.7275 	DATA 	Keypress: v
317.7330 	EXP 	Fixation: autoDraw = False
317.7330 	EXP 	Line1: autoDraw = False
317.7330 	EXP 	Line2: autoDraw = False
317.7330 	EXP 	Line3: autoDraw = False
317.7330 	EXP 	Line4: autoDraw = False
317.7330 	EXP 	Probe: autoDraw = False
317.7330 	EXP 	Fixation: autoDraw = True
317.9418 	EXP 	Device response: <KeyPress from None: t=317.71980127104325, value=v, duration=0.21220851497491822>
318.7144 	EXP 	Line1: autoDraw = True
318.7144 	EXP 	Line2: autoDraw = True
318.7144 	EXP 	Line3: autoDraw = True
318.7144 	EXP 	Line4: autoDraw = True
318.7303 	EXP 	Fixation: autoDraw = False
319.7244 	INFO 	Keyboard events cleared
319.7242 	EXP 	Probe: autoDraw = True
320.0754 	EXP 	Device response: <KeyPress from None: t=320.0715934970067, value=x, duration=None>
320.0758 	EXP 	New trial (rep=9, index=36): <Trial 36 (36 in rep 9) data={'pos': np.int64(150), 'corr_resp': 'v', 'thisN': 36, 'thisTrialN': 36, 'thisRepN': 9}>
320.0821 	EXP 	Fixation: autoDraw = False
320.0821 	EXP 	Line1: autoDraw = False
320.0821 	EXP 	Line2: autoDraw = False
320.0821 	EXP 	Line3: autoDraw = False
320.0821 	EXP 	Line4: autoDraw = False
320.0821 	EXP 	Probe: autoDraw = False
320.0821 	EXP 	Fixation: autoDraw = True
320.0855 	DATA 	Keypress: x
320.2250 	EXP 	Device response: <KeyPress from None: t=320.0715934970067, value=x, duration=0.15225899103097618>
321.0741 	EXP 	Line1: autoDraw = True
321.0741 	EXP 	Line2: autoDraw = True
321.0741 	EXP 	Line3: autoDraw = True
321.0741 	EXP 	Line4: autoDraw = True
321.0809 	EXP 	Fixation: autoDraw = False
322.0743 	INFO 	Keyboard events cleared
322.0741 	EXP 	Probe: autoDraw = True
322.4416 	EXP 	Device response: <KeyPress from None: t=322.43750196602196, value=v, duration=None>
322.4419 	EXP 	New trial (rep=11, index=37): <Trial 37 (37 in rep 11) data={'pos': np.int64(50), 'corr_resp': 'c', 'thisN': 37, 'thisTrialN': 37, 'thisRepN': 11}>
322.4442 	DATA 	Keypress: v
322.4497 	EXP 	Fixation: autoDraw = False
322.4497 	EXP 	Line1: autoDraw = False
322.4497 	EXP 	Line2: autoDraw = False
322.4497 	EXP 	Line3: autoDraw = False
322.4497 	EXP 	Line4: autoDraw = False
322.4497 	EXP 	Probe: autoDraw = False
322.4497 	EXP 	Fixation: autoDraw = True
322.6083 	EXP 	Device response: <KeyPress from None: t=322.43750196602196, value=v, duration=0.16821491002338007>
323.4407 	EXP 	Line1: autoDraw = True
323.4407 	EXP 	Line2: autoDraw = True
323.4407 	EXP 	Line3: autoDraw = True
323.4407 	EXP 	Line4: autoDraw = True
323.4475 	EXP 	Fixation: autoDraw = False
324.4409 	INFO 	Keyboard events cleared
324.4407 	EXP 	Probe: autoDraw = True
324.8912 	EXP 	Device response: <KeyPress from None: t=324.8854957370204, value=c, duration=None>
324.8915 	EXP 	New trial (rep=10, index=38): <Trial 38 (38 in rep 10) data={'pos': np.int64(-50), 'corr_resp': 'x', 'thisN': 38, 'thisTrialN': 38, 'thisRepN': 10}>
324.8938 	DATA 	Keypress: c
324.8999 	EXP 	Fixation: autoDraw = False
324.8999 	EXP 	Line1: autoDraw = False
324.8999 	EXP 	Line2: autoDraw = False
324.8999 	EXP 	Line3: autoDraw = False
324.8999 	EXP 	Line4: autoDraw = False
324.8999 	EXP 	Probe: autoDraw = False
324.8999 	EXP 	Fixation: autoDraw = True
325.0245 	EXP 	Device response: <KeyPress from None: t=324.8854957370204, value=c, duration=0.13239093398442492>
325.8810 	EXP 	Line1: autoDraw = True
325.8810 	EXP 	Line2: autoDraw = True
325.8810 	EXP 	Line3: autoDraw = True
325.8810 	EXP 	Line4: autoDraw = True
325.8969 	EXP 	Fixation: autoDraw = False
326.8816 	INFO 	Keyboard events cleared
326.8814 	EXP 	Probe: autoDraw = True
327.2246 	EXP 	Device response: <KeyPress from None: t=327.21627809101483, value=x, duration=None>
327.2248 	EXP 	New trial (rep=6, index=39): <Trial 39 (39 in rep 6) data={'pos': np.int64(-150), 'corr_resp': 'z', 'thisN': 39, 'thisTrialN': 39, 'thisRepN': 6}>
327.2272 	DATA 	Keypress: x
327.2328 	EXP 	Fixation: autoDraw = False
327.2328 	EXP 	Line1: autoDraw = False
327.2328 	EXP 	Line2: autoDraw = False
327.2328 	EXP 	Line3: autoDraw = False
327.2328 	EXP 	Line4: autoDraw = False
327.2328 	EXP 	Probe: autoDraw = False
327.2328 	EXP 	Fixation: autoDraw = True
327.3819 	EXP 	Device response: <KeyPress from None: t=327.21627809101483, value=x, duration=0.16438135399948806>
328.2146 	EXP 	Line1: autoDraw = True
328.2146 	EXP 	Line2: autoDraw = True
328.2146 	EXP 	Line3: autoDraw = True
328.2146 	EXP 	Line4: autoDraw = True
328.2307 	EXP 	Fixation: autoDraw = False
329.2238 	INFO 	Keyboard events cleared
329.2237 	EXP 	Probe: autoDraw = True
329.5748 	EXP 	Device response: <KeyPress from None: t=329.56820019503357, value=z, duration=None>
329.5751 	EXP 	New trial (rep=10, index=40): <Trial 40 (40 in rep 10) data={'pos': np.int64(150), 'corr_resp': 'v', 'thisN': 40, 'thisTrialN': 40, 'thisRepN': 10}>
329.5775 	DATA 	Keypress: z
329.5837 	EXP 	Fixation: autoDraw = False
329.5837 	EXP 	Line1: autoDraw = False
329.5837 	EXP 	Line2: autoDraw = False
329.5837 	EXP 	Line3: autoDraw = False
329.5837 	EXP 	Line4: autoDraw = False
329.5837 	EXP 	Probe: autoDraw = False
329.5837 	EXP 	Fixation: autoDraw = True
329.7414 	EXP 	Device response: <KeyPress from None: t=329.56820019503357, value=z, duration=0.16823013901012018>
330.5739 	EXP 	Line1: autoDraw = True
330.5739 	EXP 	Line2: autoDraw = True
330.5739 	EXP 	Line3: autoDraw = True
330.5739 	EXP 	Line4: autoDraw = True
330.5800 	EXP 	Fixation: autoDraw = False
331.5740 	INFO 	Keyboard events cleared
331.5738 	EXP 	Probe: autoDraw = True
331.9815 	EXP 	Device response: <KeyPress from None: t=331.9800200360478, value=v, duration=None>
331.9818 	EXP 	New trial (rep=11, index=41): <Trial 41 (41 in rep 11) data={'pos': np.int64(150), 'corr_resp': 'v', 'thisN': 41, 'thisTrialN': 41, 'thisRepN': 11}>
331.9905 	EXP 	Fixation: autoDraw = False
331.9905 	EXP 	Line1: autoDraw = False
331.9905 	EXP 	Line2: autoDraw = False
331.9905 	EXP 	Line3: autoDraw = False
331.9905 	EXP 	Line4: autoDraw = False
331.9905 	EXP 	Probe: autoDraw = False
331.9905 	EXP 	Fixation: autoDraw = True
331.9928 	DATA 	Keypress: v
332.1744 	EXP 	Device response: <KeyPress from None: t=331.9800200360478, value=v, duration=0.1844219129998237>
332.9809 	EXP 	Fixation: autoDraw = False
332.9809 	EXP 	Line1: autoDraw = True
332.9809 	EXP 	Line2: autoDraw = True
332.9809 	EXP 	Line3: autoDraw = True
332.9809 	EXP 	Line4: autoDraw = True
333.9809 	INFO 	Keyboard events cleared
333.9807 	EXP 	Probe: autoDraw = True
334.3982 	EXP 	Device response: <KeyPress from None: t=334.39504013501573, value=v, duration=None>
334.3985 	EXP 	New trial (rep=12, index=42): <Trial 42 (42 in rep 12) data={'pos': np.int64(150), 'corr_resp': 'v', 'thisN': 42, 'thisTrialN': 42, 'thisRepN': 12}>
334.4011 	DATA 	Keypress: v
334.4070 	EXP 	Fixation: autoDraw = False
334.4070 	EXP 	Line1: autoDraw = False
334.4070 	EXP 	Line2: autoDraw = False
334.4070 	EXP 	Line3: autoDraw = False
334.4070 	EXP 	Line4: autoDraw = False
334.4070 	EXP 	Probe: autoDraw = False
334.4070 	EXP 	Fixation: autoDraw = True
334.5978 	EXP 	Device response: <KeyPress from None: t=334.39504013501573, value=v, duration=0.20022661803523079>
335.3974 	EXP 	Fixation: autoDraw = False
335.3974 	EXP 	Line1: autoDraw = True
335.3974 	EXP 	Line2: autoDraw = True
335.3974 	EXP 	Line3: autoDraw = True
335.3974 	EXP 	Line4: autoDraw = True
336.3979 	INFO 	Keyboard events cleared
336.3977 	EXP 	Probe: autoDraw = True
336.7915 	EXP 	Device response: <KeyPress from None: t=336.78678205801407, value=v, duration=None>
336.7918 	EXP 	New trial (rep=7, index=43): <Trial 43 (43 in rep 7) data={'pos': np.int64(-150), 'corr_resp': 'z', 'thisN': 43, 'thisTrialN': 43, 'thisRepN': 7}>
336.7941 	DATA 	Keypress: v
336.7996 	EXP 	Fixation: autoDraw = False
336.7996 	EXP 	Line1: autoDraw = False
336.7996 	EXP 	Line2: autoDraw = False
336.7996 	EXP 	Line3: autoDraw = False
336.7996 	EXP 	Line4: autoDraw = False
336.7996 	EXP 	Probe: autoDraw = False
336.7996 	EXP 	Fixation: autoDraw = True
336.9809 	EXP 	Device response: <KeyPress from None: t=336.78678205801407, value=v, duration=0.18838257901370525>
337.7905 	EXP 	Line1: autoDraw = True
337.7905 	EXP 	Line2: autoDraw = True
337.7905 	EXP 	Line3: autoDraw = True
337.7905 	EXP 	Line4: autoDraw = True
337.7974 	EXP 	Fixation: autoDraw = False
338.7906 	INFO 	Keyboard events cleared
338.7904 	EXP 	Probe: autoDraw = True
339.2820 	EXP 	Device response: <KeyPress from None: t=339.2757168370299, value=z, duration=None>
339.2823 	EXP 	New trial (rep=11, index=44): <Trial 44 (44 in rep 11) data={'pos': np.int64(-50), 'corr_resp': 'x', 'thisN': 44, 'thisTrialN': 44, 'thisRepN': 11}>
339.2847 	DATA 	Keypress: z
339.2905 	EXP 	Fixation: autoDraw = False
339.2905 	EXP 	Line1: autoDraw = False
339.2905 	EXP 	Line2: autoDraw = False
339.2905 	EXP 	Line3: autoDraw = False
339.2905 	EXP 	Line4: autoDraw = False
339.2905 	EXP 	Probe: autoDraw = False
339.2905 	EXP 	Fixation: autoDraw = True
339.4409 	EXP 	Device response: <KeyPress from None: t=339.2757168370299, value=z, duration=0.15631541999755427>
340.2806 	EXP 	Fixation: autoDraw = False
340.2806 	EXP 	Line1: autoDraw = True
340.2806 	EXP 	Line2: autoDraw = True
340.2806 	EXP 	Line3: autoDraw = True
340.2806 	EXP 	Line4: autoDraw = True
341.2813 	INFO 	Keyboard events cleared
341.2811 	EXP 	Probe: autoDraw = True
341.8244 	EXP 	Device response: <KeyPress from None: t=341.81770780001534, value=x, duration=None>
341.8247 	EXP 	New trial (rep=12, index=45): <Trial 45 (45 in rep 12) data={'pos': np.int64(-50), 'corr_resp': 'x', 'thisN': 45, 'thisTrialN': 45, 'thisRepN': 12}>
341.8271 	DATA 	Keypress: x
341.8326 	EXP 	Fixation: autoDraw = False
341.8326 	EXP 	Line1: autoDraw = False
341.8326 	EXP 	Line2: autoDraw = False
341.8326 	EXP 	Line3: autoDraw = False
341.8326 	EXP 	Line4: autoDraw = False
341.8326 	EXP 	Probe: autoDraw = False
341.8326 	EXP 	Fixation: autoDraw = True
341.9911 	EXP 	Device response: <KeyPress from None: t=341.81770780001534, value=x, duration=0.16812983999261633>
342.8143 	EXP 	Line1: autoDraw = True
342.8143 	EXP 	Line2: autoDraw = True
342.8143 	EXP 	Line3: autoDraw = True
342.8143 	EXP 	Line4: autoDraw = True
342.8302 	EXP 	Fixation: autoDraw = False
343.8146 	INFO 	Keyboard events cleared
343.8144 	EXP 	Probe: autoDraw = True
344.2985 	EXP 	Device response: <KeyPress from None: t=344.2936631630291, value=x, duration=None>
344.2988 	EXP 	New trial (rep=13, index=46): <Trial 46 (46 in rep 13) data={'pos': np.int64(150), 'corr_resp': 'v', 'thisN': 46, 'thisTrialN': 46, 'thisRepN': 13}>
344.3012 	DATA 	Keypress: x
344.3072 	EXP 	Fixation: autoDraw = False
344.3072 	EXP 	Line1: autoDraw = False
344.3072 	EXP 	Line2: autoDraw = False
344.3072 	EXP 	Line3: autoDraw = False
344.3072 	EXP 	Line4: autoDraw = False
344.3072 	EXP 	Probe: autoDraw = False
344.3072 	EXP 	Fixation: autoDraw = True
344.4409 	EXP 	Device response: <KeyPress from None: t=344.2936631630291, value=x, duration=0.14032985497033224>
345.2974 	EXP 	Fixation: autoDraw = False
345.2974 	EXP 	Line1: autoDraw = True
345.2974 	EXP 	Line2: autoDraw = True
345.2974 	EXP 	Line3: autoDraw = True
345.2974 	EXP 	Line4: autoDraw = True
346.2979 	INFO 	Keyboard events cleared
346.2977 	EXP 	Probe: autoDraw = True
346.8414 	EXP 	Device response: <KeyPress from None: t=346.8403575710254, value=v, duration=None>
346.8417 	EXP 	New trial (rep=12, index=47): <Trial 47 (47 in rep 12) data={'pos': np.int64(50), 'corr_resp': 'c', 'thisN': 47, 'thisTrialN': 47, 'thisRepN': 12}>
346.8475 	EXP 	Fixation: autoDraw = False
346.8475 	EXP 	Line1: autoDraw = False
346.8475 	EXP 	Line2: autoDraw = False
346.8475 	EXP 	Line3: autoDraw = False
346.8475 	EXP 	Line4: autoDraw = False
346.8475 	EXP 	Probe: autoDraw = False
346.8475 	EXP 	Fixation: autoDraw = True
346.8502 	DATA 	Keypress: v
347.0473 	EXP 	Device response: <KeyPress from None: t=346.8403575710254, value=v, duration=0.20442690298659727>
347.8405 	EXP 	Line1: autoDraw = True
347.8405 	EXP 	Line2: autoDraw = True
347.8405 	EXP 	Line3: autoDraw = True
347.8405 	EXP 	Line4: autoDraw = True
347.8472 	EXP 	Fixation: autoDraw = False
348.8405 	INFO 	Keyboard events cleared
348.8404 	EXP 	Probe: autoDraw = True
349.1911 	EXP 	Device response: <KeyPress from None: t=349.18230688903714, value=c, duration=None>
349.1913 	EXP 	New trial (rep=13, index=48): <Trial 48 (48 in rep 13) data={'pos': np.int64(-50), 'corr_resp': 'x', 'thisN': 48, 'thisTrialN': 48, 'thisRepN': 13}>
349.1940 	DATA 	Keypress: c
349.1994 	EXP 	Fixation: autoDraw = False
349.1994 	EXP 	Line1: autoDraw = False
349.1994 	EXP 	Line2: autoDraw = False
349.1994 	EXP 	Line3: autoDraw = False
349.1994 	EXP 	Line4: autoDraw = False
349.1994 	EXP 	Probe: autoDraw = False
349.1994 	EXP 	Fixation: autoDraw = True
349.3144 	EXP 	Device response: <KeyPress from None: t=349.18230688903714, value=c, duration=0.12841159797972068>
350.1808 	EXP 	Line1: autoDraw = True
350.1808 	EXP 	Line2: autoDraw = True
350.1808 	EXP 	Line3: autoDraw = True
350.1808 	EXP 	Line4: autoDraw = True
350.1966 	EXP 	Fixation: autoDraw = False
351.1904 	INFO 	Keyboard events cleared
351.1902 	EXP 	Probe: autoDraw = True
351.5147 	EXP 	Device response: <KeyPress from None: t=351.5102606090368, value=x, duration=None>
351.5150 	EXP 	New trial (rep=13, index=49): <Trial 49 (49 in rep 13) data={'pos': np.int64(50), 'corr_resp': 'c', 'thisN': 49, 'thisTrialN': 49, 'thisRepN': 13}>
351.5174 	DATA 	Keypress: x
351.5232 	EXP 	Fixation: autoDraw = False
351.5232 	EXP 	Line1: autoDraw = False
351.5232 	EXP 	Line2: autoDraw = False
351.5232 	EXP 	Line3: autoDraw = False
351.5232 	EXP 	Line4: autoDraw = False
351.5232 	EXP 	Probe: autoDraw = False
351.5232 	EXP 	Fixation: autoDraw = True
351.6482 	EXP 	Device response: <KeyPress from None: t=351.5102606090368, value=x, duration=0.13613569998415187>
352.5138 	EXP 	Fixation: autoDraw = False
352.5138 	EXP 	Line1: autoDraw = True
352.5138 	EXP 	Line2: autoDraw = True
352.5138 	EXP 	Line3: autoDraw = True
352.5138 	EXP 	Line4: autoDraw = True
353.5139 	INFO 	Keyboard events cleared
353.5137 	EXP 	Probe: autoDraw = True
354.0245 	EXP 	Device response: <KeyPress from None: t=354.0201562520233, value=c, duration=None>
354.0248 	EXP 	New trial (rep=14, index=50): <Trial 50 (50 in rep 14) data={'pos': np.int64(50), 'corr_resp': 'c', 'thisN': 50, 'thisTrialN': 50, 'thisRepN': 14}>
354.0271 	DATA 	Keypress: c
354.0327 	EXP 	Fixation: autoDraw = False
354.0327 	EXP 	Line1: autoDraw = False
354.0327 	EXP 	Line2: autoDraw = False
354.0327 	EXP 	Line3: autoDraw = False
354.0327 	EXP 	Line4: autoDraw = False
354.0327 	EXP 	Probe: autoDraw = False
354.0327 	EXP 	Fixation: autoDraw = True
354.1406 	EXP 	Device response: <KeyPress from None: t=354.0201562520233, value=c, duration=0.11223234899807721>
355.0237 	EXP 	Line1: autoDraw = True
355.0237 	EXP 	Line2: autoDraw = True
355.0237 	EXP 	Line3: autoDraw = True
355.0237 	EXP 	Line4: autoDraw = True
355.0304 	EXP 	Fixation: autoDraw = False
356.0238 	INFO 	Keyboard events cleared
356.0236 	EXP 	Probe: autoDraw = True
356.6242 	EXP 	Device response: <KeyPress from None: t=356.6140027420479, value=c, duration=None>
356.6245 	EXP 	New trial (rep=15, index=51): <Trial 51 (51 in rep 15) data={'pos': np.int64(50), 'corr_resp': 'c', 'thisN': 51, 'thisTrialN': 51, 'thisRepN': 15}>
356.6268 	DATA 	Keypress: c
356.6323 	EXP 	Fixation: autoDraw = False
356.6323 	EXP 	Line1: autoDraw = False
356.6323 	EXP 	Line2: autoDraw = False
356.6323 	EXP 	Line3: autoDraw = False
356.6323 	EXP 	Line4: autoDraw = False
356.6323 	EXP 	Probe: autoDraw = False
356.6323 	EXP 	Fixation: autoDraw = True
356.7480 	EXP 	Device response: <KeyPress from None: t=356.6140027420479, value=c, duration=0.13235793798230588>
357.6139 	EXP 	Line1: autoDraw = True
357.6139 	EXP 	Line2: autoDraw = True
357.6139 	EXP 	Line3: autoDraw = True
357.6139 	EXP 	Line4: autoDraw = True
357.6303 	EXP 	Fixation: autoDraw = False
358.6145 	INFO 	Keyboard events cleared
358.6143 	EXP 	Probe: autoDraw = True
359.0074 	EXP 	Device response: <KeyPress from None: t=359.001002984005, value=c, duration=None>
359.0077 	EXP 	New trial (rep=16, index=52): <Trial 52 (52 in rep 16) data={'pos': np.int64(50), 'corr_resp': 'c', 'thisN': 52, 'thisTrialN': 52, 'thisRepN': 16}>
359.0100 	DATA 	Keypress: c
359.0154 	EXP 	Fixation: autoDraw = False
359.0154 	EXP 	Line1: autoDraw = False
359.0154 	EXP 	Line2: autoDraw = False
359.0154 	EXP 	Line3: autoDraw = False
359.0154 	EXP 	Line4: autoDraw = False
359.0154 	EXP 	Probe: autoDraw = False
359.0154 	EXP 	Fixation: autoDraw = True
359.1477 	EXP 	Device response: <KeyPress from None: t=359.001002984005, value=c, duration=0.1442166719934903>
359.9974 	EXP 	Line1: autoDraw = True
359.9974 	EXP 	Line2: autoDraw = True
359.9974 	EXP 	Line3: autoDraw = True
359.9974 	EXP 	Line4: autoDraw = True
360.0136 	EXP 	Fixation: autoDraw = False
360.9972 	INFO 	Keyboard events cleared
360.9970 	EXP 	Probe: autoDraw = True
361.5242 	EXP 	Device response: <KeyPress from None: t=361.51782443304546, value=c, duration=None>
361.5245 	EXP 	New trial (rep=14, index=53): <Trial 53 (53 in rep 14) data={'pos': np.int64(150), 'corr_resp': 'v', 'thisN': 53, 'thisTrialN': 53, 'thisRepN': 14}>
361.5268 	DATA 	Keypress: c
361.5324 	EXP 	Fixation: autoDraw = False
361.5324 	EXP 	Line1: autoDraw = False
361.5324 	EXP 	Line2: autoDraw = False
361.5324 	EXP 	Line3: autoDraw = False
361.5324 	EXP 	Line4: autoDraw = False
361.5324 	EXP 	Probe: autoDraw = False
361.5324 	EXP 	Fixation: autoDraw = True
361.6742 	EXP 	Device response: <KeyPress from None: t=361.51782443304546, value=c, duration=0.14821334596490487>
362.5140 	EXP 	Line1: autoDraw = True
362.5140 	EXP 	Line2: autoDraw = True
362.5140 	EXP 	Line3: autoDraw = True
362.5140 	EXP 	Line4: autoDraw = True
362.5297 	EXP 	Fixation: autoDraw = False
363.5139 	INFO 	Keyboard events cleared
363.5136 	EXP 	Probe: autoDraw = True
364.0575 	EXP 	Device response: <KeyPress from None: t=364.05170997499954, value=v, duration=None>
364.0578 	EXP 	New trial (rep=8, index=54): <Trial 54 (54 in rep 8) data={'pos': np.int64(-150), 'corr_resp': 'z', 'thisN': 54, 'thisTrialN': 54, 'thisRepN': 8}>
364.0600 	DATA 	Keypress: v
364.0658 	EXP 	Fixation: autoDraw = False
364.0658 	EXP 	Line1: autoDraw = False
364.0658 	EXP 	Line2: autoDraw = False
364.0658 	EXP 	Line3: autoDraw = False
364.0658 	EXP 	Line4: autoDraw = False
364.0658 	EXP 	Probe: autoDraw = False
364.0658 	EXP 	Fixation: autoDraw = True
364.2406 	EXP 	Device response: <KeyPress from None: t=364.05170997499954, value=v, duration=0.18017513904487714>
365.0467 	EXP 	Line1: autoDraw = True
365.0467 	EXP 	Line2: autoDraw = True
365.0467 	EXP 	Line3: autoDraw = True
365.0467 	EXP 	Line4: autoDraw = True
365.0636 	EXP 	Fixation: autoDraw = False
366.0477 	INFO 	Keyboard events cleared
366.0475 	EXP 	Probe: autoDraw = True
366.7743 	EXP 	Device response: <KeyPress from None: t=366.76950303604826, value=z, duration=None>
366.7746 	EXP 	New trial (rep=14, index=55): <Trial 55 (55 in rep 14) data={'pos': np.int64(-50), 'corr_resp': 'x', 'thisN': 55, 'thisTrialN': 55, 'thisRepN': 14}>
366.7769 	DATA 	Keypress: z
366.7824 	EXP 	Fixation: autoDraw = False
366.7824 	EXP 	Line1: autoDraw = False
366.7824 	EXP 	Line2: autoDraw = False
366.7824 	EXP 	Line3: autoDraw = False
366.7824 	EXP 	Line4: autoDraw = False
366.7824 	EXP 	Probe: autoDraw = False
366.7824 	EXP 	Fixation: autoDraw = True
366.9479 	EXP 	Device response: <KeyPress from None: t=366.76950303604826, value=z, duration=0.1722343519795686>
367.7734 	EXP 	Line1: autoDraw = True
367.7734 	EXP 	Line2: autoDraw = True
367.7734 	EXP 	Line3: autoDraw = True
367.7734 	EXP 	Line4: autoDraw = True
367.7797 	EXP 	Fixation: autoDraw = False
368.7736 	INFO 	Keyboard events cleared
368.7734 	EXP 	Probe: autoDraw = True
369.1242 	EXP 	Device response: <KeyPress from None: t=369.12147455400554, value=x, duration=None>
369.1245 	EXP 	New trial (rep=15, index=56): <Trial 56 (56 in rep 15) data={'pos': np.int64(-50), 'corr_resp': 'x', 'thisN': 56, 'thisTrialN': 56, 'thisRepN': 15}>
369.1268 	DATA 	Keypress: x
369.1323 	EXP 	Fixation: autoDraw = False
369.1323 	EXP 	Line1: autoDraw = False
369.1323 	EXP 	Line2: autoDraw = False
369.1323 	EXP 	Line3: autoDraw = False
369.1323 	EXP 	Line4: autoDraw = False
369.1323 	EXP 	Probe: autoDraw = False
369.1323 	EXP 	Fixation: autoDraw = True
369.2575 	EXP 	Device response: <KeyPress from None: t=369.12147455400554, value=x, duration=0.12827844003913924>
370.1232 	EXP 	Line1: autoDraw = True
370.1232 	EXP 	Line2: autoDraw = True
370.1232 	EXP 	Line3: autoDraw = True
370.1232 	EXP 	Line4: autoDraw = True
370.1295 	EXP 	Fixation: autoDraw = False
371.1145 	INFO 	Keyboard events cleared
371.1143 	EXP 	Probe: autoDraw = True
371.5153 	EXP 	Device response: <KeyPress from None: t=371.50937303801766, value=x, duration=None>
371.5156 	EXP 	New trial (rep=9, index=57): <Trial 57 (57 in rep 9) data={'pos': np.int64(-150), 'corr_resp': 'z', 'thisN': 57, 'thisTrialN': 57, 'thisRepN': 9}>
371.5180 	DATA 	Keypress: x
371.5240 	EXP 	Fixation: autoDraw = False
371.5240 	EXP 	Line1: autoDraw = False
371.5240 	EXP 	Line2: autoDraw = False
371.5240 	EXP 	Line3: autoDraw = False
371.5240 	EXP 	Line4: autoDraw = False
371.5240 	EXP 	Probe: autoDraw = False
371.5240 	EXP 	Fixation: autoDraw = True
371.6406 	EXP 	Device response: <KeyPress from None: t=371.50937303801766, value=x, duration=0.12147157598519698>
372.5135 	EXP 	Fixation: autoDraw = False
372.5135 	EXP 	Line1: autoDraw = True
372.5135 	EXP 	Line2: autoDraw = True
372.5135 	EXP 	Line3: autoDraw = True
372.5135 	EXP 	Line4: autoDraw = True
373.5142 	INFO 	Keyboard events cleared
373.5140 	EXP 	Probe: autoDraw = True
374.0482 	EXP 	Device response: <KeyPress from None: t=374.0464394830051, value=z, duration=None>
374.0486 	EXP 	New trial (rep=16, index=58): <Trial 58 (58 in rep 16) data={'pos': np.int64(-50), 'corr_resp': 'x', 'thisN': 58, 'thisTrialN': 58, 'thisRepN': 16}>
374.0564 	EXP 	Fixation: autoDraw = False
374.0564 	EXP 	Line1: autoDraw = False
374.0564 	EXP 	Line2: autoDraw = False
374.0564 	EXP 	Line3: autoDraw = False
374.0564 	EXP 	Line4: autoDraw = False
374.0564 	EXP 	Probe: autoDraw = False
374.0564 	EXP 	Fixation: autoDraw = True
374.0589 	DATA 	Keypress: z
374.2080 	EXP 	Device response: <KeyPress from None: t=374.0464394830051, value=z, duration=0.16010964702581987>
375.0468 	EXP 	Fixation: autoDraw = False
375.0468 	EXP 	Line1: autoDraw = True
375.0468 	EXP 	Line2: autoDraw = True
375.0468 	EXP 	Line3: autoDraw = True
375.0468 	EXP 	Line4: autoDraw = True
376.0469 	INFO 	Keyboard events cleared
376.0467 	EXP 	Probe: autoDraw = True
376.4242 	EXP 	Device response: <KeyPress from None: t=376.42103299702285, value=x, duration=None>
376.4245 	EXP 	New trial (rep=17, index=59): <Trial 59 (59 in rep 17) data={'pos': np.int64(-50), 'corr_resp': 'x', 'thisN': 59, 'thisTrialN': 59, 'thisRepN': 17}>
376.4269 	DATA 	Keypress: x
376.4326 	EXP 	Fixation: autoDraw = False
376.4326 	EXP 	Line1: autoDraw = False
376.4326 	EXP 	Line2: autoDraw = False
376.4326 	EXP 	Line3: autoDraw = False
376.4326 	EXP 	Line4: autoDraw = False
376.4326 	EXP 	Probe: autoDraw = False
376.4326 	EXP 	Fixation: autoDraw = True
376.5742 	EXP 	Device response: <KeyPress from None: t=376.42103299702285, value=x, duration=0.1483353750081733>
377.4138 	EXP 	Line1: autoDraw = True
377.4138 	EXP 	Line2: autoDraw = True
377.4138 	EXP 	Line3: autoDraw = True
377.4138 	EXP 	Line4: autoDraw = True
377.4296 	EXP 	Fixation: autoDraw = False
378.4138 	INFO 	Keyboard events cleared
378.4136 	EXP 	Probe: autoDraw = True
378.7644 	EXP 	Device response: <KeyPress from None: t=378.7619375990471, value=x, duration=None>
378.7647 	EXP 	New trial (rep=15, index=60): <Trial 60 (60 in rep 15) data={'pos': np.int64(150), 'corr_resp': 'v', 'thisN': 60, 'thisTrialN': 60, 'thisRepN': 15}>
378.7729 	EXP 	Fixation: autoDraw = False
378.7729 	EXP 	Line1: autoDraw = False
378.7729 	EXP 	Line2: autoDraw = False
378.7729 	EXP 	Line3: autoDraw = False
378.7729 	EXP 	Line4: autoDraw = False
378.7729 	EXP 	Probe: autoDraw = False
378.7729 	EXP 	Fixation: autoDraw = True
378.7754 	DATA 	Keypress: x
378.9139 	EXP 	Device response: <KeyPress from None: t=378.7619375990471, value=x, duration=0.1504796789959073>
379.7635 	EXP 	Fixation: autoDraw = False
379.7635 	EXP 	Line1: autoDraw = True
379.7635 	EXP 	Line2: autoDraw = True
379.7635 	EXP 	Line3: autoDraw = True
379.7635 	EXP 	Line4: autoDraw = True
380.7639 	INFO 	Keyboard events cleared
380.7637 	EXP 	Probe: autoDraw = True
381.0908 	EXP 	Device response: <KeyPress from None: t=381.0878375940374, value=v, duration=None>
381.0911 	EXP 	New trial (rep=17, index=61): <Trial 61 (61 in rep 17) data={'pos': np.int64(50), 'corr_resp': 'c', 'thisN': 61, 'thisTrialN': 61, 'thisRepN': 17}>
381.0934 	DATA 	Keypress: v
381.0990 	EXP 	Fixation: autoDraw = False
381.0990 	EXP 	Line1: autoDraw = False
381.0990 	EXP 	Line2: autoDraw = False
381.0990 	EXP 	Line3: autoDraw = False
381.0990 	EXP 	Line4: autoDraw = False
381.0990 	EXP 	Probe: autoDraw = False
381.0990 	EXP 	Fixation: autoDraw = True
381.2738 	EXP 	Device response: <KeyPress from None: t=381.0878375940374, value=v, duration=0.18051467096665874>
382.0899 	EXP 	Line1: autoDraw = True
382.0899 	EXP 	Line2: autoDraw = True
382.0899 	EXP 	Line3: autoDraw = True
382.0899 	EXP 	Line4: autoDraw = True
382.0967 	EXP 	Fixation: autoDraw = False
383.0810 	INFO 	Keyboard events cleared
383.0808 	EXP 	Probe: autoDraw = True
383.8641 	EXP 	Device response: <KeyPress from None: t=383.86181379202753, value=c, duration=None>
383.8644 	EXP 	New trial (rep=10, index=62): <Trial 62 (62 in rep 10) data={'pos': np.int64(-150), 'corr_resp': 'z', 'thisN': 62, 'thisTrialN': 62, 'thisRepN': 10}>
383.8729 	EXP 	Fixation: autoDraw = False
383.8729 	EXP 	Line1: autoDraw = False
383.8729 	EXP 	Line2: autoDraw = False
383.8729 	EXP 	Line3: autoDraw = False
383.8729 	EXP 	Line4: autoDraw = False
383.8729 	EXP 	Probe: autoDraw = False
383.8729 	EXP 	Fixation: autoDraw = True
383.8753 	DATA 	Keypress: c
384.0074 	EXP 	Device response: <KeyPress from None: t=383.86181379202753, value=c, duration=0.14419724297476932>
384.8635 	EXP 	Fixation: autoDraw = False
384.8635 	EXP 	Line1: autoDraw = True
384.8635 	EXP 	Line2: autoDraw = True
384.8635 	EXP 	Line3: autoDraw = True
384.8635 	EXP 	Line4: autoDraw = True
385.8643 	INFO 	Keyboard events cleared
385.8641 	EXP 	Probe: autoDraw = True
386.4569 	EXP 	Device response: <KeyPress from None: t=386.4477648700122, value=z, duration=None>
386.4572 	EXP 	New trial (rep=18, index=63): <Trial 63 (63 in rep 18) data={'pos': np.int64(-50), 'corr_resp': 'x', 'thisN': 63, 'thisTrialN': 63, 'thisRepN': 18}>
386.4596 	DATA 	Keypress: z
386.4651 	EXP 	Fixation: autoDraw = False
386.4651 	EXP 	Line1: autoDraw = False
386.4651 	EXP 	Line2: autoDraw = False
386.4651 	EXP 	Line3: autoDraw = False
386.4651 	EXP 	Line4: autoDraw = False
386.4651 	EXP 	Probe: autoDraw = False
386.4651 	EXP 	Fixation: autoDraw = True
386.6403 	EXP 	Device response: <KeyPress from None: t=386.4477648700122, value=z, duration=0.18431045301258564>
387.4471 	EXP 	Line1: autoDraw = True
387.4471 	EXP 	Line2: autoDraw = True
387.4471 	EXP 	Line3: autoDraw = True
387.4471 	EXP 	Line4: autoDraw = True
387.4633 	EXP 	Fixation: autoDraw = False
388.4469 	INFO 	Keyboard events cleared
388.4467 	EXP 	Probe: autoDraw = True
388.8238 	EXP 	Device response: <KeyPress from None: t=388.8136100200354, value=x, duration=None>
388.8241 	EXP 	New trial (rep=19, index=64): <Trial 64 (64 in rep 19) data={'pos': np.int64(-50), 'corr_resp': 'x', 'thisN': 64, 'thisTrialN': 64, 'thisRepN': 19}>
388.8266 	DATA 	Keypress: x
388.8320 	EXP 	Fixation: autoDraw = False
388.8320 	EXP 	Line1: autoDraw = False
388.8320 	EXP 	Line2: autoDraw = False
388.8320 	EXP 	Line3: autoDraw = False
388.8320 	EXP 	Line4: autoDraw = False
388.8320 	EXP 	Probe: autoDraw = False
388.8320 	EXP 	Fixation: autoDraw = True
388.9807 	EXP 	Device response: <KeyPress from None: t=388.8136100200354, value=x, duration=0.16019697301089764>
389.8135 	EXP 	Line1: autoDraw = True
389.8135 	EXP 	Line2: autoDraw = True
389.8135 	EXP 	Line3: autoDraw = True
389.8135 	EXP 	Line4: autoDraw = True
389.8298 	EXP 	Fixation: autoDraw = False
390.8136 	INFO 	Keyboard events cleared
390.8134 	EXP 	Probe: autoDraw = True
391.1647 	EXP 	Device response: <KeyPress from None: t=391.160517368, value=x, duration=None>
391.1650 	EXP 	New trial (rep=16, index=65): <Trial 65 (65 in rep 16) data={'pos': np.int64(150), 'corr_resp': 'v', 'thisN': 65, 'thisTrialN': 65, 'thisRepN': 16}>
391.1673 	DATA 	Keypress: x
391.1732 	EXP 	Fixation: autoDraw = False
391.1732 	EXP 	Line1: autoDraw = False
391.1732 	EXP 	Line2: autoDraw = False
391.1732 	EXP 	Line3: autoDraw = False
391.1732 	EXP 	Line4: autoDraw = False
391.1732 	EXP 	Probe: autoDraw = False
391.1732 	EXP 	Fixation: autoDraw = True
391.3144 	EXP 	Device response: <KeyPress from None: t=391.160517368, value=x, duration=0.15231233299709857>
392.1632 	EXP 	Fixation: autoDraw = False
392.1632 	EXP 	Line1: autoDraw = True
392.1632 	EXP 	Line2: autoDraw = True
392.1632 	EXP 	Line3: autoDraw = True
392.1632 	EXP 	Line4: autoDraw = True
393.1642 	INFO 	Keyboard events cleared
393.1640 	EXP 	Probe: autoDraw = True
393.5074 	EXP 	Device response: <KeyPress from None: t=393.5052776680095, value=v, duration=None>
393.5077 	EXP 	New trial (rep=17, index=66): <Trial 66 (66 in rep 17) data={'pos': np.int64(150), 'corr_resp': 'v', 'thisN': 66, 'thisTrialN': 66, 'thisRepN': 17}>
393.5134 	EXP 	Fixation: autoDraw = False
393.5134 	EXP 	Line1: autoDraw = False
393.5134 	EXP 	Line2: autoDraw = False
393.5134 	EXP 	Line3: autoDraw = False
393.5134 	EXP 	Line4: autoDraw = False
393.5134 	EXP 	Probe: autoDraw = False
393.5134 	EXP 	Fixation: autoDraw = True
393.5163 	DATA 	Keypress: v
393.6905 	EXP 	Device response: <KeyPress from None: t=393.5052776680095, value=v, duration=0.1803591219941154>
394.5065 	EXP 	Fixation: autoDraw = False
394.5065 	EXP 	Line1: autoDraw = True
394.5065 	EXP 	Line2: autoDraw = True
394.5065 	EXP 	Line3: autoDraw = True
394.5065 	EXP 	Line4: autoDraw = True
395.5064 	INFO 	Keyboard events cleared
395.5063 	EXP 	Probe: autoDraw = True
395.8978 	EXP 	Device response: <KeyPress from None: t=395.89329944201745, value=v, duration=None>
395.8981 	EXP 	New trial (rep=18, index=67): <Trial 67 (67 in rep 18) data={'pos': np.int64(150), 'corr_resp': 'v', 'thisN': 67, 'thisTrialN': 67, 'thisRepN': 18}>
395.9004 	DATA 	Keypress: v
395.9063 	EXP 	Fixation: autoDraw = False
395.9063 	EXP 	Line1: autoDraw = False
395.9063 	EXP 	Line2: autoDraw = False
395.9063 	EXP 	Line3: autoDraw = False
395.9063 	EXP 	Line4: autoDraw = False
395.9063 	EXP 	Probe: autoDraw = False
395.9063 	EXP 	Fixation: autoDraw = True
396.0638 	EXP 	Device response: <KeyPress from None: t=395.89329944201745, value=v, duration=0.16844302602112293>
396.8965 	EXP 	Fixation: autoDraw = False
396.8965 	EXP 	Line1: autoDraw = True
396.8965 	EXP 	Line2: autoDraw = True
396.8965 	EXP 	Line3: autoDraw = True
396.8965 	EXP 	Line4: autoDraw = True
397.8974 	INFO 	Keyboard events cleared
397.8972 	EXP 	Probe: autoDraw = True
398.3239 	EXP 	Device response: <KeyPress from None: t=398.3212166700396, value=v, duration=None>
398.3242 	EXP 	New trial (rep=11, index=68): <Trial 68 (68 in rep 11) data={'pos': np.int64(-150), 'corr_resp': 'z', 'thisN': 68, 'thisTrialN': 68, 'thisRepN': 11}>
398.3265 	DATA 	Keypress: v
398.3328 	EXP 	Fixation: autoDraw = False
398.3328 	EXP 	Line1: autoDraw = False
398.3328 	EXP 	Line2: autoDraw = False
398.3328 	EXP 	Line3: autoDraw = False
398.3328 	EXP 	Line4: autoDraw = False
398.3328 	EXP 	Probe: autoDraw = False
398.3328 	EXP 	Fixation: autoDraw = True
398.5070 	EXP 	Device response: <KeyPress from None: t=398.3212166700396, value=v, duration=0.18033901398302987>
399.3230 	EXP 	Line1: autoDraw = True
399.3230 	EXP 	Line2: autoDraw = True
399.3230 	EXP 	Line3: autoDraw = True
399.3230 	EXP 	Line4: autoDraw = True
399.3299 	EXP 	Fixation: autoDraw = False
400.3232 	INFO 	Keyboard events cleared
400.3230 	EXP 	Probe: autoDraw = True
400.9810 	EXP 	Device response: <KeyPress from None: t=400.9789733280195, value=z, duration=None>
400.9813 	EXP 	New trial (rep=18, index=69): <Trial 69 (69 in rep 18) data={'pos': np.int64(50), 'corr_resp': 'c', 'thisN': 69, 'thisTrialN': 69, 'thisRepN': 18}>
400.9895 	EXP 	Fixation: autoDraw = False
400.9895 	EXP 	Line1: autoDraw = False
400.9895 	EXP 	Line2: autoDraw = False
400.9895 	EXP 	Line3: autoDraw = False
400.9895 	EXP 	Line4: autoDraw = False
400.9895 	EXP 	Probe: autoDraw = False
400.9895 	EXP 	Fixation: autoDraw = True
400.9921 	DATA 	Keypress: z
401.1901 	EXP 	Device response: <KeyPress from None: t=400.9789733280195, value=z, duration=0.20045310101704672>
401.9798 	EXP 	Fixation: autoDraw = False
401.9798 	EXP 	Line1: autoDraw = True
401.9798 	EXP 	Line2: autoDraw = True
401.9798 	EXP 	Line3: autoDraw = True
401.9798 	EXP 	Line4: autoDraw = True
402.9807 	INFO 	Keyboard events cleared
402.9805 	EXP 	Probe: autoDraw = True
403.6907 	EXP 	Device response: <KeyPress from None: t=403.6858316140133, value=c, duration=None>
403.6910 	EXP 	New trial (rep=19, index=70): <Trial 70 (70 in rep 19) data={'pos': np.int64(150), 'corr_resp': 'v', 'thisN': 70, 'thisTrialN': 70, 'thisRepN': 19}>
403.6935 	DATA 	Keypress: c
403.6992 	EXP 	Fixation: autoDraw = False
403.6992 	EXP 	Line1: autoDraw = False
403.6992 	EXP 	Line2: autoDraw = False
403.6992 	EXP 	Line3: autoDraw = False
403.6992 	EXP 	Line4: autoDraw = False
403.6992 	EXP 	Probe: autoDraw = False
403.6992 	EXP 	Fixation: autoDraw = True
403.8405 	EXP 	Device response: <KeyPress from None: t=403.6858316140133, value=c, duration=0.14868681103689596>
404.6896 	EXP 	Line1: autoDraw = True
404.6896 	EXP 	Line2: autoDraw = True
404.6896 	EXP 	Line3: autoDraw = True
404.6896 	EXP 	Line4: autoDraw = True
404.6959 	EXP 	Fixation: autoDraw = False
405.6898 	INFO 	Keyboard events cleared
405.6896 	EXP 	Probe: autoDraw = True
406.1567 	EXP 	Device response: <KeyPress from None: t=406.1468066510279, value=v, duration=None>
406.1570 	EXP 	New trial (rep=12, index=71): <Trial 71 (71 in rep 12) data={'pos': np.int64(-150), 'corr_resp': 'z', 'thisN': 71, 'thisTrialN': 71, 'thisRepN': 12}>
406.1593 	DATA 	Keypress: v
406.1648 	EXP 	Fixation: autoDraw = False
406.1648 	EXP 	Line1: autoDraw = False
406.1648 	EXP 	Line2: autoDraw = False
406.1648 	EXP 	Line3: autoDraw = False
406.1648 	EXP 	Line4: autoDraw = False
406.1648 	EXP 	Probe: autoDraw = False
406.1648 	EXP 	Fixation: autoDraw = True
406.3468 	EXP 	Device response: <KeyPress from None: t=406.1468066510279, value=v, duration=0.1965154560166411>
407.1466 	EXP 	Line1: autoDraw = True
407.1466 	EXP 	Line2: autoDraw = True
407.1466 	EXP 	Line3: autoDraw = True
407.1466 	EXP 	Line4: autoDraw = True
407.1628 	EXP 	Fixation: autoDraw = False
408.1483 	INFO 	Keyboard events cleared
408.1481 	EXP 	Probe: autoDraw = True
408.5570 	EXP 	Device response: <KeyPress from None: t=408.55463846604107, value=z, duration=None>
408.5572 	EXP 	New trial (rep=20, index=72): <Trial 72 (72 in rep 20) data={'pos': np.int64(-50), 'corr_resp': 'x', 'thisN': 72, 'thisTrialN': 72, 'thisRepN': 20}>
408.5635 	EXP 	Fixation: autoDraw = False
408.5635 	EXP 	Line1: autoDraw = False
408.5635 	EXP 	Line2: autoDraw = False
408.5635 	EXP 	Line3: autoDraw = False
408.5635 	EXP 	Line4: autoDraw = False
408.5635 	EXP 	Probe: autoDraw = False
408.5635 	EXP 	Fixation: autoDraw = True
408.5661 	DATA 	Keypress: z
408.7634 	EXP 	Device response: <KeyPress from None: t=408.55463846604107, value=z, duration=0.2045052829780616>
409.5561 	EXP 	Line1: autoDraw = True
409.5561 	EXP 	Line2: autoDraw = True
409.5561 	EXP 	Line3: autoDraw = True
409.5561 	EXP 	Line4: autoDraw = True
409.5622 	EXP 	Fixation: autoDraw = False
410.5563 	INFO 	Keyboard events cleared
410.5561 	EXP 	Probe: autoDraw = True
411.0068 	EXP 	Device response: <KeyPress from None: t=410.9986434110324, value=x, duration=None>
411.0070 	EXP 	New trial (rep=20, index=73): <Trial 73 (73 in rep 20) data={'pos': np.int64(150), 'corr_resp': 'v', 'thisN': 73, 'thisTrialN': 73, 'thisRepN': 20}>
411.0094 	DATA 	Keypress: x
411.0149 	EXP 	Fixation: autoDraw = False
411.0149 	EXP 	Line1: autoDraw = False
411.0149 	EXP 	Line2: autoDraw = False
411.0149 	EXP 	Line3: autoDraw = False
411.0149 	EXP 	Line4: autoDraw = False
411.0149 	EXP 	Probe: autoDraw = False
411.0149 	EXP 	Fixation: autoDraw = True
411.1631 	EXP 	Device response: <KeyPress from None: t=410.9986434110324, value=x, duration=0.16019399196375161>
411.9961 	EXP 	Line1: autoDraw = True
411.9961 	EXP 	Line2: autoDraw = True
411.9961 	EXP 	Line3: autoDraw = True
411.9961 	EXP 	Line4: autoDraw = True
412.0120 	EXP 	Fixation: autoDraw = False
413.0062 	INFO 	Keyboard events cleared
413.0060 	EXP 	Probe: autoDraw = True
413.3403 	EXP 	Device response: <KeyPress from None: t=413.33849257201655, value=v, duration=None>
413.3406 	EXP 	New trial (rep=13, index=74): <Trial 74 (74 in rep 13) data={'pos': np.int64(-150), 'corr_resp': 'z', 'thisN': 74, 'thisTrialN': 74, 'thisRepN': 13}>
413.3462 	EXP 	Fixation: autoDraw = False
413.3462 	EXP 	Line1: autoDraw = False
413.3462 	EXP 	Line2: autoDraw = False
413.3462 	EXP 	Line3: autoDraw = False
413.3462 	EXP 	Line4: autoDraw = False
413.3462 	EXP 	Probe: autoDraw = False
413.3462 	EXP 	Fixation: autoDraw = True
413.3488 	DATA 	Keypress: v
413.5232 	EXP 	Device response: <KeyPress from None: t=413.33849257201655, value=v, duration=0.17657285602763295>
414.3393 	EXP 	Line1: autoDraw = True
414.3393 	EXP 	Line2: autoDraw = True
414.3393 	EXP 	Line3: autoDraw = True
414.3393 	EXP 	Line4: autoDraw = True
414.3454 	EXP 	Fixation: autoDraw = False
415.3395 	INFO 	Keyboard events cleared
415.3393 	EXP 	Probe: autoDraw = True
415.6901 	EXP 	Device response: <KeyPress from None: t=415.6874925040174, value=z, duration=None>
415.6904 	EXP 	New trial (rep=14, index=75): <Trial 75 (75 in rep 14) data={'pos': np.int64(-150), 'corr_resp': 'z', 'thisN': 75, 'thisTrialN': 75, 'thisRepN': 14}>
415.6927 	DATA 	Keypress: z
415.6981 	EXP 	Fixation: autoDraw = False
415.6981 	EXP 	Line1: autoDraw = False
415.6981 	EXP 	Line2: autoDraw = False
415.6981 	EXP 	Line3: autoDraw = False
415.6981 	EXP 	Line4: autoDraw = False
415.6981 	EXP 	Probe: autoDraw = False
415.6981 	EXP 	Fixation: autoDraw = True
415.8464 	EXP 	Device response: <KeyPress from None: t=415.6874925040174, value=z, duration=0.15218271099729463>
416.6893 	EXP 	Line1: autoDraw = True
416.6893 	EXP 	Line2: autoDraw = True
416.6893 	EXP 	Line3: autoDraw = True
416.6893 	EXP 	Line4: autoDraw = True
416.6959 	EXP 	Fixation: autoDraw = False
417.6894 	INFO 	Keyboard events cleared
417.6892 	EXP 	Probe: autoDraw = True
418.0568 	EXP 	Device response: <KeyPress from None: t=418.05187323800055, value=z, duration=None>
418.0571 	EXP 	New trial (rep=19, index=76): <Trial 76 (76 in rep 19) data={'pos': np.int64(50), 'corr_resp': 'c', 'thisN': 76, 'thisTrialN': 76, 'thisRepN': 19}>
418.0594 	DATA 	Keypress: z
418.0655 	EXP 	Fixation: autoDraw = False
418.0655 	EXP 	Line1: autoDraw = False
418.0655 	EXP 	Line2: autoDraw = False
418.0655 	EXP 	Line3: autoDraw = False
418.0655 	EXP 	Line4: autoDraw = False
418.0655 	EXP 	Probe: autoDraw = False
418.0655 	EXP 	Fixation: autoDraw = True
418.2235 	EXP 	Device response: <KeyPress from None: t=418.05187323800055, value=z, duration=0.16689187800511718>
419.0559 	EXP 	Line1: autoDraw = True
419.0559 	EXP 	Line2: autoDraw = True
419.0559 	EXP 	Line3: autoDraw = True
419.0559 	EXP 	Line4: autoDraw = True
419.0627 	EXP 	Fixation: autoDraw = False
420.0465 	INFO 	Keyboard events cleared
420.0463 	EXP 	Probe: autoDraw = True
420.6066 	EXP 	Device response: <KeyPress from None: t=420.6002955510048, value=c, duration=None>
420.6069 	EXP 	New trial (rep=15, index=77): <Trial 77 (77 in rep 15) data={'pos': np.int64(-150), 'corr_resp': 'z', 'thisN': 77, 'thisTrialN': 77, 'thisRepN': 15}>
420.6092 	DATA 	Keypress: c
420.6154 	EXP 	Fixation: autoDraw = False
420.6154 	EXP 	Line1: autoDraw = False
420.6154 	EXP 	Line2: autoDraw = False
420.6154 	EXP 	Line3: autoDraw = False
420.6154 	EXP 	Line4: autoDraw = False
420.6154 	EXP 	Probe: autoDraw = False
420.6154 	EXP 	Fixation: autoDraw = True
420.7637 	EXP 	Device response: <KeyPress from None: t=420.6002955510048, value=c, duration=0.15613335702801123>
421.5965 	EXP 	Line1: autoDraw = True
421.5965 	EXP 	Line2: autoDraw = True
421.5965 	EXP 	Line3: autoDraw = True
421.5965 	EXP 	Line4: autoDraw = True
421.6123 	EXP 	Fixation: autoDraw = False
422.5966 	INFO 	Keyboard events cleared
422.5963 	EXP 	Probe: autoDraw = True
422.9308 	EXP 	Device response: <KeyPress from None: t=422.9291042330442, value=z, duration=None>
422.9311 	EXP 	New trial (rep=16, index=78): <Trial 78 (78 in rep 16) data={'pos': np.int64(-150), 'corr_resp': 'z', 'thisN': 78, 'thisTrialN': 78, 'thisRepN': 16}>
422.9391 	EXP 	Fixation: autoDraw = False
422.9391 	EXP 	Line1: autoDraw = False
422.9391 	EXP 	Line2: autoDraw = False
422.9391 	EXP 	Line3: autoDraw = False
422.9391 	EXP 	Line4: autoDraw = False
422.9391 	EXP 	Probe: autoDraw = False
422.9391 	EXP 	Fixation: autoDraw = True
422.9419 	DATA 	Keypress: z
423.1233 	EXP 	Device response: <KeyPress from None: t=422.9291042330442, value=z, duration=0.1884499070001766>
423.9290 	EXP 	Fixation: autoDraw = False
423.9290 	EXP 	Line1: autoDraw = True
423.9290 	EXP 	Line2: autoDraw = True
423.9290 	EXP 	Line3: autoDraw = True
423.9290 	EXP 	Line4: autoDraw = True
424.9304 	INFO 	Keyboard events cleared
424.9301 	EXP 	Probe: autoDraw = True
425.3067 	EXP 	Device response: <KeyPress from None: t=425.30402372201206, value=z, duration=None>
425.3070 	EXP 	New trial (rep=20, index=79): <Trial 79 (79 in rep 20) data={'pos': np.int64(50), 'corr_resp': 'c', 'thisN': 79, 'thisTrialN': 79, 'thisRepN': 20}>
425.3093 	DATA 	Keypress: z
425.3149 	EXP 	Fixation: autoDraw = False
425.3149 	EXP 	Line1: autoDraw = False
425.3149 	EXP 	Line2: autoDraw = False
425.3149 	EXP 	Line3: autoDraw = False
425.3149 	EXP 	Line4: autoDraw = False
425.3149 	EXP 	Probe: autoDraw = False
425.3149 	EXP 	Fixation: autoDraw = True
425.5069 	EXP 	Device response: <KeyPress from None: t=425.30402372201206, value=z, duration=0.20039210200775415>
426.2959 	EXP 	Line1: autoDraw = True
426.2959 	EXP 	Line2: autoDraw = True
426.2959 	EXP 	Line3: autoDraw = True
426.2959 	EXP 	Line4: autoDraw = True
426.3121 	EXP 	Fixation: autoDraw = False
427.2970 	INFO 	Keyboard events cleared
427.2968 	EXP 	Probe: autoDraw = True
427.7401 	EXP 	Device response: <KeyPress from None: t=427.73695903702173, value=c, duration=None>
427.7404 	EXP 	New trial (rep=17, index=80): <Trial 80 (80 in rep 17) data={'pos': np.int64(-150), 'corr_resp': 'z', 'thisN': 80, 'thisTrialN': 80, 'thisRepN': 17}>
427.7427 	DATA 	Keypress: c
427.7482 	EXP 	Fixation: autoDraw = False
427.7482 	EXP 	Line1: autoDraw = False
427.7482 	EXP 	Line2: autoDraw = False
427.7482 	EXP 	Line3: autoDraw = False
427.7482 	EXP 	Line4: autoDraw = False
427.7482 	EXP 	Probe: autoDraw = False
427.7482 	EXP 	Fixation: autoDraw = True
427.8471 	EXP 	Device response: <KeyPress from None: t=427.73695903702173, value=c, duration=0.10834660101681948>
428.7393 	EXP 	Line1: autoDraw = True
428.7393 	EXP 	Line2: autoDraw = True
428.7393 	EXP 	Line3: autoDraw = True
428.7393 	EXP 	Line4: autoDraw = True
428.7461 	EXP 	Fixation: autoDraw = False
429.7394 	INFO 	Keyboard events cleared
429.7393 	EXP 	Probe: autoDraw = True
430.2302 	EXP 	Device response: <KeyPress from None: t=430.22893934702734, value=z, duration=None>
430.2395 	EXP 	New trial (rep=18, index=81): <Trial 81 (81 in rep 18) data={'pos': np.int64(-150), 'corr_resp': 'z', 'thisN': 81, 'thisTrialN': 81, 'thisRepN': 18}>
430.2419 	DATA 	Keypress: z
430.2481 	EXP 	Fixation: autoDraw = False
430.2481 	EXP 	Line1: autoDraw = False
430.2481 	EXP 	Line2: autoDraw = False
430.2481 	EXP 	Line3: autoDraw = False
430.2481 	EXP 	Line4: autoDraw = False
430.2481 	EXP 	Probe: autoDraw = False
430.2481 	EXP 	Fixation: autoDraw = True
430.3797 	EXP 	Device response: <KeyPress from None: t=430.22893934702734, value=z, duration=0.1480676180217415>
431.2295 	EXP 	Line1: autoDraw = True
431.2295 	EXP 	Line2: autoDraw = True
431.2295 	EXP 	Line3: autoDraw = True
431.2295 	EXP 	Line4: autoDraw = True
431.2455 	EXP 	Fixation: autoDraw = False
432.2299 	INFO 	Keyboard events cleared
432.2296 	EXP 	Probe: autoDraw = True
432.7231 	EXP 	Device response: <KeyPress from None: t=432.7157338600373, value=z, duration=None>
432.7234 	EXP 	New trial (rep=19, index=82): <Trial 82 (82 in rep 19) data={'pos': np.int64(-150), 'corr_resp': 'z', 'thisN': 82, 'thisTrialN': 82, 'thisRepN': 19}>
432.7257 	DATA 	Keypress: z
432.7318 	EXP 	Fixation: autoDraw = False
432.7318 	EXP 	Line1: autoDraw = False
432.7318 	EXP 	Line2: autoDraw = False
432.7318 	EXP 	Line3: autoDraw = False
432.7318 	EXP 	Line4: autoDraw = False
432.7318 	EXP 	Probe: autoDraw = False
432.7318 	EXP 	Fixation: autoDraw = True
432.8897 	EXP 	Device response: <KeyPress from None: t=432.7157338600373, value=z, duration=0.16425512899877504>
433.7128 	EXP 	Line1: autoDraw = True
433.7128 	EXP 	Line2: autoDraw = True
433.7128 	EXP 	Line3: autoDraw = True
433.7128 	EXP 	Line4: autoDraw = True
433.7290 	EXP 	Fixation: autoDraw = False
434.7134 	INFO 	Keyboard events cleared
434.7131 	EXP 	Probe: autoDraw = True
435.4899 	EXP 	Device response: <KeyPress from None: t=435.4855930409976, value=z, duration=None>
435.4902 	EXP 	New trial (rep=21, index=83): <Trial 83 (83 in rep 21) data={'pos': np.int64(-50), 'corr_resp': 'x', 'thisN': 83, 'thisTrialN': 83, 'thisRepN': 21}>
435.4925 	DATA 	Keypress: z
435.4980 	EXP 	Fixation: autoDraw = False
435.4980 	EXP 	Line1: autoDraw = False
435.4980 	EXP 	Line2: autoDraw = False
435.4980 	EXP 	Line3: autoDraw = False
435.4980 	EXP 	Line4: autoDraw = False
435.4980 	EXP 	Probe: autoDraw = False
435.4980 	EXP 	Fixation: autoDraw = True
435.6467 	EXP 	Device response: <KeyPress from None: t=435.4855930409976, value=z, duration=0.15629758703289554>
436.4794 	EXP 	Line1: autoDraw = True
436.4794 	EXP 	Line2: autoDraw = True
436.4794 	EXP 	Line3: autoDraw = True
436.4794 	EXP 	Line4: autoDraw = True
436.4958 	EXP 	Fixation: autoDraw = False
437.4799 	INFO 	Keyboard events cleared
437.4797 	EXP 	Probe: autoDraw = True
437.8729 	EXP 	Device response: <KeyPress from None: t=437.8634853970143, value=x, duration=None>
437.8732 	EXP 	New trial (rep=21, index=84): <Trial 84 (84 in rep 21) data={'pos': np.int64(50), 'corr_resp': 'c', 'thisN': 84, 'thisTrialN': 84, 'thisRepN': 21}>
437.8755 	DATA 	Keypress: x
437.8817 	EXP 	Fixation: autoDraw = False
437.8817 	EXP 	Line1: autoDraw = False
437.8817 	EXP 	Line2: autoDraw = False
437.8817 	EXP 	Line3: autoDraw = False
437.8817 	EXP 	Line4: autoDraw = False
437.8817 	EXP 	Probe: autoDraw = False
437.8817 	EXP 	Fixation: autoDraw = True
438.0066 	EXP 	Device response: <KeyPress from None: t=437.8634853970143, value=x, duration=0.14029840199509636>
438.8628 	EXP 	Line1: autoDraw = True
438.8628 	EXP 	Line2: autoDraw = True
438.8628 	EXP 	Line3: autoDraw = True
438.8628 	EXP 	Line4: autoDraw = True
438.8786 	EXP 	Fixation: autoDraw = False
439.8626 	INFO 	Keyboard events cleared
439.8624 	EXP 	Probe: autoDraw = True
440.2401 	EXP 	Device response: <KeyPress from None: t=440.23524492100114, value=c, duration=None>
440.2403 	EXP 	New trial (rep=21, index=85): <Trial 85 (85 in rep 21) data={'pos': np.int64(150), 'corr_resp': 'v', 'thisN': 85, 'thisTrialN': 85, 'thisRepN': 21}>
440.2426 	DATA 	Keypress: c
440.2481 	EXP 	Fixation: autoDraw = False
440.2481 	EXP 	Line1: autoDraw = False
440.2481 	EXP 	Line2: autoDraw = False
440.2481 	EXP 	Line3: autoDraw = False
440.2481 	EXP 	Line4: autoDraw = False
440.2481 	EXP 	Probe: autoDraw = False
440.2481 	EXP 	Fixation: autoDraw = True
440.3802 	EXP 	Device response: <KeyPress from None: t=440.23524492100114, value=c, duration=0.1403701560338959>
441.2392 	EXP 	Line1: autoDraw = True
441.2392 	EXP 	Line2: autoDraw = True
441.2392 	EXP 	Line3: autoDraw = True
441.2392 	EXP 	Line4: autoDraw = True
441.2458 	EXP 	Fixation: autoDraw = False
442.2393 	INFO 	Keyboard events cleared
442.2391 	EXP 	Probe: autoDraw = True
442.6066 	EXP 	Device response: <KeyPress from None: t=442.6022755820304, value=v, duration=None>
442.6069 	EXP 	New trial (rep=22, index=86): <Trial 86 (86 in rep 22) data={'pos': np.int64(-50), 'corr_resp': 'x', 'thisN': 86, 'thisTrialN': 86, 'thisRepN': 22}>
442.6092 	DATA 	Keypress: v
442.6154 	EXP 	Fixation: autoDraw = False
442.6154 	EXP 	Line1: autoDraw = False
442.6154 	EXP 	Line2: autoDraw = False
442.6154 	EXP 	Line3: autoDraw = False
442.6154 	EXP 	Line4: autoDraw = False
442.6154 	EXP 	Probe: autoDraw = False
442.6154 	EXP 	Fixation: autoDraw = True
442.7732 	EXP 	Device response: <KeyPress from None: t=442.6022755820304, value=v, duration=0.1684018389787525>
443.6057 	EXP 	Line1: autoDraw = True
443.6057 	EXP 	Line2: autoDraw = True
443.6057 	EXP 	Line3: autoDraw = True
443.6057 	EXP 	Line4: autoDraw = True
443.6126 	EXP 	Fixation: autoDraw = False
444.6058 	INFO 	Keyboard events cleared
444.6056 	EXP 	Probe: autoDraw = True
444.9633 	EXP 	Device response: <KeyPress from None: t=444.9561463110149, value=x, duration=None>
444.9636 	EXP 	New trial (rep=22, index=87): <Trial 87 (87 in rep 22) data={'pos': np.int64(150), 'corr_resp': 'v', 'thisN': 87, 'thisTrialN': 87, 'thisRepN': 22}>
444.9659 	DATA 	Keypress: x
444.9717 	EXP 	Fixation: autoDraw = False
444.9717 	EXP 	Line1: autoDraw = False
444.9717 	EXP 	Line2: autoDraw = False
444.9717 	EXP 	Line3: autoDraw = False
444.9717 	EXP 	Line4: autoDraw = False
444.9717 	EXP 	Probe: autoDraw = False
444.9717 	EXP 	Fixation: autoDraw = True
445.1066 	EXP 	Device response: <KeyPress from None: t=444.9561463110149, value=x, duration=0.14852360199438408>
445.9625 	EXP 	Fixation: autoDraw = False
445.9625 	EXP 	Line1: autoDraw = True
445.9625 	EXP 	Line2: autoDraw = True
445.9625 	EXP 	Line3: autoDraw = True
445.9625 	EXP 	Line4: autoDraw = True
446.9634 	INFO 	Keyboard events cleared
446.9632 	EXP 	Probe: autoDraw = True
447.5565 	EXP 	Device response: <KeyPress from None: t=447.55307469004765, value=v, duration=None>
447.5568 	EXP 	New trial (rep=23, index=88): <Trial 88 (88 in rep 23) data={'pos': np.int64(-50), 'corr_resp': 'x', 'thisN': 88, 'thisTrialN': 88, 'thisRepN': 23}>
447.5591 	DATA 	Keypress: v
447.5653 	EXP 	Fixation: autoDraw = False
447.5653 	EXP 	Line1: autoDraw = False
447.5653 	EXP 	Line2: autoDraw = False
447.5653 	EXP 	Line3: autoDraw = False
447.5653 	EXP 	Line4: autoDraw = False
447.5653 	EXP 	Probe: autoDraw = False
447.5653 	EXP 	Fixation: autoDraw = True
447.7229 	EXP 	Device response: <KeyPress from None: t=447.55307469004765, value=v, duration=0.16443063697079197>
448.5558 	EXP 	Line1: autoDraw = True
448.5558 	EXP 	Line2: autoDraw = True
448.5558 	EXP 	Line3: autoDraw = True
448.5558 	EXP 	Line4: autoDraw = True
448.5625 	EXP 	Fixation: autoDraw = False
449.5555 	INFO 	Keyboard events cleared
449.5553 	EXP 	Probe: autoDraw = True
450.2066 	EXP 	Device response: <KeyPress from None: t=450.201887703035, value=x, duration=None>
450.2069 	EXP 	New trial (rep=24, index=89): <Trial 89 (89 in rep 24) data={'pos': np.int64(-50), 'corr_resp': 'x', 'thisN': 89, 'thisTrialN': 89, 'thisRepN': 24}>
450.2092 	DATA 	Keypress: x
450.2153 	EXP 	Fixation: autoDraw = False
450.2153 	EXP 	Line1: autoDraw = False
450.2153 	EXP 	Line2: autoDraw = False
450.2153 	EXP 	Line3: autoDraw = False
450.2153 	EXP 	Line4: autoDraw = False
450.2153 	EXP 	Probe: autoDraw = False
450.2153 	EXP 	Fixation: autoDraw = True
450.3560 	EXP 	Device response: <KeyPress from None: t=450.201887703035, value=x, duration=0.14420615800190717>
451.2056 	EXP 	Line1: autoDraw = True
451.2056 	EXP 	Line2: autoDraw = True
451.2056 	EXP 	Line3: autoDraw = True
451.2056 	EXP 	Line4: autoDraw = True
451.2123 	EXP 	Fixation: autoDraw = False
452.2058 	INFO 	Keyboard events cleared
452.2056 	EXP 	Probe: autoDraw = True
452.5731 	EXP 	Device response: <KeyPress from None: t=452.56806430604775, value=x, duration=None>
452.5733 	EXP 	New trial (rep=20, index=90): <Trial 90 (90 in rep 20) data={'pos': np.int64(-150), 'corr_resp': 'z', 'thisN': 90, 'thisTrialN': 90, 'thisRepN': 20}>
452.5756 	DATA 	Keypress: x
452.5818 	EXP 	Fixation: autoDraw = False
452.5818 	EXP 	Line1: autoDraw = False
452.5818 	EXP 	Line2: autoDraw = False
452.5818 	EXP 	Line3: autoDraw = False
452.5818 	EXP 	Line4: autoDraw = False
452.5818 	EXP 	Probe: autoDraw = False
452.5818 	EXP 	Fixation: autoDraw = True
452.7064 	EXP 	Device response: <KeyPress from None: t=452.56806430604775, value=x, duration=0.13610540295485407>
453.5628 	EXP 	Line1: autoDraw = True
453.5628 	EXP 	Line2: autoDraw = True
453.5628 	EXP 	Line3: autoDraw = True
453.5628 	EXP 	Line4: autoDraw = True
453.5784 	EXP 	Fixation: autoDraw = False
454.5633 	INFO 	Keyboard events cleared
454.5631 	EXP 	Probe: autoDraw = True
455.2229 	EXP 	Device response: <KeyPress from None: t=455.21675535000395, value=z, duration=None>
455.2231 	EXP 	New trial (rep=23, index=91): <Trial 91 (91 in rep 23) data={'pos': np.int64(150), 'corr_resp': 'v', 'thisN': 91, 'thisTrialN': 91, 'thisRepN': 23}>
455.2254 	DATA 	Keypress: z
455.2309 	EXP 	Fixation: autoDraw = False
455.2309 	EXP 	Line1: autoDraw = False
455.2309 	EXP 	Line2: autoDraw = False
455.2309 	EXP 	Line3: autoDraw = False
455.2309 	EXP 	Line4: autoDraw = False
455.2309 	EXP 	Probe: autoDraw = False
455.2309 	EXP 	Fixation: autoDraw = True
455.3796 	EXP 	Device response: <KeyPress from None: t=455.21675535000395, value=z, duration=0.16019187500933185>
456.2125 	EXP 	Line1: autoDraw = True
456.2125 	EXP 	Line2: autoDraw = True
456.2125 	EXP 	Line3: autoDraw = True
456.2125 	EXP 	Line4: autoDraw = True
456.2285 	EXP 	Fixation: autoDraw = False
457.2133 	INFO 	Keyboard events cleared
457.2130 	EXP 	Probe: autoDraw = True
457.5728 	EXP 	Device response: <KeyPress from None: t=457.5667162530008, value=v, duration=None>
457.5730 	EXP 	New trial (rep=24, index=92): <Trial 92 (92 in rep 24) data={'pos': np.int64(150), 'corr_resp': 'v', 'thisN': 92, 'thisTrialN': 92, 'thisRepN': 24}>
457.5753 	DATA 	Keypress: v
457.5815 	EXP 	Fixation: autoDraw = False
457.5815 	EXP 	Line1: autoDraw = False
457.5815 	EXP 	Line2: autoDraw = False
457.5815 	EXP 	Line3: autoDraw = False
457.5815 	EXP 	Line4: autoDraw = False
457.5815 	EXP 	Probe: autoDraw = False
457.5815 	EXP 	Fixation: autoDraw = True
457.7127 	EXP 	Device response: <KeyPress from None: t=457.5667162530008, value=v, duration=0.1441220390261151>
458.5625 	EXP 	Line1: autoDraw = True
458.5625 	EXP 	Line2: autoDraw = True
458.5625 	EXP 	Line3: autoDraw = True
458.5625 	EXP 	Line4: autoDraw = True
458.5787 	EXP 	Fixation: autoDraw = False
459.5630 	INFO 	Keyboard events cleared
459.5628 	EXP 	Probe: autoDraw = True
460.0301 	EXP 	Device response: <KeyPress from None: t=460.02766337402863, value=v, duration=None>
460.0304 	EXP 	New trial (rep=21, index=93): <Trial 93 (93 in rep 21) data={'pos': np.int64(-150), 'corr_resp': 'z', 'thisN': 93, 'thisTrialN': 93, 'thisRepN': 21}>
460.0387 	EXP 	Fixation: autoDraw = False
460.0387 	EXP 	Line1: autoDraw = False
460.0387 	EXP 	Line2: autoDraw = False
460.0387 	EXP 	Line3: autoDraw = False
460.0387 	EXP 	Line4: autoDraw = False
460.0387 	EXP 	Probe: autoDraw = False
460.0387 	EXP 	Fixation: autoDraw = True
460.0413 	DATA 	Keypress: v
460.2126 	EXP 	Device response: <KeyPress from None: t=460.02766337402863, value=v, duration=0.18027566402452067>
461.0290 	EXP 	Fixation: autoDraw = False
461.0290 	EXP 	Line1: autoDraw = True
461.0290 	EXP 	Line2: autoDraw = True
461.0290 	EXP 	Line3: autoDraw = True
461.0290 	EXP 	Line4: autoDraw = True
462.0291 	INFO 	Keyboard events cleared
462.0288 	EXP 	Probe: autoDraw = True
462.4303 	EXP 	Device response: <KeyPress from None: t=462.4273857080261, value=z, duration=None>
462.4307 	EXP 	New trial (rep=22, index=94): <Trial 94 (94 in rep 22) data={'pos': np.int64(-150), 'corr_resp': 'z', 'thisN': 94, 'thisTrialN': 94, 'thisRepN': 22}>
462.4330 	DATA 	Keypress: z
462.4390 	EXP 	Fixation: autoDraw = False
462.4390 	EXP 	Line1: autoDraw = False
462.4390 	EXP 	Line2: autoDraw = False
462.4390 	EXP 	Line3: autoDraw = False
462.4390 	EXP 	Line4: autoDraw = False
462.4390 	EXP 	Probe: autoDraw = False
462.4390 	EXP 	Fixation: autoDraw = True
462.6292 	EXP 	Device response: <KeyPress from None: t=462.4273857080261, value=z, duration=0.20025357499253005>
463.4288 	EXP 	Fixation: autoDraw = False
463.4288 	EXP 	Line1: autoDraw = True
463.4288 	EXP 	Line2: autoDraw = True
463.4288 	EXP 	Line3: autoDraw = True
463.4288 	EXP 	Line4: autoDraw = True
464.4290 	INFO 	Keyboard events cleared
464.4288 	EXP 	Probe: autoDraw = True
464.8061 	EXP 	Device response: <KeyPress from None: t=464.7993358800304, value=z, duration=None>
464.8063 	EXP 	New trial (rep=22, index=95): <Trial 95 (95 in rep 22) data={'pos': np.int64(50), 'corr_resp': 'c', 'thisN': 95, 'thisTrialN': 95, 'thisRepN': 22}>
464.8087 	DATA 	Keypress: z
464.8141 	EXP 	Fixation: autoDraw = False
464.8141 	EXP 	Line1: autoDraw = False
464.8141 	EXP 	Line2: autoDraw = False
464.8141 	EXP 	Line3: autoDraw = False
464.8141 	EXP 	Line4: autoDraw = False
464.8141 	EXP 	Probe: autoDraw = False
464.8141 	EXP 	Fixation: autoDraw = True
464.9961 	EXP 	Device response: <KeyPress from None: t=464.7993358800304, value=z, duration=0.1923123300075531>
465.7961 	EXP 	Line1: autoDraw = True
465.7961 	EXP 	Line2: autoDraw = True
465.7961 	EXP 	Line3: autoDraw = True
465.7961 	EXP 	Line4: autoDraw = True
465.8121 	EXP 	Fixation: autoDraw = False
466.7963 	INFO 	Keyboard events cleared
466.7961 	EXP 	Probe: autoDraw = True
467.5798 	EXP 	Device response: <KeyPress from None: t=467.5771754620364, value=c, duration=None>
467.5801 	EXP 	New trial (rep=23, index=96): <Trial 96 (96 in rep 23) data={'pos': np.int64(50), 'corr_resp': 'c', 'thisN': 96, 'thisTrialN': 96, 'thisRepN': 23}>
467.5885 	EXP 	Fixation: autoDraw = False
467.5885 	EXP 	Line1: autoDraw = False
467.5885 	EXP 	Line2: autoDraw = False
467.5885 	EXP 	Line3: autoDraw = False
467.5885 	EXP 	Line4: autoDraw = False
467.5885 	EXP 	Probe: autoDraw = False
467.5885 	EXP 	Fixation: autoDraw = True
467.5912 	DATA 	Keypress: c
467.7394 	EXP 	Device response: <KeyPress from None: t=467.5771754620364, value=c, duration=0.15217898198170587>
468.5789 	EXP 	Fixation: autoDraw = False
468.5789 	EXP 	Line1: autoDraw = True
468.5789 	EXP 	Line2: autoDraw = True
468.5789 	EXP 	Line3: autoDraw = True
468.5789 	EXP 	Line4: autoDraw = True
469.5790 	INFO 	Keyboard events cleared
469.5788 	EXP 	Probe: autoDraw = True
470.0128 	EXP 	Device response: <KeyPress from None: t=470.0091072220239, value=c, duration=None>
470.0132 	EXP 	New trial (rep=24, index=97): <Trial 97 (97 in rep 24) data={'pos': np.int64(50), 'corr_resp': 'c', 'thisN': 97, 'thisTrialN': 97, 'thisRepN': 24}>
470.0155 	DATA 	Keypress: c
470.0213 	EXP 	Fixation: autoDraw = False
470.0213 	EXP 	Line1: autoDraw = False
470.0213 	EXP 	Line2: autoDraw = False
470.0213 	EXP 	Line3: autoDraw = False
470.0213 	EXP 	Line4: autoDraw = False
470.0213 	EXP 	Probe: autoDraw = False
470.0213 	EXP 	Fixation: autoDraw = True
470.1796 	EXP 	Device response: <KeyPress from None: t=470.0091072220239, value=c, duration=0.16429195500677451>
471.0122 	EXP 	Fixation: autoDraw = False
471.0122 	EXP 	Line1: autoDraw = True
471.0122 	EXP 	Line2: autoDraw = True
471.0122 	EXP 	Line3: autoDraw = True
471.0122 	EXP 	Line4: autoDraw = True
472.0131 	INFO 	Keyboard events cleared
472.0129 	EXP 	Probe: autoDraw = True
472.3637 	EXP 	Device response: <KeyPress from None: t=472.35701449401677, value=c, duration=None>
472.3640 	EXP 	New trial (rep=23, index=98): <Trial 98 (98 in rep 23) data={'pos': np.int64(-150), 'corr_resp': 'z', 'thisN': 98, 'thisTrialN': 98, 'thisRepN': 23}>
472.3664 	DATA 	Keypress: c
472.3722 	EXP 	Fixation: autoDraw = False
472.3722 	EXP 	Line1: autoDraw = False
472.3722 	EXP 	Line2: autoDraw = False
472.3722 	EXP 	Line3: autoDraw = False
472.3722 	EXP 	Line4: autoDraw = False
472.3722 	EXP 	Probe: autoDraw = False
472.3722 	EXP 	Fixation: autoDraw = True
472.5061 	EXP 	Device response: <KeyPress from None: t=472.35701449401677, value=c, duration=0.1441396790323779>
473.3622 	EXP 	Fixation: autoDraw = False
473.3622 	EXP 	Line1: autoDraw = True
473.3622 	EXP 	Line2: autoDraw = True
473.3622 	EXP 	Line3: autoDraw = True
473.3622 	EXP 	Line4: autoDraw = True
474.3631 	INFO 	Keyboard events cleared
474.3628 	EXP 	Probe: autoDraw = True
474.7228 	EXP 	Device response: <KeyPress from None: t=474.72088604804594, value=z, duration=None>
474.7231 	EXP 	New trial (rep=24, index=99): <Trial 99 (99 in rep 24) data={'pos': np.int64(-150), 'corr_resp': 'z', 'thisN': 99, 'thisTrialN': 99, 'thisRepN': 24}>
474.7288 	EXP 	Fixation: autoDraw = False
474.7288 	EXP 	Line1: autoDraw = False
474.7288 	EXP 	Line2: autoDraw = False
474.7288 	EXP 	Line3: autoDraw = False
474.7288 	EXP 	Line4: autoDraw = False
474.7288 	EXP 	Probe: autoDraw = False
474.7288 	EXP 	Fixation: autoDraw = True
474.7317 	DATA 	Keypress: z
474.9225 	EXP 	Device response: <KeyPress from None: t=474.72088604804594, value=z, duration=0.19220747298095375>
475.7123 	EXP 	Line1: autoDraw = True
475.7123 	EXP 	Line2: autoDraw = True
475.7123 	EXP 	Line3: autoDraw = True
475.7123 	EXP 	Line4: autoDraw = True
475.7220 	EXP 	Fixation: autoDraw = False
476.7130 	INFO 	Keyboard events cleared
476.7127 	EXP 	Probe: autoDraw = True
477.1558 	EXP 	Device response: <KeyPress from None: t=477.1477384190075, value=z, duration=None>
477.1580 	DATA 	Keypress: z
477.1634 	EXP 	Fixation: autoDraw = False
477.1634 	EXP 	Line1: autoDraw = False
477.1634 	EXP 	Line2: autoDraw = False
477.1634 	EXP 	Line3: autoDraw = False
477.1634 	EXP 	Line4: autoDraw = False
477.1634 	EXP 	Probe: autoDraw = False
477.1635 	EXP 	Motor Sequence Learning: status = STOPPED
477.2363 	INFO 	saved data to '/Users/ayk-j/Desktop/Motor sequence/data/04_Motor Sequence Learning_2025-10-02_17h48.13.216.csv'
477.2386 	INFO 	saved data to /Users/ayk-j/Desktop/Motor sequence/data/04_Motor Sequence Learning_2025-10-02_17h48.13.216.psydat
478.1104 	WARNING 	Stopping key buffers but this could be dangerous ifother keyboards rely on the same.
478.1105 	WARNING 	Stopping key buffers but this could be dangerous ifother keyboards rely on the same.
478.1106 	WARNING 	Stopping key buffers but this could be dangerous ifother keyboards rely on the same.
