29.1306 	WARNING 	Font Manager failed to load file /System/Library/PrivateFrameworks/FontServices.framework/Resources/Reserved/PingFangUI.ttc
29.3571 	WARNING 	Font Manager failed to load file /System/Library/PrivateFrameworks/FontServices.framework/Resources/Reserved/PingFangUI.ttc
34.8785 	INFO 	Loaded monitor calibration from ['2025_08_12 09:40']
34.8949 	WARNING 	User requested fullscreen with size [1024  768], but screen is actually [1440, 900]. Using actual size
35.1795 	INFO 	Using renderer 'Intel(R) Iris(TM) Plus Graphics 655' for graphics
35.1795 	INFO 	OpenGL version supported by driver is 2..
35.1996 	EXP 	Created window1 = Window(allowGUI=False, allowStencil=False, autoLog=True, backendConf=UNKNOWN, backgroundFit=<method-wrapper '__getattribute__' of attributeSetter object at 0x138b3a830>, backgroundImage=<method-wrapper '__getattribute__' of attributeSetter object at 0x138b3a890>, bitsMode=UNKNOWN, blendMode='avg', bpc=(8, 8, 8), color=array([0, 0, 0]), colorSpace='rgb', depthBits=8, fullscr=True, gamma=None, gammaErrorPolicy='raise', infoMsg=UNKNOWN, lms=UNKNOWN, monitor=<psychopy.monitors.calibTools.Monitor object at 0x138bc8580>, multiSample=False, name='window1', numSamples=2, pos=[np.float64(0.0), np.float64(0.0)], screen=0, size=array([2880, 1800]), stencilBits=0, stereo=False, title='PsychoPy', units='height', useFBO=True, useRetina=True, viewOri=0.0, viewPos=None, viewScale=None, waitBlanking=True, winType='pyglet')
35.1997 	EXP 	window1: backgroundImage = ''
35.1997 	EXP 	window1: backgroundFit = 'none'
35.7015 	EXP 	window1: Attempting to measure frame rate of screen (0) ...
35.7016 	EXP 	window1: recordFrameIntervals = False
36.2049 	EXP 	window1: recordFrameIntervals = True
36.3200 	WARNING 	t of last frame was 22.05ms (=1/45)
36.4197 	WARNING 	t of last frame was 25.48ms (=1/39)
36.5031 	WARNING 	t of last frame was 23.13ms (=1/43)
36.5703 	WARNING 	t of last frame was 26.40ms (=1/37)
36.7005 	EXP 	Screen (0) actual frame rate measured at 89.10Hz
36.7005 	EXP 	window1: recordFrameIntervals = False
39.6467 	INFO 	keyboard.Keyboard is using ptb backend.
40.0542 	INFO 	keyboard.Keyboard is using ptb backend.
40.4613 	INFO 	keyboard.Keyboard is using ptb backend.
40.4614 	EXP 	Motor Sequence Learning: status = STARTED
40.4700 	EXP 	Created fixation = ShapeStim(__class__=<class 'psychopy.visual.shape.ShapeStim'>, anchor=('center', 'center'), autoDraw=False, autoLog=True, closeShape=True, color=method-wrapper(...), colorSpace='rgb', contrast=None, depth=0.0, draggable=False, fillColor=array([-0.2549,  0.2392,  0.2549]), fillColorSpace='rgb', fillRGB=array([-0.2549,  0.2392,  0.2549]), interpolate=True, lineColor=array([1., 1., 1.]), lineColorSpace='rgb', lineRGB=array([1, 1, 1]), lineWidth=1.0, name='fixation', opacity=1, ori=0.0, pos=array([0., 0.]), size=array([10., 10.]), units='pix', vertices=ndarray(...), win=Window(...), windingRule=None)
40.4719 	EXP 	Created line1 = Rect(__class__=<class 'psychopy.visual.rect.Rect'>, anchor=('center', 'center'), autoDraw=False, autoLog=True, closeShape=True, color=method-wrapper(...), colorSpace='rgb', contrast=None, depth=-1.0, draggable=False, fillColor=array([1, 1, 1]), fillColorSpace='rgb', fillRGB=array([1, 1, 1]), interpolate=True, lineColor=array([1., 1., 1.]), lineColorSpace='rgb', lineRGB=array([1, 1, 1]), lineWidth=1.0, name='line1', opacity=1, ori=90.0, pos=array([-150.,    0.]), size=array([100.,  10.]), units='pix', vertices=ndarray(...), win=Window(...))
40.4738 	EXP 	Created line2 = Rect(__class__=<class 'psychopy.visual.rect.Rect'>, anchor=('center', 'center'), autoDraw=False, autoLog=True, closeShape=True, color=method-wrapper(...), colorSpace='rgb', contrast=None, depth=-2.0, draggable=False, fillColor=array([1, 1, 1]), fillColorSpace='rgb', fillRGB=array([1, 1, 1]), interpolate=True, lineColor=array([1., 1., 1.]), lineColorSpace='rgb', lineRGB=array([1, 1, 1]), lineWidth=1.0, name='line2', opacity=1, ori=90.0, pos=array([-50.,   0.]), size=array([100.,  10.]), units='pix', vertices=ndarray(...), win=Window(...))
40.4756 	EXP 	Created line3 = Rect(__class__=<class 'psychopy.visual.rect.Rect'>, anchor=('center', 'center'), autoDraw=False, autoLog=True, closeShape=True, color=method-wrapper(...), colorSpace='rgb', contrast=None, depth=-3.0, draggable=True, fillColor=array([1, 1, 1]), fillColorSpace='rgb', fillRGB=array([1, 1, 1]), interpolate=True, lineColor=array([1., 1., 1.]), lineColorSpace='rgb', lineRGB=array([1, 1, 1]), lineWidth=1.0, name='line3', opacity=1, ori=90.0, pos=array([50.,  0.]), size=array([100.,  10.]), units='pix', vertices=ndarray(...), win=Window(...))
40.4777 	EXP 	Created line4 = Rect(__class__=<class 'psychopy.visual.rect.Rect'>, anchor=('center', 'center'), autoDraw=False, autoLog=True, closeShape=True, color=method-wrapper(...), colorSpace='rgb', contrast=None, depth=-4.0, draggable=False, fillColor=array([1, 1, 1]), fillColorSpace='rgb', fillRGB=array([1, 1, 1]), interpolate=True, lineColor=array([1., 1., 1.]), lineColorSpace='rgb', lineRGB=array([1, 1, 1]), lineWidth=1.0, name='line4', opacity=1, ori=90.0, pos=array([150.,   0.]), size=array([100.,  10.]), units='pix', vertices=ndarray(...), win=Window(...))
40.4801 	EXP 	Created probe = ShapeStim(__class__=<class 'psychopy.visual.shape.ShapeStim'>, anchor=('center', 'center'), autoDraw=False, autoLog=True, closeShape=True, color=method-wrapper(...), colorSpace='rgb', contrast=None, depth=-5.0, draggable=False, fillColor=array([1, 1, 1]), fillColorSpace='rgb', fillRGB=array([1, 1, 1]), interpolate=True, lineColor=array([1., 1., 1.]), lineColorSpace='rgb', lineRGB=array([1, 1, 1]), lineWidth=1.0, name='probe', opacity=1, ori=0.0, pos=array([0., 0.]), size=array([10., 10.]), units='pix', vertices=ndarray(...), win=Window(...), windingRule=None)
40.4825 	EXP 	Created Fixation = ShapeStim(__class__=<class 'psychopy.visual.shape.ShapeStim'>, anchor=('center', 'center'), autoDraw=False, autoLog=True, closeShape=True, color=method-wrapper(...), colorSpace='rgb', contrast=None, depth=0.0, draggable=False, fillColor=array([1, 1, 1]), fillColorSpace='rgb', fillRGB=array([1, 1, 1]), interpolate=True, lineColor=array([1., 1., 1.]), lineColorSpace='rgb', lineRGB=array([1, 1, 1]), lineWidth=1.0, name='Fixation', opacity=1, ori=0.0, pos=array([0., 0.]), size=array([10., 10.]), units='pix', vertices=ndarray(...), win=Window(...), windingRule=None)
40.4843 	EXP 	Created Line1 = Rect(__class__=<class 'psychopy.visual.rect.Rect'>, anchor=('center', 'center'), autoDraw=False, autoLog=True, closeShape=True, color=method-wrapper(...), colorSpace='rgb', contrast=None, depth=-1.0, draggable=False, fillColor=array([1, 1, 1]), fillColorSpace='rgb', fillRGB=array([1, 1, 1]), interpolate=True, lineColor=array([1., 1., 1.]), lineColorSpace='rgb', lineRGB=array([1, 1, 1]), lineWidth=1.0, name='Line1', opacity=1, ori=90.0, pos=array([-150.,    0.]), size=array([100.,  10.]), units='pix', vertices=ndarray(...), win=Window(...))
40.4861 	EXP 	Created Line2 = Rect(__class__=<class 'psychopy.visual.rect.Rect'>, anchor=('center', 'center'), autoDraw=False, autoLog=True, closeShape=True, color=method-wrapper(...), colorSpace='rgb', contrast=None, depth=-2.0, draggable=False, fillColor=array([1, 1, 1]), fillColorSpace='rgb', fillRGB=array([1, 1, 1]), interpolate=True, lineColor=array([1., 1., 1.]), lineColorSpace='rgb', lineRGB=array([1, 1, 1]), lineWidth=1.0, name='Line2', opacity=1, ori=90.0, pos=array([-50.,   0.]), size=array([100.,  10.]), units='pix', vertices=ndarray(...), win=Window(...))
40.4880 	EXP 	Created Line3 = Rect(__class__=<class 'psychopy.visual.rect.Rect'>, anchor=('center', 'center'), autoDraw=False, autoLog=True, closeShape=True, color=method-wrapper(...), colorSpace='rgb', contrast=None, depth=-3.0, draggable=False, fillColor=array([1, 1, 1]), fillColorSpace='rgb', fillRGB=array([1, 1, 1]), interpolate=True, lineColor=array([1., 1., 1.]), lineColorSpace='rgb', lineRGB=array([1, 1, 1]), lineWidth=1.0, name='Line3', opacity=1, ori=90.0, pos=array([50.,  0.]), size=array([100.,  10.]), units='pix', vertices=ndarray(...), win=Window(...))
40.4898 	EXP 	Created Line4 = Rect(__class__=<class 'psychopy.visual.rect.Rect'>, anchor=('center', 'center'), autoDraw=False, autoLog=True, closeShape=True, color=method-wrapper(...), colorSpace='rgb', contrast=None, depth=-4.0, draggable=False, fillColor=array([1, 1, 1]), fillColorSpace='rgb', fillRGB=array([1, 1, 1]), interpolate=True, lineColor=array([1., 1., 1.]), lineColorSpace='rgb', lineRGB=array([1, 1, 1]), lineWidth=1.0, name='Line4', opacity=1, ori=90.0, pos=array([150.,   0.]), size=array([100.,  10.]), units='pix', vertices=ndarray(...), win=Window(...))
40.4919 	EXP 	Created Probe = ShapeStim(__class__=<class 'psychopy.visual.shape.ShapeStim'>, anchor=('center', 'center'), autoDraw=False, autoLog=True, closeShape=True, color=method-wrapper(...), colorSpace='rgb', contrast=None, depth=-5.0, draggable=False, fillColor=array([1, 1, 1]), fillColorSpace='rgb', fillRGB=array([1, 1, 1]), interpolate=True, lineColor=array([1., 1., 1.]), lineColorSpace='rgb', lineRGB=array([1, 1, 1]), lineWidth=1.0, name='Probe', opacity=1, ori=0.0, pos=array([0., 0.]), size=array([10., 10.]), units='pix', vertices=ndarray(...), win=Window(...), windingRule=None)
0.0204 	EXP 	Imported Motor sequence/sequence_con.csv as conditions, 4 conditions, 2 params
0.0215 	EXP 	New trial (rep=0, index=0): <Trial 0 (0 in rep 0) data={'pos': np.int64(-50), 'corr_resp': 'x', 'thisN': 0, 'thisTrialN': 0, 'thisRepN': 0}>
0.0414 	EXP 	fixation: autoDraw = True
0.9945 	EXP 	line1: autoDraw = True
0.9945 	EXP 	line2: autoDraw = True
0.9945 	EXP 	line3: autoDraw = True
0.9945 	EXP 	line4: autoDraw = True
1.0343 	EXP 	fixation: autoDraw = False
1.9941 	INFO 	Keyboard events cleared
1.9939 	EXP 	probe: autoDraw = True
2.6801 	EXP 	Device response: <KeyPress from None: t=2.3631453549605794, value=x, duration=None>
2.6804 	EXP 	Device response: <KeyPress from None: t=2.3631453549605794, value=x, duration=0.1419561830116436>
2.6806 	EXP 	New trial (rep=0, index=1): <Trial 1 (1 in rep 0) data={'pos': np.int64(150), 'corr_resp': 'v', 'thisN': 1, 'thisTrialN': 1, 'thisRepN': 0}>
2.6859 	DATA 	Keypress: x
2.6974 	EXP 	fixation: autoDraw = False
2.6974 	EXP 	line1: autoDraw = False
2.6974 	EXP 	line2: autoDraw = False
2.6974 	EXP 	line3: autoDraw = False
2.6974 	EXP 	line4: autoDraw = False
2.6974 	EXP 	probe: autoDraw = False
2.6974 	EXP 	fixation: autoDraw = True
3.6771 	EXP 	line1: autoDraw = True
3.6771 	EXP 	line2: autoDraw = True
3.6771 	EXP 	line3: autoDraw = True
3.6771 	EXP 	line4: autoDraw = True
3.6936 	EXP 	fixation: autoDraw = False
4.6772 	INFO 	Keyboard events cleared
4.6770 	EXP 	probe: autoDraw = True
4.9683 	EXP 	Device response: <KeyPress from None: t=4.962683580000885, value=v, duration=None>
4.9686 	EXP 	New trial (rep=0, index=2): <Trial 2 (2 in rep 0) data={'pos': np.int64(50), 'corr_resp': 'c', 'thisN': 2, 'thisTrialN': 2, 'thisRepN': 0}>
4.9712 	DATA 	Keypress: v
4.9768 	EXP 	fixation: autoDraw = False
4.9768 	EXP 	line1: autoDraw = False
4.9768 	EXP 	line2: autoDraw = False
4.9768 	EXP 	line3: autoDraw = False
4.9768 	EXP 	line4: autoDraw = False
4.9768 	EXP 	probe: autoDraw = False
4.9768 	EXP 	fixation: autoDraw = True
5.1008 	EXP 	Device response: <KeyPress from None: t=4.962683580000885, value=v, duration=0.13622740301070735>
5.9674 	EXP 	fixation: autoDraw = False
5.9674 	EXP 	line1: autoDraw = True
5.9674 	EXP 	line2: autoDraw = True
5.9674 	EXP 	line3: autoDraw = True
5.9674 	EXP 	line4: autoDraw = True
6.9673 	INFO 	Keyboard events cleared
6.9671 	EXP 	probe: autoDraw = True
7.1943 	EXP 	Device response: <KeyPress from None: t=7.183738490974065, value=c, duration=None>
7.1947 	EXP 	New trial (rep=0, index=3): <Trial 3 (3 in rep 0) data={'pos': np.int64(-150), 'corr_resp': 'z', 'thisN': 3, 'thisTrialN': 3, 'thisRepN': 0}>
7.1973 	DATA 	Keypress: c
7.2026 	EXP 	fixation: autoDraw = False
7.2026 	EXP 	line1: autoDraw = False
7.2026 	EXP 	line2: autoDraw = False
7.2026 	EXP 	line3: autoDraw = False
7.2026 	EXP 	line4: autoDraw = False
7.2026 	EXP 	probe: autoDraw = False
7.2026 	EXP 	fixation: autoDraw = True
7.3281 	EXP 	Device response: <KeyPress from None: t=7.183738490974065, value=c, duration=0.14018546103034168>
8.1844 	EXP 	line1: autoDraw = True
8.1844 	EXP 	line2: autoDraw = True
8.1844 	EXP 	line3: autoDraw = True
8.1844 	EXP 	line4: autoDraw = True
8.1996 	EXP 	fixation: autoDraw = False
9.1937 	INFO 	Keyboard events cleared
9.1935 	EXP 	probe: autoDraw = True
9.4514 	EXP 	Device response: <KeyPress from None: t=9.449532162980177, value=z, duration=None>
9.4517 	EXP 	New trial (rep=1, index=0): <Trial 4 (0 in rep 1) data={'pos': np.int64(-50), 'corr_resp': 'x', 'thisN': 4, 'thisTrialN': 0, 'thisRepN': 1}>
9.4601 	EXP 	fixation: autoDraw = False
9.4601 	EXP 	line1: autoDraw = False
9.4601 	EXP 	line2: autoDraw = False
9.4601 	EXP 	line3: autoDraw = False
9.4601 	EXP 	line4: autoDraw = False
9.4601 	EXP 	probe: autoDraw = False
9.4601 	EXP 	fixation: autoDraw = True
9.4627 	DATA 	Keypress: z
9.5998 	EXP 	Device response: <KeyPress from None: t=9.449532162980177, value=z, duration=0.14821688900701702>
10.4512 	EXP 	fixation: autoDraw = False
10.4512 	EXP 	line1: autoDraw = True
10.4512 	EXP 	line2: autoDraw = True
10.4512 	EXP 	line3: autoDraw = True
10.4512 	EXP 	line4: autoDraw = True
11.4514 	INFO 	Keyboard events cleared
11.4511 	EXP 	probe: autoDraw = True
11.7444 	EXP 	Device response: <KeyPress from None: t=11.736417612002697, value=x, duration=None>
11.7446 	EXP 	New trial (rep=1, index=1): <Trial 5 (1 in rep 1) data={'pos': np.int64(150), 'corr_resp': 'v', 'thisN': 5, 'thisTrialN': 1, 'thisRepN': 1}>
11.7470 	DATA 	Keypress: x
11.7524 	EXP 	fixation: autoDraw = False
11.7524 	EXP 	line1: autoDraw = False
11.7524 	EXP 	line2: autoDraw = False
11.7524 	EXP 	line3: autoDraw = False
11.7524 	EXP 	line4: autoDraw = False
11.7524 	EXP 	probe: autoDraw = False
11.7524 	EXP 	fixation: autoDraw = True
11.8776 	EXP 	Device response: <KeyPress from None: t=11.736417612002697, value=x, duration=0.13229130598483607>
12.7343 	EXP 	line1: autoDraw = True
12.7343 	EXP 	line2: autoDraw = True
12.7343 	EXP 	line3: autoDraw = True
12.7343 	EXP 	line4: autoDraw = True
12.7503 	EXP 	fixation: autoDraw = False
13.7348 	INFO 	Keyboard events cleared
13.7346 	EXP 	probe: autoDraw = True
14.0184 	EXP 	Device response: <KeyPress from None: t=14.014445761975367, value=v, duration=None>
14.0187 	EXP 	New trial (rep=1, index=2): <Trial 6 (2 in rep 1) data={'pos': np.int64(50), 'corr_resp': 'c', 'thisN': 6, 'thisTrialN': 2, 'thisRepN': 1}>
14.0209 	DATA 	Keypress: v
14.0269 	EXP 	fixation: autoDraw = False
14.0269 	EXP 	line1: autoDraw = False
14.0269 	EXP 	line2: autoDraw = False
14.0269 	EXP 	line3: autoDraw = False
14.0269 	EXP 	line4: autoDraw = False
14.0269 	EXP 	probe: autoDraw = False
14.0269 	EXP 	fixation: autoDraw = True
14.1609 	EXP 	Device response: <KeyPress from None: t=14.014445761975367, value=v, duration=0.13607315899571404>
15.0174 	EXP 	fixation: autoDraw = False
15.0174 	EXP 	line1: autoDraw = True
15.0174 	EXP 	line2: autoDraw = True
15.0174 	EXP 	line3: autoDraw = True
15.0174 	EXP 	line4: autoDraw = True
16.0177 	INFO 	Keyboard events cleared
16.0175 	EXP 	probe: autoDraw = True
16.4611 	EXP 	Device response: <KeyPress from None: t=16.454273035982624, value=c, duration=None>
16.4613 	EXP 	New trial (rep=1, index=3): <Trial 7 (3 in rep 1) data={'pos': np.int64(-150), 'corr_resp': 'z', 'thisN': 7, 'thisTrialN': 3, 'thisRepN': 1}>
16.4636 	DATA 	Keypress: c
16.4691 	EXP 	fixation: autoDraw = False
16.4691 	EXP 	line1: autoDraw = False
16.4691 	EXP 	line2: autoDraw = False
16.4691 	EXP 	line3: autoDraw = False
16.4691 	EXP 	line4: autoDraw = False
16.4691 	EXP 	probe: autoDraw = False
16.4691 	EXP 	fixation: autoDraw = True
16.6174 	EXP 	Device response: <KeyPress from None: t=16.454273035982624, value=c, duration=0.15634209697600454>
17.4603 	EXP 	line1: autoDraw = True
17.4603 	EXP 	line2: autoDraw = True
17.4603 	EXP 	line3: autoDraw = True
17.4603 	EXP 	line4: autoDraw = True
17.4671 	EXP 	fixation: autoDraw = False
18.4510 	INFO 	Keyboard events cleared
18.4508 	EXP 	probe: autoDraw = True
18.7446 	EXP 	Device response: <KeyPress from None: t=18.743208467960358, value=z, duration=None>
18.7449 	EXP 	New trial (rep=2, index=0): <Trial 8 (0 in rep 2) data={'pos': np.int64(-50), 'corr_resp': 'x', 'thisN': 8, 'thisTrialN': 0, 'thisRepN': 2}>
18.7506 	EXP 	fixation: autoDraw = False
18.7506 	EXP 	line1: autoDraw = False
18.7506 	EXP 	line2: autoDraw = False
18.7506 	EXP 	line3: autoDraw = False
18.7506 	EXP 	line4: autoDraw = False
18.7506 	EXP 	probe: autoDraw = False
18.7506 	EXP 	fixation: autoDraw = True
18.7535 	DATA 	Keypress: z
18.8775 	EXP 	Device response: <KeyPress from None: t=18.743208467960358, value=z, duration=0.1241232689935714>
19.7436 	EXP 	line1: autoDraw = True
19.7436 	EXP 	line2: autoDraw = True
19.7436 	EXP 	line3: autoDraw = True
19.7436 	EXP 	line4: autoDraw = True
19.7507 	EXP 	fixation: autoDraw = False
20.7431 	INFO 	Keyboard events cleared
20.7429 	EXP 	probe: autoDraw = True
21.0517 	EXP 	Device response: <KeyPress from None: t=21.04413025698159, value=x, duration=None>
21.0520 	EXP 	New trial (rep=2, index=1): <Trial 9 (1 in rep 2) data={'pos': np.int64(150), 'corr_resp': 'v', 'thisN': 9, 'thisTrialN': 1, 'thisRepN': 2}>
21.0545 	DATA 	Keypress: x
21.0603 	EXP 	fixation: autoDraw = False
21.0603 	EXP 	line1: autoDraw = False
21.0603 	EXP 	line2: autoDraw = False
21.0603 	EXP 	line3: autoDraw = False
21.0603 	EXP 	line4: autoDraw = False
21.0603 	EXP 	probe: autoDraw = False
21.0603 	EXP 	fixation: autoDraw = True
21.1941 	EXP 	Device response: <KeyPress from None: t=21.04413025698159, value=x, duration=0.1401955320034176>
22.0501 	EXP 	fixation: autoDraw = False
22.0501 	EXP 	line1: autoDraw = True
22.0501 	EXP 	line2: autoDraw = True
22.0501 	EXP 	line3: autoDraw = True
22.0501 	EXP 	line4: autoDraw = True
23.0510 	INFO 	Keyboard events cleared
23.0508 	EXP 	probe: autoDraw = True
23.4850 	EXP 	Device response: <KeyPress from None: t=23.47789634799119, value=v, duration=None>
23.4853 	EXP 	New trial (rep=2, index=2): <Trial 10 (2 in rep 2) data={'pos': np.int64(50), 'corr_resp': 'c', 'thisN': 10, 'thisTrialN': 2, 'thisRepN': 2}>
23.4877 	DATA 	Keypress: v
23.4937 	EXP 	fixation: autoDraw = False
23.4937 	EXP 	line1: autoDraw = False
23.4937 	EXP 	line2: autoDraw = False
23.4937 	EXP 	line3: autoDraw = False
23.4937 	EXP 	line4: autoDraw = False
23.4937 	EXP 	probe: autoDraw = False
23.4937 	EXP 	fixation: autoDraw = True
23.6104 	EXP 	Device response: <KeyPress from None: t=23.47789634799119, value=v, duration=0.1282048409921117>
24.4835 	EXP 	fixation: autoDraw = False
24.4835 	EXP 	line1: autoDraw = True
24.4835 	EXP 	line2: autoDraw = True
24.4835 	EXP 	line3: autoDraw = True
24.4835 	EXP 	line4: autoDraw = True
25.4844 	INFO 	Keyboard events cleared
25.4842 	EXP 	probe: autoDraw = True
25.7610 	EXP 	Device response: <KeyPress from None: t=25.758122188970447, value=c, duration=None>
25.7613 	EXP 	New trial (rep=2, index=3): <Trial 11 (3 in rep 2) data={'pos': np.int64(-150), 'corr_resp': 'z', 'thisN': 11, 'thisTrialN': 3, 'thisRepN': 2}>
25.7636 	DATA 	Keypress: c
25.7691 	EXP 	fixation: autoDraw = False
25.7691 	EXP 	line1: autoDraw = False
25.7691 	EXP 	line2: autoDraw = False
25.7691 	EXP 	line3: autoDraw = False
25.7691 	EXP 	line4: autoDraw = False
25.7691 	EXP 	probe: autoDraw = False
25.7691 	EXP 	fixation: autoDraw = True
25.9003 	EXP 	Device response: <KeyPress from None: t=25.758122188970447, value=c, duration=0.14007708302233368>
26.7511 	EXP 	line1: autoDraw = True
26.7511 	EXP 	line2: autoDraw = True
26.7511 	EXP 	line3: autoDraw = True
26.7511 	EXP 	line4: autoDraw = True
26.7668 	EXP 	fixation: autoDraw = False
27.7603 	INFO 	Keyboard events cleared
27.7602 	EXP 	probe: autoDraw = True
28.0610 	EXP 	Device response: <KeyPress from None: t=28.058713377977256, value=z, duration=None>
28.0613 	EXP 	New trial (rep=3, index=0): <Trial 12 (0 in rep 3) data={'pos': np.int64(-50), 'corr_resp': 'x', 'thisN': 12, 'thisTrialN': 0, 'thisRepN': 3}>
28.0636 	DATA 	Keypress: z
28.0690 	EXP 	fixation: autoDraw = False
28.0690 	EXP 	line1: autoDraw = False
28.0690 	EXP 	line2: autoDraw = False
28.0690 	EXP 	line3: autoDraw = False
28.0690 	EXP 	line4: autoDraw = False
28.0690 	EXP 	probe: autoDraw = False
28.0690 	EXP 	fixation: autoDraw = True
28.2003 	EXP 	Device response: <KeyPress from None: t=28.058713377977256, value=z, duration=0.13636920897988603>
29.0602 	EXP 	line1: autoDraw = True
29.0602 	EXP 	line2: autoDraw = True
29.0602 	EXP 	line3: autoDraw = True
29.0602 	EXP 	line4: autoDraw = True
29.0675 	EXP 	fixation: autoDraw = False
30.0602 	INFO 	Keyboard events cleared
30.0600 	EXP 	probe: autoDraw = True
30.4274 	EXP 	Device response: <KeyPress from None: t=30.420678443973884, value=x, duration=None>
30.4277 	EXP 	New trial (rep=3, index=1): <Trial 13 (1 in rep 3) data={'pos': np.int64(150), 'corr_resp': 'v', 'thisN': 13, 'thisTrialN': 1, 'thisRepN': 3}>
30.4300 	DATA 	Keypress: x
30.4354 	EXP 	fixation: autoDraw = False
30.4354 	EXP 	line1: autoDraw = False
30.4354 	EXP 	line2: autoDraw = False
30.4354 	EXP 	line3: autoDraw = False
30.4354 	EXP 	line4: autoDraw = False
30.4354 	EXP 	probe: autoDraw = False
30.4354 	EXP 	fixation: autoDraw = True
30.5835 	EXP 	Device response: <KeyPress from None: t=30.420678443973884, value=x, duration=0.1601375649916008>
31.4268 	EXP 	line1: autoDraw = True
31.4268 	EXP 	line2: autoDraw = True
31.4268 	EXP 	line3: autoDraw = True
31.4268 	EXP 	line4: autoDraw = True
31.4338 	EXP 	fixation: autoDraw = False
32.4180 	INFO 	Keyboard events cleared
32.4177 	EXP 	probe: autoDraw = True
32.6850 	EXP 	Device response: <KeyPress from None: t=32.680638547986746, value=v, duration=None>
32.6853 	EXP 	New trial (rep=3, index=2): <Trial 14 (2 in rep 3) data={'pos': np.int64(50), 'corr_resp': 'c', 'thisN': 14, 'thisTrialN': 2, 'thisRepN': 3}>
32.6877 	DATA 	Keypress: v
32.6937 	EXP 	fixation: autoDraw = False
32.6937 	EXP 	line1: autoDraw = False
32.6937 	EXP 	line2: autoDraw = False
32.6937 	EXP 	line3: autoDraw = False
32.6937 	EXP 	line4: autoDraw = False
32.6937 	EXP 	probe: autoDraw = False
32.6937 	EXP 	fixation: autoDraw = True
32.8506 	EXP 	Device response: <KeyPress from None: t=32.680638547986746, value=v, duration=0.16410471900599077>
33.6838 	EXP 	fixation: autoDraw = False
33.6838 	EXP 	line1: autoDraw = True
33.6838 	EXP 	line2: autoDraw = True
33.6838 	EXP 	line3: autoDraw = True
33.6838 	EXP 	line4: autoDraw = True
34.6843 	INFO 	Keyboard events cleared
34.6840 	EXP 	probe: autoDraw = True
34.9514 	EXP 	Device response: <KeyPress from None: t=34.94845737097785, value=c, duration=None>
34.9517 	EXP 	New trial (rep=3, index=3): <Trial 15 (3 in rep 3) data={'pos': np.int64(-150), 'corr_resp': 'z', 'thisN': 15, 'thisTrialN': 3, 'thisRepN': 3}>
34.9540 	DATA 	Keypress: c
34.9600 	EXP 	fixation: autoDraw = False
34.9600 	EXP 	line1: autoDraw = False
34.9600 	EXP 	line2: autoDraw = False
34.9600 	EXP 	line3: autoDraw = False
34.9600 	EXP 	line4: autoDraw = False
34.9600 	EXP 	probe: autoDraw = False
34.9600 	EXP 	fixation: autoDraw = True
35.0932 	EXP 	Device response: <KeyPress from None: t=34.94845737097785, value=c, duration=0.13625551102450117>
35.9506 	EXP 	fixation: autoDraw = False
35.9506 	EXP 	line1: autoDraw = True
35.9506 	EXP 	line2: autoDraw = True
35.9506 	EXP 	line3: autoDraw = True
35.9506 	EXP 	line4: autoDraw = True
36.9429 	INFO 	Keyboard events cleared
36.9427 	EXP 	probe: autoDraw = True
37.3441 	EXP 	Device response: <KeyPress from None: t=37.33731450600317, value=z, duration=None>
37.3444 	EXP 	New trial (rep=4, index=0): <Trial 16 (0 in rep 4) data={'pos': np.int64(-50), 'corr_resp': 'x', 'thisN': 16, 'thisTrialN': 0, 'thisRepN': 4}>
37.3467 	DATA 	Keypress: z
37.3522 	EXP 	fixation: autoDraw = False
37.3522 	EXP 	line1: autoDraw = False
37.3522 	EXP 	line2: autoDraw = False
37.3522 	EXP 	line3: autoDraw = False
37.3522 	EXP 	line4: autoDraw = False
37.3522 	EXP 	probe: autoDraw = False
37.3522 	EXP 	fixation: autoDraw = True
37.5336 	EXP 	Device response: <KeyPress from None: t=37.33731450600317, value=z, duration=0.192351596953813>
38.3334 	EXP 	line1: autoDraw = True
38.3334 	EXP 	line2: autoDraw = True
38.3334 	EXP 	line3: autoDraw = True
38.3334 	EXP 	line4: autoDraw = True
38.3502 	EXP 	fixation: autoDraw = False
39.3342 	INFO 	Keyboard events cleared
39.3339 	EXP 	probe: autoDraw = True
39.6110 	EXP 	Device response: <KeyPress from None: t=39.60729953099508, value=x, duration=None>
39.6113 	EXP 	New trial (rep=4, index=1): <Trial 17 (1 in rep 4) data={'pos': np.int64(150), 'corr_resp': 'v', 'thisN': 17, 'thisTrialN': 1, 'thisRepN': 4}>
39.6137 	DATA 	Keypress: x
39.6192 	EXP 	fixation: autoDraw = False
39.6192 	EXP 	line1: autoDraw = False
39.6192 	EXP 	line2: autoDraw = False
39.6192 	EXP 	line3: autoDraw = False
39.6192 	EXP 	line4: autoDraw = False
39.6192 	EXP 	probe: autoDraw = False
39.6192 	EXP 	fixation: autoDraw = True
39.7765 	EXP 	Device response: <KeyPress from None: t=39.60729953099508, value=x, duration=0.16437279898673296>
40.6100 	EXP 	line1: autoDraw = True
40.6100 	EXP 	line2: autoDraw = True
40.6100 	EXP 	line3: autoDraw = True
40.6100 	EXP 	line4: autoDraw = True
40.6171 	EXP 	fixation: autoDraw = False
41.6102 	INFO 	Keyboard events cleared
41.6100 	EXP 	probe: autoDraw = True
41.8846 	EXP 	Device response: <KeyPress from None: t=41.88142654998228, value=v, duration=None>
41.8849 	EXP 	New trial (rep=4, index=2): <Trial 18 (2 in rep 4) data={'pos': np.int64(50), 'corr_resp': 'c', 'thisN': 18, 'thisTrialN': 2, 'thisRepN': 4}>
41.8872 	DATA 	Keypress: v
41.8931 	EXP 	fixation: autoDraw = False
41.8931 	EXP 	line1: autoDraw = False
41.8931 	EXP 	line2: autoDraw = False
41.8931 	EXP 	line3: autoDraw = False
41.8931 	EXP 	line4: autoDraw = False
41.8931 	EXP 	probe: autoDraw = False
41.8931 	EXP 	fixation: autoDraw = True
42.0605 	EXP 	Device response: <KeyPress from None: t=41.88142654998228, value=v, duration=0.16794647398637608>
42.8841 	EXP 	fixation: autoDraw = False
42.8841 	EXP 	line1: autoDraw = True
42.8841 	EXP 	line2: autoDraw = True
42.8841 	EXP 	line3: autoDraw = True
42.8841 	EXP 	line4: autoDraw = True
43.8769 	INFO 	Keyboard events cleared
43.8767 	EXP 	probe: autoDraw = True
44.3344 	EXP 	Device response: <KeyPress from None: t=44.33197103498969, value=c, duration=None>
44.3347 	EXP 	New trial (rep=4, index=3): <Trial 19 (3 in rep 4) data={'pos': np.int64(-150), 'corr_resp': 'z', 'thisN': 19, 'thisTrialN': 3, 'thisRepN': 4}>
44.3432 	EXP 	fixation: autoDraw = False
44.3432 	EXP 	line1: autoDraw = False
44.3432 	EXP 	line2: autoDraw = False
44.3432 	EXP 	line3: autoDraw = False
44.3432 	EXP 	line4: autoDraw = False
44.3432 	EXP 	probe: autoDraw = False
44.3432 	EXP 	fixation: autoDraw = True
44.3459 	DATA 	Keypress: c
44.4935 	EXP 	Device response: <KeyPress from None: t=44.33197103498969, value=c, duration=0.15654311201069504>
45.3332 	EXP 	fixation: autoDraw = False
45.3332 	EXP 	line1: autoDraw = True
45.3332 	EXP 	line2: autoDraw = True
45.3332 	EXP 	line3: autoDraw = True
45.3332 	EXP 	line4: autoDraw = True
46.3267 	INFO 	Keyboard events cleared
46.3265 	EXP 	probe: autoDraw = True
46.5514 	EXP 	Device response: <KeyPress from None: t=46.54694281698903, value=z, duration=None>
46.5517 	EXP 	New trial (rep=5, index=0): <Trial 20 (0 in rep 5) data={'pos': np.int64(-50), 'corr_resp': 'x', 'thisN': 20, 'thisTrialN': 0, 'thisRepN': 5}>
46.5542 	DATA 	Keypress: z
46.5600 	EXP 	fixation: autoDraw = False
46.5600 	EXP 	line1: autoDraw = False
46.5600 	EXP 	line2: autoDraw = False
46.5600 	EXP 	line3: autoDraw = False
46.5600 	EXP 	line4: autoDraw = False
46.5600 	EXP 	probe: autoDraw = False
46.5600 	EXP 	fixation: autoDraw = True
46.7104 	EXP 	Device response: <KeyPress from None: t=46.54694281698903, value=z, duration=0.15621200599707663>
47.5499 	EXP 	fixation: autoDraw = False
47.5499 	EXP 	line1: autoDraw = True
47.5499 	EXP 	line2: autoDraw = True
47.5499 	EXP 	line3: autoDraw = True
47.5499 	EXP 	line4: autoDraw = True
48.5511 	INFO 	Keyboard events cleared
48.5509 	EXP 	probe: autoDraw = True
48.8105 	EXP 	Device response: <KeyPress from None: t=48.802793907991145, value=x, duration=None>
48.8107 	EXP 	New trial (rep=5, index=1): <Trial 21 (1 in rep 5) data={'pos': np.int64(150), 'corr_resp': 'v', 'thisN': 21, 'thisTrialN': 1, 'thisRepN': 5}>
48.8130 	DATA 	Keypress: x
48.8185 	EXP 	fixation: autoDraw = False
48.8185 	EXP 	line1: autoDraw = False
48.8185 	EXP 	line2: autoDraw = False
48.8185 	EXP 	line3: autoDraw = False
48.8185 	EXP 	line4: autoDraw = False
48.8185 	EXP 	probe: autoDraw = False
48.8185 	EXP 	fixation: autoDraw = True
48.9442 	EXP 	Device response: <KeyPress from None: t=48.802793907991145, value=x, duration=0.13626083300914615>
49.8005 	EXP 	line1: autoDraw = True
49.8005 	EXP 	line2: autoDraw = True
49.8005 	EXP 	line3: autoDraw = True
49.8005 	EXP 	line4: autoDraw = True
49.8165 	EXP 	fixation: autoDraw = False
50.8011 	INFO 	Keyboard events cleared
50.8009 	EXP 	probe: autoDraw = True
51.6273 	EXP 	Device response: <KeyPress from None: t=51.62576953298412, value=v, duration=None>
51.6276 	EXP 	New trial (rep=5, index=2): <Trial 22 (2 in rep 5) data={'pos': np.int64(50), 'corr_resp': 'c', 'thisN': 22, 'thisTrialN': 2, 'thisRepN': 5}>
51.6334 	EXP 	fixation: autoDraw = False
51.6334 	EXP 	line1: autoDraw = False
51.6334 	EXP 	line2: autoDraw = False
51.6334 	EXP 	line3: autoDraw = False
51.6334 	EXP 	line4: autoDraw = False
51.6334 	EXP 	probe: autoDraw = False
51.6334 	EXP 	fixation: autoDraw = True
51.6364 	DATA 	Keypress: v
51.7995 	EXP 	Device response: <KeyPress from None: t=51.62576953298412, value=v, duration=0.17223297100281343>
52.6175 	EXP 	line1: autoDraw = True
52.6175 	EXP 	line2: autoDraw = True
52.6175 	EXP 	line3: autoDraw = True
52.6175 	EXP 	line4: autoDraw = True
52.6265 	EXP 	fixation: autoDraw = False
53.6175 	INFO 	Keyboard events cleared
53.6173 	EXP 	probe: autoDraw = True
53.9274 	EXP 	Device response: <KeyPress from None: t=53.924610706977546, value=c, duration=None>
53.9277 	EXP 	New trial (rep=5, index=3): <Trial 23 (3 in rep 5) data={'pos': np.int64(-150), 'corr_resp': 'z', 'thisN': 23, 'thisTrialN': 3, 'thisRepN': 5}>
53.9300 	DATA 	Keypress: c
53.9355 	EXP 	fixation: autoDraw = False
53.9355 	EXP 	line1: autoDraw = False
53.9355 	EXP 	line2: autoDraw = False
53.9355 	EXP 	line3: autoDraw = False
53.9355 	EXP 	line4: autoDraw = False
53.9355 	EXP 	probe: autoDraw = False
53.9355 	EXP 	fixation: autoDraw = True
54.1102 	EXP 	Device response: <KeyPress from None: t=53.924610706977546, value=c, duration=0.17618714598938823>
54.9265 	EXP 	line1: autoDraw = True
54.9265 	EXP 	line2: autoDraw = True
54.9265 	EXP 	line3: autoDraw = True
54.9265 	EXP 	line4: autoDraw = True
54.9332 	EXP 	fixation: autoDraw = False
55.9264 	INFO 	Keyboard events cleared
55.9262 	EXP 	probe: autoDraw = True
56.1436 	EXP 	Device response: <KeyPress from None: t=56.13655230397126, value=z, duration=None>
56.1439 	EXP 	New trial (rep=6, index=0): <Trial 24 (0 in rep 6) data={'pos': np.int64(-50), 'corr_resp': 'x', 'thisN': 24, 'thisTrialN': 0, 'thisRepN': 6}>
56.1462 	DATA 	Keypress: z
56.1520 	EXP 	fixation: autoDraw = False
56.1520 	EXP 	line1: autoDraw = False
56.1520 	EXP 	line2: autoDraw = False
56.1520 	EXP 	line3: autoDraw = False
56.1520 	EXP 	line4: autoDraw = False
56.1520 	EXP 	probe: autoDraw = False
56.1520 	EXP 	fixation: autoDraw = True
56.3604 	EXP 	Device response: <KeyPress from None: t=56.13655230397126, value=z, duration=0.21231618203455582>
57.1338 	EXP 	line1: autoDraw = True
57.1338 	EXP 	line2: autoDraw = True
57.1338 	EXP 	line3: autoDraw = True
57.1338 	EXP 	line4: autoDraw = True
57.1497 	EXP 	fixation: autoDraw = False
58.1339 	INFO 	Keyboard events cleared
58.1336 	EXP 	probe: autoDraw = True
58.5345 	EXP 	Device response: <KeyPress from None: t=58.53035664698109, value=x, duration=None>
58.5348 	EXP 	New trial (rep=6, index=1): <Trial 25 (1 in rep 6) data={'pos': np.int64(150), 'corr_resp': 'v', 'thisN': 25, 'thisTrialN': 1, 'thisRepN': 6}>
58.5372 	DATA 	Keypress: x
58.5431 	EXP 	fixation: autoDraw = False
58.5431 	EXP 	line1: autoDraw = False
58.5431 	EXP 	line2: autoDraw = False
58.5431 	EXP 	line3: autoDraw = False
58.5431 	EXP 	line4: autoDraw = False
58.5431 	EXP 	probe: autoDraw = False
58.5431 	EXP 	fixation: autoDraw = True
58.6931 	EXP 	Device response: <KeyPress from None: t=58.53035664698109, value=x, duration=0.15221201698295772>
59.5332 	EXP 	fixation: autoDraw = False
59.5332 	EXP 	line1: autoDraw = True
59.5332 	EXP 	line2: autoDraw = True
59.5332 	EXP 	line3: autoDraw = True
59.5332 	EXP 	line4: autoDraw = True
60.5337 	INFO 	Keyboard events cleared
60.5335 	EXP 	probe: autoDraw = True
60.8102 	EXP 	Device response: <KeyPress from None: t=60.80129662796389, value=v, duration=None>
60.8105 	EXP 	New trial (rep=6, index=2): <Trial 26 (2 in rep 6) data={'pos': np.int64(50), 'corr_resp': 'c', 'thisN': 26, 'thisTrialN': 2, 'thisRepN': 6}>
60.8128 	DATA 	Keypress: v
60.8182 	EXP 	fixation: autoDraw = False
60.8182 	EXP 	line1: autoDraw = False
60.8182 	EXP 	line2: autoDraw = False
60.8182 	EXP 	line3: autoDraw = False
60.8182 	EXP 	line4: autoDraw = False
60.8182 	EXP 	probe: autoDraw = False
60.8182 	EXP 	fixation: autoDraw = True
60.9769 	EXP 	Device response: <KeyPress from None: t=60.80129662796389, value=v, duration=0.17221995303407311>
61.8005 	EXP 	line1: autoDraw = True
61.8005 	EXP 	line2: autoDraw = True
61.8005 	EXP 	line3: autoDraw = True
61.8005 	EXP 	line4: autoDraw = True
61.8098 	EXP 	fixation: autoDraw = False
62.8008 	INFO 	Keyboard events cleared
62.8006 	EXP 	probe: autoDraw = True
62.9101 	EXP 	Device response: <KeyPress from None: t=62.900207831989974, value=c, duration=None>
62.9104 	EXP 	New trial (rep=6, index=3): <Trial 27 (3 in rep 6) data={'pos': np.int64(-150), 'corr_resp': 'z', 'thisN': 27, 'thisTrialN': 3, 'thisRepN': 6}>
62.9128 	DATA 	Keypress: c
62.9182 	EXP 	fixation: autoDraw = False
62.9182 	EXP 	line1: autoDraw = False
62.9182 	EXP 	line2: autoDraw = False
62.9182 	EXP 	line3: autoDraw = False
62.9182 	EXP 	line4: autoDraw = False
62.9182 	EXP 	probe: autoDraw = False
62.9182 	EXP 	fixation: autoDraw = True
63.0776 	EXP 	Device response: <KeyPress from None: t=62.900207831989974, value=c, duration=0.1763316160067916>
63.9011 	EXP 	line1: autoDraw = True
63.9011 	EXP 	line2: autoDraw = True
63.9011 	EXP 	line3: autoDraw = True
63.9011 	EXP 	line4: autoDraw = True
63.9089 	EXP 	fixation: autoDraw = False
64.9004 	INFO 	Keyboard events cleared
64.9002 	EXP 	probe: autoDraw = True
65.1602 	EXP 	Device response: <KeyPress from None: t=65.15410129696829, value=z, duration=None>
65.1605 	EXP 	New trial (rep=7, index=0): <Trial 28 (0 in rep 7) data={'pos': np.int64(-50), 'corr_resp': 'x', 'thisN': 28, 'thisTrialN': 0, 'thisRepN': 7}>
65.1628 	DATA 	Keypress: z
65.1683 	EXP 	fixation: autoDraw = False
65.1683 	EXP 	line1: autoDraw = False
65.1683 	EXP 	line2: autoDraw = False
65.1683 	EXP 	line3: autoDraw = False
65.1683 	EXP 	line4: autoDraw = False
65.1683 	EXP 	probe: autoDraw = False
65.1683 	EXP 	fixation: autoDraw = True
65.3436 	EXP 	Device response: <KeyPress from None: t=65.15410129696829, value=z, duration=0.18442184600280598>
66.1501 	EXP 	line1: autoDraw = True
66.1501 	EXP 	line2: autoDraw = True
66.1501 	EXP 	line3: autoDraw = True
66.1501 	EXP 	line4: autoDraw = True
66.1664 	EXP 	fixation: autoDraw = False
67.1510 	INFO 	Keyboard events cleared
67.1508 	EXP 	probe: autoDraw = True
67.4345 	EXP 	Device response: <KeyPress from None: t=67.4330161800026, value=x, duration=None>
67.4348 	EXP 	New trial (rep=7, index=1): <Trial 29 (1 in rep 7) data={'pos': np.int64(150), 'corr_resp': 'v', 'thisN': 29, 'thisTrialN': 1, 'thisRepN': 7}>
67.4427 	EXP 	fixation: autoDraw = False
67.4427 	EXP 	line1: autoDraw = False
67.4427 	EXP 	line2: autoDraw = False
67.4427 	EXP 	line3: autoDraw = False
67.4427 	EXP 	line4: autoDraw = False
67.4427 	EXP 	probe: autoDraw = False
67.4427 	EXP 	fixation: autoDraw = True
67.4451 	DATA 	Keypress: x
67.5830 	EXP 	Device response: <KeyPress from None: t=67.4330161800026, value=x, duration=0.14821169595234096>
68.4335 	EXP 	fixation: autoDraw = False
68.4335 	EXP 	line1: autoDraw = True
68.4335 	EXP 	line2: autoDraw = True
68.4335 	EXP 	line3: autoDraw = True
68.4335 	EXP 	line4: autoDraw = True
69.4341 	INFO 	Keyboard events cleared
69.4338 	EXP 	probe: autoDraw = True
69.7272 	EXP 	Device response: <KeyPress from None: t=69.72282986796927, value=v, duration=None>
69.7275 	EXP 	New trial (rep=7, index=2): <Trial 30 (2 in rep 7) data={'pos': np.int64(50), 'corr_resp': 'c', 'thisN': 30, 'thisTrialN': 2, 'thisRepN': 7}>
69.7298 	DATA 	Keypress: v
69.7352 	EXP 	fixation: autoDraw = False
69.7352 	EXP 	line1: autoDraw = False
69.7352 	EXP 	line2: autoDraw = False
69.7352 	EXP 	line3: autoDraw = False
69.7352 	EXP 	line4: autoDraw = False
69.7352 	EXP 	probe: autoDraw = False
69.7352 	EXP 	fixation: autoDraw = True
69.8770 	EXP 	Device response: <KeyPress from None: t=69.72282986796927, value=v, duration=0.15261884802021086>
70.7262 	EXP 	line1: autoDraw = True
70.7262 	EXP 	line2: autoDraw = True
70.7262 	EXP 	line3: autoDraw = True
70.7262 	EXP 	line4: autoDraw = True
70.7328 	EXP 	fixation: autoDraw = False
71.7264 	INFO 	Keyboard events cleared
71.7262 	EXP 	probe: autoDraw = True
72.0844 	EXP 	Device response: <KeyPress from None: t=72.07779848895734, value=c, duration=None>
72.0847 	EXP 	New trial (rep=7, index=3): <Trial 31 (3 in rep 7) data={'pos': np.int64(-150), 'corr_resp': 'z', 'thisN': 31, 'thisTrialN': 3, 'thisRepN': 7}>
72.0870 	DATA 	Keypress: c
72.0929 	EXP 	fixation: autoDraw = False
72.0929 	EXP 	line1: autoDraw = False
72.0929 	EXP 	line2: autoDraw = False
72.0929 	EXP 	line3: autoDraw = False
72.0929 	EXP 	line4: autoDraw = False
72.0929 	EXP 	probe: autoDraw = False
72.0929 	EXP 	fixation: autoDraw = True
72.2664 	EXP 	Device response: <KeyPress from None: t=72.07779848895734, value=c, duration=0.18420815002173185>
73.0834 	EXP 	fixation: autoDraw = False
73.0834 	EXP 	line1: autoDraw = True
73.0834 	EXP 	line2: autoDraw = True
73.0834 	EXP 	line3: autoDraw = True
73.0834 	EXP 	line4: autoDraw = True
74.0840 	INFO 	Keyboard events cleared
74.0838 	EXP 	probe: autoDraw = True
74.3617 	EXP 	Device response: <KeyPress from None: t=74.35571220895508, value=z, duration=None>
74.3622 	EXP 	New trial (rep=8, index=0): <Trial 32 (0 in rep 8) data={'pos': np.int64(-50), 'corr_resp': 'x', 'thisN': 32, 'thisTrialN': 0, 'thisRepN': 8}>
74.3651 	DATA 	Keypress: z
74.3725 	EXP 	fixation: autoDraw = False
74.3725 	EXP 	line1: autoDraw = False
74.3725 	EXP 	line2: autoDraw = False
74.3725 	EXP 	line3: autoDraw = False
74.3725 	EXP 	line4: autoDraw = False
74.3725 	EXP 	probe: autoDraw = False
74.3725 	EXP 	fixation: autoDraw = True
74.5434 	EXP 	Device response: <KeyPress from None: t=74.35571220895508, value=z, duration=0.17636311205569655>
75.3594 	EXP 	line1: autoDraw = True
75.3594 	EXP 	line2: autoDraw = True
75.3594 	EXP 	line3: autoDraw = True
75.3594 	EXP 	line4: autoDraw = True
75.3665 	EXP 	fixation: autoDraw = False
76.3596 	INFO 	Keyboard events cleared
76.3594 	EXP 	probe: autoDraw = True
76.6344 	EXP 	Device response: <KeyPress from None: t=76.62760272697778, value=x, duration=None>
76.6347 	EXP 	New trial (rep=8, index=1): <Trial 33 (1 in rep 8) data={'pos': np.int64(150), 'corr_resp': 'v', 'thisN': 33, 'thisTrialN': 1, 'thisRepN': 8}>
76.6372 	DATA 	Keypress: x
76.6428 	EXP 	fixation: autoDraw = False
76.6428 	EXP 	line1: autoDraw = False
76.6428 	EXP 	line2: autoDraw = False
76.6428 	EXP 	line3: autoDraw = False
76.6428 	EXP 	line4: autoDraw = False
76.6428 	EXP 	probe: autoDraw = False
76.6428 	EXP 	fixation: autoDraw = True
76.7931 	EXP 	Device response: <KeyPress from None: t=76.62760272697778, value=x, duration=0.1564185390016064>
77.6332 	EXP 	fixation: autoDraw = False
77.6332 	EXP 	line1: autoDraw = True
77.6332 	EXP 	line2: autoDraw = True
77.6332 	EXP 	line3: autoDraw = True
77.6332 	EXP 	line4: autoDraw = True
78.6333 	INFO 	Keyboard events cleared
78.6331 	EXP 	probe: autoDraw = True
78.9172 	EXP 	Device response: <KeyPress from None: t=78.9095448529697, value=v, duration=None>
78.9175 	EXP 	New trial (rep=8, index=2): <Trial 34 (2 in rep 8) data={'pos': np.int64(50), 'corr_resp': 'c', 'thisN': 34, 'thisTrialN': 2, 'thisRepN': 8}>
78.9202 	DATA 	Keypress: v
78.9260 	EXP 	fixation: autoDraw = False
78.9260 	EXP 	line1: autoDraw = False
78.9260 	EXP 	line2: autoDraw = False
78.9260 	EXP 	line3: autoDraw = False
78.9260 	EXP 	line4: autoDraw = False
78.9260 	EXP 	probe: autoDraw = False
78.9260 	EXP 	fixation: autoDraw = True
79.0597 	EXP 	Device response: <KeyPress from None: t=78.9095448529697, value=v, duration=0.14443787100026384>
79.9167 	EXP 	fixation: autoDraw = False
79.9167 	EXP 	line1: autoDraw = True
79.9167 	EXP 	line2: autoDraw = True
79.9167 	EXP 	line3: autoDraw = True
79.9167 	EXP 	line4: autoDraw = True
80.9168 	INFO 	Keyboard events cleared
80.9166 	EXP 	probe: autoDraw = True
81.2007 	EXP 	Device response: <KeyPress from None: t=81.19339954695897, value=c, duration=None>
81.2010 	EXP 	New trial (rep=8, index=3): <Trial 35 (3 in rep 8) data={'pos': np.int64(-150), 'corr_resp': 'z', 'thisN': 35, 'thisTrialN': 3, 'thisRepN': 8}>
81.2034 	DATA 	Keypress: c
81.2092 	EXP 	fixation: autoDraw = False
81.2092 	EXP 	line1: autoDraw = False
81.2092 	EXP 	line2: autoDraw = False
81.2092 	EXP 	line3: autoDraw = False
81.2092 	EXP 	line4: autoDraw = False
81.2092 	EXP 	probe: autoDraw = False
81.2092 	EXP 	fixation: autoDraw = True
81.3932 	EXP 	Device response: <KeyPress from None: t=81.19339954695897, value=c, duration=0.19228742603445426>
82.1995 	EXP 	fixation: autoDraw = False
82.1995 	EXP 	line1: autoDraw = True
82.1995 	EXP 	line2: autoDraw = True
82.1995 	EXP 	line3: autoDraw = True
82.1995 	EXP 	line4: autoDraw = True
83.1999 	INFO 	Keyboard events cleared
83.1996 	EXP 	probe: autoDraw = True
83.4676 	EXP 	Device response: <KeyPress from None: t=83.46629951195791, value=z, duration=None>
83.4679 	EXP 	New trial (rep=9, index=0): <Trial 36 (0 in rep 9) data={'pos': np.int64(-50), 'corr_resp': 'x', 'thisN': 36, 'thisTrialN': 0, 'thisRepN': 9}>
83.4756 	EXP 	fixation: autoDraw = False
83.4756 	EXP 	line1: autoDraw = False
83.4756 	EXP 	line2: autoDraw = False
83.4756 	EXP 	line3: autoDraw = False
83.4756 	EXP 	line4: autoDraw = False
83.4756 	EXP 	probe: autoDraw = False
83.4756 	EXP 	fixation: autoDraw = True
83.4781 	DATA 	Keypress: z
83.6329 	EXP 	Device response: <KeyPress from None: t=83.46629951195791, value=z, duration=0.16420224303146824>
84.4659 	EXP 	fixation: autoDraw = False
84.4659 	EXP 	line1: autoDraw = True
84.4659 	EXP 	line2: autoDraw = True
84.4659 	EXP 	line3: autoDraw = True
84.4659 	EXP 	line4: autoDraw = True
85.4669 	INFO 	Keyboard events cleared
85.4667 	EXP 	probe: autoDraw = True
86.5938 	EXP 	Device response: <KeyPress from None: t=86.59221531701041, value=x, duration=None>
86.5941 	EXP 	New trial (rep=9, index=1): <Trial 37 (1 in rep 9) data={'pos': np.int64(150), 'corr_resp': 'v', 'thisN': 37, 'thisTrialN': 1, 'thisRepN': 9}>
86.5999 	EXP 	fixation: autoDraw = False
86.5999 	EXP 	line1: autoDraw = False
86.5999 	EXP 	line2: autoDraw = False
86.5999 	EXP 	line3: autoDraw = False
86.5999 	EXP 	line4: autoDraw = False
86.5999 	EXP 	probe: autoDraw = False
86.5999 	EXP 	fixation: autoDraw = True
86.6027 	DATA 	Keypress: x
86.7766 	EXP 	Device response: <KeyPress from None: t=86.59221531701041, value=x, duration=0.1761933909729123>
87.5927 	EXP 	line1: autoDraw = True
87.5927 	EXP 	line2: autoDraw = True
87.5927 	EXP 	line3: autoDraw = True
87.5927 	EXP 	line4: autoDraw = True
87.5995 	EXP 	fixation: autoDraw = False
88.5930 	INFO 	Keyboard events cleared
88.5928 	EXP 	probe: autoDraw = True
88.9012 	EXP 	Device response: <KeyPress from None: t=88.8990928150015, value=v, duration=None>
88.9015 	EXP 	New trial (rep=9, index=2): <Trial 38 (2 in rep 9) data={'pos': np.int64(50), 'corr_resp': 'c', 'thisN': 38, 'thisTrialN': 2, 'thisRepN': 9}>
88.9091 	EXP 	fixation: autoDraw = False
88.9091 	EXP 	line1: autoDraw = False
88.9091 	EXP 	line2: autoDraw = False
88.9091 	EXP 	line3: autoDraw = False
88.9091 	EXP 	line4: autoDraw = False
88.9091 	EXP 	probe: autoDraw = False
88.9091 	EXP 	fixation: autoDraw = True
88.9119 	DATA 	Keypress: v
89.0493 	EXP 	Device response: <KeyPress from None: t=88.8990928150015, value=v, duration=0.14833013695897534>
89.9001 	EXP 	fixation: autoDraw = False
89.9001 	EXP 	line1: autoDraw = True
89.9001 	EXP 	line2: autoDraw = True
89.9001 	EXP 	line3: autoDraw = True
89.9001 	EXP 	line4: autoDraw = True
90.9001 	INFO 	Keyboard events cleared
90.8999 	EXP 	probe: autoDraw = True
91.1932 	EXP 	Device response: <KeyPress from None: t=91.18501610599924, value=c, duration=None>
91.1935 	EXP 	New trial (rep=9, index=3): <Trial 39 (3 in rep 9) data={'pos': np.int64(-150), 'corr_resp': 'z', 'thisN': 39, 'thisTrialN': 3, 'thisRepN': 9}>
91.1958 	DATA 	Keypress: c
91.2012 	EXP 	fixation: autoDraw = False
91.2012 	EXP 	line1: autoDraw = False
91.2012 	EXP 	line2: autoDraw = False
91.2012 	EXP 	line3: autoDraw = False
91.2012 	EXP 	line4: autoDraw = False
91.2012 	EXP 	probe: autoDraw = False
91.2012 	EXP 	fixation: autoDraw = True
91.3435 	EXP 	Device response: <KeyPress from None: t=91.18501610599924, value=c, duration=0.1563000789610669>
92.1837 	EXP 	line1: autoDraw = True
92.1837 	EXP 	line2: autoDraw = True
92.1837 	EXP 	line3: autoDraw = True
92.1837 	EXP 	line4: autoDraw = True
92.1926 	EXP 	fixation: autoDraw = False
93.1833 	INFO 	Keyboard events cleared
93.1830 	EXP 	probe: autoDraw = True
93.4762 	EXP 	Device response: <KeyPress from None: t=93.47097183496226, value=z, duration=None>
93.4765 	EXP 	New trial (rep=10, index=0): <Trial 40 (0 in rep 10) data={'pos': np.int64(-50), 'corr_resp': 'x', 'thisN': 40, 'thisTrialN': 0, 'thisRepN': 10}>
93.4789 	DATA 	Keypress: z
93.4857 	EXP 	fixation: autoDraw = False
93.4857 	EXP 	line1: autoDraw = False
93.4857 	EXP 	line2: autoDraw = False
93.4857 	EXP 	line3: autoDraw = False
93.4857 	EXP 	line4: autoDraw = False
93.4857 	EXP 	probe: autoDraw = False
93.4857 	EXP 	fixation: autoDraw = True
93.6330 	EXP 	Device response: <KeyPress from None: t=93.47097183496226, value=z, duration=0.16010231099789962>
94.4662 	EXP 	line1: autoDraw = True
94.4662 	EXP 	line2: autoDraw = True
94.4662 	EXP 	line3: autoDraw = True
94.4662 	EXP 	line4: autoDraw = True
94.4827 	EXP 	fixation: autoDraw = False
95.4668 	INFO 	Keyboard events cleared
95.4666 	EXP 	probe: autoDraw = True
95.7769 	EXP 	Device response: <KeyPress from None: t=95.77294813498156, value=x, duration=None>
95.7772 	EXP 	New trial (rep=10, index=1): <Trial 41 (1 in rep 10) data={'pos': np.int64(150), 'corr_resp': 'v', 'thisN': 41, 'thisTrialN': 1, 'thisRepN': 10}>
95.7794 	DATA 	Keypress: x
95.7849 	EXP 	fixation: autoDraw = False
95.7849 	EXP 	line1: autoDraw = False
95.7849 	EXP 	line2: autoDraw = False
95.7849 	EXP 	line3: autoDraw = False
95.7849 	EXP 	line4: autoDraw = False
95.7849 	EXP 	probe: autoDraw = False
95.7849 	EXP 	fixation: autoDraw = True
95.9268 	EXP 	Device response: <KeyPress from None: t=95.77294813498156, value=x, duration=0.15210464101983234>
96.7758 	EXP 	line1: autoDraw = True
96.7758 	EXP 	line2: autoDraw = True
96.7758 	EXP 	line3: autoDraw = True
96.7758 	EXP 	line4: autoDraw = True
96.7826 	EXP 	fixation: autoDraw = False
97.7761 	INFO 	Keyboard events cleared
97.7759 	EXP 	probe: autoDraw = True
98.0439 	EXP 	Device response: <KeyPress from None: t=98.04274773498764, value=v, duration=None>
98.0442 	EXP 	New trial (rep=10, index=2): <Trial 42 (2 in rep 10) data={'pos': np.int64(50), 'corr_resp': 'c', 'thisN': 42, 'thisTrialN': 2, 'thisRepN': 10}>
98.0500 	EXP 	fixation: autoDraw = False
98.0500 	EXP 	line1: autoDraw = False
98.0500 	EXP 	line2: autoDraw = False
98.0500 	EXP 	line3: autoDraw = False
98.0500 	EXP 	line4: autoDraw = False
98.0500 	EXP 	probe: autoDraw = False
98.0500 	EXP 	fixation: autoDraw = True
98.0527 	DATA 	Keypress: v
98.2097 	EXP 	Device response: <KeyPress from None: t=98.04274773498764, value=v, duration=0.1563591769663617>
99.0426 	EXP 	line1: autoDraw = True
99.0426 	EXP 	line2: autoDraw = True
99.0426 	EXP 	line3: autoDraw = True
99.0426 	EXP 	line4: autoDraw = True
99.0493 	EXP 	fixation: autoDraw = False
100.0429 	INFO 	Keyboard events cleared
100.0427 	EXP 	probe: autoDraw = True
100.3434 	EXP 	Device response: <KeyPress from None: t=100.34067610499915, value=c, duration=None>
100.3437 	EXP 	New trial (rep=10, index=3): <Trial 43 (3 in rep 10) data={'pos': np.int64(-150), 'corr_resp': 'z', 'thisN': 43, 'thisTrialN': 3, 'thisRepN': 10}>
100.3460 	DATA 	Keypress: c
100.3522 	EXP 	fixation: autoDraw = False
100.3522 	EXP 	line1: autoDraw = False
100.3522 	EXP 	line2: autoDraw = False
100.3522 	EXP 	line3: autoDraw = False
100.3522 	EXP 	line4: autoDraw = False
100.3522 	EXP 	probe: autoDraw = False
100.3522 	EXP 	fixation: autoDraw = True
100.4830 	EXP 	Device response: <KeyPress from None: t=100.34067610499915, value=c, duration=0.13626372895669192>
101.3427 	EXP 	line1: autoDraw = True
101.3427 	EXP 	line2: autoDraw = True
101.3427 	EXP 	line3: autoDraw = True
101.3427 	EXP 	line4: autoDraw = True
101.3500 	EXP 	fixation: autoDraw = False
102.3428 	INFO 	Keyboard events cleared
102.3426 	EXP 	probe: autoDraw = True
102.8100 	EXP 	Device response: <KeyPress from None: t=102.80247549095657, value=z, duration=None>
102.8103 	EXP 	New trial (rep=11, index=0): <Trial 44 (0 in rep 11) data={'pos': np.int64(-50), 'corr_resp': 'x', 'thisN': 44, 'thisTrialN': 0, 'thisRepN': 11}>
102.8126 	DATA 	Keypress: z
102.8180 	EXP 	fixation: autoDraw = False
102.8180 	EXP 	line1: autoDraw = False
102.8180 	EXP 	line2: autoDraw = False
102.8180 	EXP 	line3: autoDraw = False
102.8180 	EXP 	line4: autoDraw = False
102.8180 	EXP 	probe: autoDraw = False
102.8180 	EXP 	fixation: autoDraw = True
102.9595 	EXP 	Device response: <KeyPress from None: t=102.80247549095657, value=z, duration=0.15233263303525746>
103.8092 	EXP 	line1: autoDraw = True
103.8092 	EXP 	line2: autoDraw = True
103.8092 	EXP 	line3: autoDraw = True
103.8092 	EXP 	line4: autoDraw = True
103.8161 	EXP 	fixation: autoDraw = False
104.8092 	INFO 	Keyboard events cleared
104.8090 	EXP 	probe: autoDraw = True
105.0932 	EXP 	Device response: <KeyPress from None: t=105.08639367396245, value=x, duration=None>
105.0935 	EXP 	New trial (rep=11, index=1): <Trial 45 (1 in rep 11) data={'pos': np.int64(150), 'corr_resp': 'v', 'thisN': 45, 'thisTrialN': 1, 'thisRepN': 11}>
105.0958 	DATA 	Keypress: x
105.1013 	EXP 	fixation: autoDraw = False
105.1013 	EXP 	line1: autoDraw = False
105.1013 	EXP 	line2: autoDraw = False
105.1013 	EXP 	line3: autoDraw = False
105.1013 	EXP 	line4: autoDraw = False
105.1013 	EXP 	probe: autoDraw = False
105.1013 	EXP 	fixation: autoDraw = True
105.2328 	EXP 	Device response: <KeyPress from None: t=105.08639367396245, value=x, duration=0.14039465103996918>
106.0836 	EXP 	line1: autoDraw = True
106.0836 	EXP 	line2: autoDraw = True
106.0836 	EXP 	line3: autoDraw = True
106.0836 	EXP 	line4: autoDraw = True
106.0997 	EXP 	fixation: autoDraw = False
107.0834 	INFO 	Keyboard events cleared
107.0831 	EXP 	probe: autoDraw = True
107.3679 	EXP 	Device response: <KeyPress from None: t=107.36128365196055, value=v, duration=None>
107.3682 	EXP 	New trial (rep=11, index=2): <Trial 46 (2 in rep 11) data={'pos': np.int64(50), 'corr_resp': 'c', 'thisN': 46, 'thisTrialN': 2, 'thisRepN': 11}>
107.3705 	DATA 	Keypress: v
107.3765 	EXP 	fixation: autoDraw = False
107.3765 	EXP 	line1: autoDraw = False
107.3765 	EXP 	line2: autoDraw = False
107.3765 	EXP 	line3: autoDraw = False
107.3765 	EXP 	line4: autoDraw = False
107.3765 	EXP 	probe: autoDraw = False
107.3765 	EXP 	fixation: autoDraw = True
107.5157 	EXP 	Device response: <KeyPress from None: t=107.36128365196055, value=v, duration=0.15218484902288765>
108.3663 	EXP 	fixation: autoDraw = False
108.3663 	EXP 	line1: autoDraw = True
108.3663 	EXP 	line2: autoDraw = True
108.3663 	EXP 	line3: autoDraw = True
108.3663 	EXP 	line4: autoDraw = True
109.3670 	INFO 	Keyboard events cleared
109.3668 	EXP 	probe: autoDraw = True
109.6510 	EXP 	Device response: <KeyPress from None: t=109.64417330297874, value=c, duration=None>
109.6513 	EXP 	New trial (rep=11, index=3): <Trial 47 (3 in rep 11) data={'pos': np.int64(-150), 'corr_resp': 'z', 'thisN': 47, 'thisTrialN': 3, 'thisRepN': 11}>
109.6546 	DATA 	Keypress: c
109.6628 	EXP 	fixation: autoDraw = False
109.6628 	EXP 	line1: autoDraw = False
109.6628 	EXP 	line2: autoDraw = False
109.6628 	EXP 	line3: autoDraw = False
109.6628 	EXP 	line4: autoDraw = False
109.6628 	EXP 	probe: autoDraw = False
109.6628 	EXP 	fixation: autoDraw = True
109.8100 	EXP 	Device response: <KeyPress from None: t=109.64417330297874, value=c, duration=0.16055128403240815>
110.6495 	EXP 	line1: autoDraw = True
110.6495 	EXP 	line2: autoDraw = True
110.6495 	EXP 	line3: autoDraw = True
110.6495 	EXP 	line4: autoDraw = True
110.6592 	EXP 	fixation: autoDraw = False
111.6503 	INFO 	Keyboard events cleared
111.6501 	EXP 	probe: autoDraw = True
112.0505 	EXP 	Device response: <KeyPress from None: t=112.04906434600707, value=z, duration=None>
112.0508 	EXP 	New trial (rep=12, index=0): <Trial 48 (0 in rep 12) data={'pos': np.int64(-50), 'corr_resp': 'x', 'thisN': 48, 'thisTrialN': 0, 'thisRepN': 12}>
112.0589 	EXP 	fixation: autoDraw = False
112.0589 	EXP 	line1: autoDraw = False
112.0589 	EXP 	line2: autoDraw = False
112.0589 	EXP 	line3: autoDraw = False
112.0589 	EXP 	line4: autoDraw = False
112.0589 	EXP 	probe: autoDraw = False
112.0589 	EXP 	fixation: autoDraw = True
112.0614 	DATA 	Keypress: z
112.2494 	EXP 	Device response: <KeyPress from None: t=112.04906434600707, value=z, duration=0.19620377395767719>
113.0498 	EXP 	fixation: autoDraw = False
113.0498 	EXP 	line1: autoDraw = True
113.0498 	EXP 	line2: autoDraw = True
113.0498 	EXP 	line3: autoDraw = True
113.0498 	EXP 	line4: autoDraw = True
114.0499 	INFO 	Keyboard events cleared
114.0497 	EXP 	probe: autoDraw = True
114.3097 	EXP 	Device response: <KeyPress from None: t=114.30211368697928, value=x, duration=None>
114.3099 	EXP 	New trial (rep=12, index=1): <Trial 49 (1 in rep 12) data={'pos': np.int64(150), 'corr_resp': 'v', 'thisN': 49, 'thisTrialN': 1, 'thisRepN': 12}>
114.3122 	DATA 	Keypress: x
114.3183 	EXP 	fixation: autoDraw = False
114.3183 	EXP 	line1: autoDraw = False
114.3183 	EXP 	line2: autoDraw = False
114.3183 	EXP 	line3: autoDraw = False
114.3183 	EXP 	line4: autoDraw = False
114.3183 	EXP 	probe: autoDraw = False
114.3183 	EXP 	fixation: autoDraw = True
114.4598 	EXP 	Device response: <KeyPress from None: t=114.30211368697928, value=x, duration=0.14827456598868594>
115.2994 	EXP 	line1: autoDraw = True
115.2994 	EXP 	line2: autoDraw = True
115.2994 	EXP 	line3: autoDraw = True
115.2994 	EXP 	line4: autoDraw = True
115.3156 	EXP 	fixation: autoDraw = False
116.2929 	EXP 	Device response: <KeyPress from None: t=116.28505537798628, value=v, duration=None>
116.2951 	DATA 	Keypress: v
116.3091 	INFO 	Keyboard events cleared
116.3090 	EXP 	probe: autoDraw = True
116.4592 	EXP 	Device response: <KeyPress from None: t=116.28505537798628, value=v, duration=0.16805885697249323>
116.8428 	EXP 	Device response: <KeyPress from None: t=116.83290207799291, value=v, duration=None>
116.8431 	EXP 	New trial (rep=12, index=2): <Trial 50 (2 in rep 12) data={'pos': np.int64(50), 'corr_resp': 'c', 'thisN': 50, 'thisTrialN': 2, 'thisRepN': 12}>
116.8488 	DATA 	Keypress: v
116.8544 	EXP 	fixation: autoDraw = False
116.8544 	EXP 	line1: autoDraw = False
116.8544 	EXP 	line2: autoDraw = False
116.8544 	EXP 	line3: autoDraw = False
116.8544 	EXP 	line4: autoDraw = False
116.8544 	EXP 	probe: autoDraw = False
116.8544 	EXP 	fixation: autoDraw = True
116.9829 	EXP 	Device response: <KeyPress from None: t=116.83290207799291, value=v, duration=0.14415985898813233>
117.8337 	EXP 	line1: autoDraw = True
117.8337 	EXP 	line2: autoDraw = True
117.8337 	EXP 	line3: autoDraw = True
117.8337 	EXP 	line4: autoDraw = True
117.8492 	EXP 	fixation: autoDraw = False
118.8340 	INFO 	Keyboard events cleared
118.8337 	EXP 	probe: autoDraw = True
119.1267 	EXP 	Device response: <KeyPress from None: t=119.12278353696456, value=c, duration=None>
119.1270 	EXP 	New trial (rep=12, index=3): <Trial 51 (3 in rep 12) data={'pos': np.int64(-150), 'corr_resp': 'z', 'thisN': 51, 'thisTrialN': 3, 'thisRepN': 12}>
119.1293 	DATA 	Keypress: c
119.1356 	EXP 	fixation: autoDraw = False
119.1356 	EXP 	line1: autoDraw = False
119.1356 	EXP 	line2: autoDraw = False
119.1356 	EXP 	line3: autoDraw = False
119.1356 	EXP 	line4: autoDraw = False
119.1356 	EXP 	probe: autoDraw = False
119.1356 	EXP 	fixation: autoDraw = True
119.3100 	EXP 	Device response: <KeyPress from None: t=119.12278353696456, value=c, duration=0.18428343802224845>
120.1259 	EXP 	line1: autoDraw = True
120.1259 	EXP 	line2: autoDraw = True
120.1259 	EXP 	line3: autoDraw = True
120.1259 	EXP 	line4: autoDraw = True
120.1328 	EXP 	fixation: autoDraw = False
121.1261 	INFO 	Keyboard events cleared
121.1259 	EXP 	probe: autoDraw = True
121.4435 	EXP 	Device response: <KeyPress from None: t=121.44168572500348, value=z, duration=None>
121.4438 	EXP 	New trial (rep=13, index=0): <Trial 52 (0 in rep 13) data={'pos': np.int64(-50), 'corr_resp': 'x', 'thisN': 52, 'thisTrialN': 0, 'thisRepN': 13}>
121.4497 	EXP 	fixation: autoDraw = False
121.4497 	EXP 	line1: autoDraw = False
121.4497 	EXP 	line2: autoDraw = False
121.4497 	EXP 	line3: autoDraw = False
121.4497 	EXP 	line4: autoDraw = False
121.4497 	EXP 	probe: autoDraw = False
121.4497 	EXP 	fixation: autoDraw = True
121.4536 	DATA 	Keypress: z
121.6328 	EXP 	Device response: <KeyPress from None: t=121.44168572500348, value=z, duration=0.18420983996475115>
122.4424 	EXP 	line1: autoDraw = True
122.4424 	EXP 	line2: autoDraw = True
122.4424 	EXP 	line3: autoDraw = True
122.4424 	EXP 	line4: autoDraw = True
122.4493 	EXP 	fixation: autoDraw = False
123.4424 	INFO 	Keyboard events cleared
123.4423 	EXP 	probe: autoDraw = True
124.0930 	EXP 	Device response: <KeyPress from None: t=124.08771395200165, value=x, duration=None>
124.0933 	EXP 	New trial (rep=13, index=1): <Trial 53 (1 in rep 13) data={'pos': np.int64(150), 'corr_resp': 'v', 'thisN': 53, 'thisTrialN': 1, 'thisRepN': 13}>
124.0956 	DATA 	Keypress: x
124.1018 	EXP 	fixation: autoDraw = False
124.1018 	EXP 	line1: autoDraw = False
124.1018 	EXP 	line2: autoDraw = False
124.1018 	EXP 	line3: autoDraw = False
124.1018 	EXP 	line4: autoDraw = False
124.1018 	EXP 	probe: autoDraw = False
124.1018 	EXP 	fixation: autoDraw = True
124.2265 	EXP 	Device response: <KeyPress from None: t=124.08771395200165, value=x, duration=0.1361765280016698>
125.0833 	EXP 	line1: autoDraw = True
125.0833 	EXP 	line2: autoDraw = True
125.0833 	EXP 	line3: autoDraw = True
125.0833 	EXP 	line4: autoDraw = True
125.0987 	EXP 	fixation: autoDraw = False
126.0832 	INFO 	Keyboard events cleared
126.0830 	EXP 	probe: autoDraw = True
126.2930 	EXP 	Device response: <KeyPress from None: t=126.28447324800072, value=v, duration=None>
126.2933 	EXP 	New trial (rep=13, index=2): <Trial 54 (2 in rep 13) data={'pos': np.int64(50), 'corr_resp': 'c', 'thisN': 54, 'thisTrialN': 2, 'thisRepN': 13}>
126.2956 	DATA 	Keypress: v
126.3013 	EXP 	fixation: autoDraw = False
126.3013 	EXP 	line1: autoDraw = False
126.3013 	EXP 	line2: autoDraw = False
126.3013 	EXP 	line3: autoDraw = False
126.3013 	EXP 	line4: autoDraw = False
126.3013 	EXP 	probe: autoDraw = False
126.3013 	EXP 	fixation: autoDraw = True
126.4426 	EXP 	Device response: <KeyPress from None: t=126.28447324800072, value=v, duration=0.14834109199000522>
127.2828 	EXP 	line1: autoDraw = True
127.2828 	EXP 	line2: autoDraw = True
127.2828 	EXP 	line3: autoDraw = True
127.2828 	EXP 	line4: autoDraw = True
127.2994 	EXP 	fixation: autoDraw = False
128.2833 	INFO 	Keyboard events cleared
128.2830 	EXP 	probe: autoDraw = True
128.5507 	EXP 	Device response: <KeyPress from None: t=128.54926623997744, value=c, duration=None>
128.5510 	EXP 	New trial (rep=13, index=3): <Trial 55 (3 in rep 13) data={'pos': np.int64(-150), 'corr_resp': 'z', 'thisN': 55, 'thisTrialN': 3, 'thisRepN': 13}>
128.5588 	EXP 	fixation: autoDraw = False
128.5588 	EXP 	line1: autoDraw = False
128.5588 	EXP 	line2: autoDraw = False
128.5588 	EXP 	line3: autoDraw = False
128.5588 	EXP 	line4: autoDraw = False
128.5588 	EXP 	probe: autoDraw = False
128.5588 	EXP 	fixation: autoDraw = True
128.5617 	DATA 	Keypress: c
128.7664 	EXP 	Device response: <KeyPress from None: t=128.54926623997744, value=c, duration=0.2123782429844141>
129.5500 	EXP 	fixation: autoDraw = False
129.5500 	EXP 	line1: autoDraw = True
129.5500 	EXP 	line2: autoDraw = True
129.5500 	EXP 	line3: autoDraw = True
129.5500 	EXP 	line4: autoDraw = True
130.5506 	INFO 	Keyboard events cleared
130.5504 	EXP 	probe: autoDraw = True
130.8100 	EXP 	Device response: <KeyPress from None: t=130.80519801098853, value=z, duration=None>
130.8103 	EXP 	New trial (rep=14, index=0): <Trial 56 (0 in rep 14) data={'pos': np.int64(-50), 'corr_resp': 'x', 'thisN': 56, 'thisTrialN': 0, 'thisRepN': 14}>
130.8126 	DATA 	Keypress: z
130.8189 	EXP 	fixation: autoDraw = False
130.8189 	EXP 	line1: autoDraw = False
130.8189 	EXP 	line2: autoDraw = False
130.8189 	EXP 	line3: autoDraw = False
130.8189 	EXP 	line4: autoDraw = False
130.8189 	EXP 	probe: autoDraw = False
130.8189 	EXP 	fixation: autoDraw = True
130.9829 	EXP 	Device response: <KeyPress from None: t=130.80519801098853, value=z, duration=0.17640385398408398>
131.8090 	EXP 	line1: autoDraw = True
131.8090 	EXP 	line2: autoDraw = True
131.8090 	EXP 	line3: autoDraw = True
131.8090 	EXP 	line4: autoDraw = True
131.8159 	EXP 	fixation: autoDraw = False
132.8091 	INFO 	Keyboard events cleared
132.8090 	EXP 	probe: autoDraw = True
133.1007 	EXP 	Device response: <KeyPress from None: t=133.09412494598655, value=x, duration=None>
133.1010 	EXP 	New trial (rep=14, index=1): <Trial 57 (1 in rep 14) data={'pos': np.int64(150), 'corr_resp': 'v', 'thisN': 57, 'thisTrialN': 1, 'thisRepN': 14}>
133.1034 	DATA 	Keypress: x
133.1095 	EXP 	fixation: autoDraw = False
133.1095 	EXP 	line1: autoDraw = False
133.1095 	EXP 	line2: autoDraw = False
133.1095 	EXP 	line3: autoDraw = False
133.1095 	EXP 	line4: autoDraw = False
133.1095 	EXP 	probe: autoDraw = False
133.1095 	EXP 	fixation: autoDraw = True
133.2493 	EXP 	Device response: <KeyPress from None: t=133.09412494598655, value=x, duration=0.1523392929811962>
134.0997 	EXP 	fixation: autoDraw = False
134.0997 	EXP 	line1: autoDraw = True
134.0997 	EXP 	line2: autoDraw = True
134.0997 	EXP 	line3: autoDraw = True
134.0997 	EXP 	line4: autoDraw = True
135.1004 	INFO 	Keyboard events cleared
135.1002 	EXP 	probe: autoDraw = True
135.3684 	EXP 	Device response: <KeyPress from None: t=135.36197194299893, value=v, duration=None>
135.3688 	EXP 	New trial (rep=14, index=2): <Trial 58 (2 in rep 14) data={'pos': np.int64(50), 'corr_resp': 'c', 'thisN': 58, 'thisTrialN': 2, 'thisRepN': 14}>
135.3711 	DATA 	Keypress: v
135.3784 	EXP 	fixation: autoDraw = False
135.3784 	EXP 	line1: autoDraw = False
135.3784 	EXP 	line2: autoDraw = False
135.3784 	EXP 	line3: autoDraw = False
135.3784 	EXP 	line4: autoDraw = False
135.3784 	EXP 	probe: autoDraw = False
135.3784 	EXP 	fixation: autoDraw = True
135.4930 	EXP 	Device response: <KeyPress from None: t=135.36197194299893, value=v, duration=0.12848588096676394>
136.3669 	EXP 	line1: autoDraw = True
136.3669 	EXP 	line2: autoDraw = True
136.3669 	EXP 	line3: autoDraw = True
136.3669 	EXP 	line4: autoDraw = True
136.3752 	EXP 	fixation: autoDraw = False
137.3676 	INFO 	Keyboard events cleared
137.3674 	EXP 	probe: autoDraw = True
137.6269 	EXP 	Device response: <KeyPress from None: t=137.6219346349826, value=c, duration=None>
137.6272 	EXP 	New trial (rep=14, index=3): <Trial 59 (3 in rep 14) data={'pos': np.int64(-150), 'corr_resp': 'z', 'thisN': 59, 'thisTrialN': 3, 'thisRepN': 14}>
137.6295 	DATA 	Keypress: c
137.6354 	EXP 	fixation: autoDraw = False
137.6354 	EXP 	line1: autoDraw = False
137.6354 	EXP 	line2: autoDraw = False
137.6354 	EXP 	line3: autoDraw = False
137.6354 	EXP 	line4: autoDraw = False
137.6354 	EXP 	probe: autoDraw = False
137.6354 	EXP 	fixation: autoDraw = True
137.8000 	EXP 	Device response: <KeyPress from None: t=137.6219346349826, value=c, duration=0.17234484798973426>
138.6258 	EXP 	line1: autoDraw = True
138.6258 	EXP 	line2: autoDraw = True
138.6258 	EXP 	line3: autoDraw = True
138.6258 	EXP 	line4: autoDraw = True
138.6334 	EXP 	fixation: autoDraw = False
139.6094 	EXP 	Device response: <KeyPress from None: t=139.60779984900728, value=z, duration=None>
139.6198 	DATA 	Keypress: z
139.6418 	INFO 	Keyboard events cleared
139.6416 	EXP 	probe: autoDraw = True
139.8098 	EXP 	Device response: <KeyPress from None: t=139.60779984900728, value=z, duration=0.19643961399560794>
140.2202 	EXP 	Device response: <KeyPress from None: t=140.21881227201084, value=z, duration=None>
140.2206 	EXP 	New trial (rep=15, index=0): <Trial 60 (0 in rep 15) data={'pos': np.int64(-50), 'corr_resp': 'x', 'thisN': 60, 'thisTrialN': 0, 'thisRepN': 15}>
140.2429 	EXP 	fixation: autoDraw = False
140.2429 	EXP 	line1: autoDraw = False
140.2429 	EXP 	line2: autoDraw = False
140.2429 	EXP 	line3: autoDraw = False
140.2429 	EXP 	line4: autoDraw = False
140.2429 	EXP 	probe: autoDraw = False
140.2429 	EXP 	fixation: autoDraw = True
140.2469 	DATA 	Keypress: z
140.3861 	EXP 	Device response: <KeyPress from None: t=140.21881227201084, value=z, duration=0.16031163797015324>
141.2173 	EXP 	line1: autoDraw = True
141.2173 	EXP 	line2: autoDraw = True
141.2173 	EXP 	line3: autoDraw = True
141.2173 	EXP 	line4: autoDraw = True
141.2333 	EXP 	fixation: autoDraw = False
142.2170 	INFO 	Keyboard events cleared
142.2167 	EXP 	probe: autoDraw = True
142.6766 	EXP 	Device response: <KeyPress from None: t=142.67375292500947, value=x, duration=None>
142.6770 	EXP 	New trial (rep=15, index=1): <Trial 61 (1 in rep 15) data={'pos': np.int64(150), 'corr_resp': 'v', 'thisN': 61, 'thisTrialN': 1, 'thisRepN': 15}>
142.6794 	DATA 	Keypress: x
142.6861 	EXP 	fixation: autoDraw = False
142.6861 	EXP 	line1: autoDraw = False
142.6861 	EXP 	line2: autoDraw = False
142.6861 	EXP 	line3: autoDraw = False
142.6861 	EXP 	line4: autoDraw = False
142.6861 	EXP 	probe: autoDraw = False
142.6861 	EXP 	fixation: autoDraw = True
142.8433 	EXP 	Device response: <KeyPress from None: t=142.67375292500947, value=x, duration=0.1642544189817272>
143.6755 	EXP 	line1: autoDraw = True
143.6755 	EXP 	line2: autoDraw = True
143.6755 	EXP 	line3: autoDraw = True
143.6755 	EXP 	line4: autoDraw = True
143.6827 	EXP 	fixation: autoDraw = False
144.6759 	INFO 	Keyboard events cleared
144.6757 	EXP 	probe: autoDraw = True
144.9668 	EXP 	Device response: <KeyPress from None: t=144.9627378009609, value=v, duration=None>
144.9671 	EXP 	New trial (rep=15, index=2): <Trial 62 (2 in rep 15) data={'pos': np.int64(50), 'corr_resp': 'c', 'thisN': 62, 'thisTrialN': 2, 'thisRepN': 15}>
144.9694 	DATA 	Keypress: v
144.9755 	EXP 	fixation: autoDraw = False
144.9755 	EXP 	line1: autoDraw = False
144.9755 	EXP 	line2: autoDraw = False
144.9755 	EXP 	line3: autoDraw = False
144.9755 	EXP 	line4: autoDraw = False
144.9755 	EXP 	probe: autoDraw = False
144.9755 	EXP 	fixation: autoDraw = True
145.1258 	EXP 	Device response: <KeyPress from None: t=144.9627378009609, value=v, duration=0.1560877850279212>
145.9662 	EXP 	fixation: autoDraw = False
145.9662 	EXP 	line1: autoDraw = True
145.9662 	EXP 	line2: autoDraw = True
145.9662 	EXP 	line3: autoDraw = True
145.9662 	EXP 	line4: autoDraw = True
146.9662 	INFO 	Keyboard events cleared
146.9660 	EXP 	probe: autoDraw = True
147.3176 	EXP 	Device response: <KeyPress from None: t=147.31057919299928, value=c, duration=None>
147.3179 	EXP 	New trial (rep=15, index=3): <Trial 63 (3 in rep 15) data={'pos': np.int64(-150), 'corr_resp': 'z', 'thisN': 63, 'thisTrialN': 3, 'thisRepN': 15}>
147.3202 	DATA 	Keypress: c
147.3262 	EXP 	fixation: autoDraw = False
147.3262 	EXP 	line1: autoDraw = False
147.3262 	EXP 	line2: autoDraw = False
147.3262 	EXP 	line3: autoDraw = False
147.3262 	EXP 	line4: autoDraw = False
147.3262 	EXP 	probe: autoDraw = False
147.3262 	EXP 	fixation: autoDraw = True
147.5163 	EXP 	Device response: <KeyPress from None: t=147.31057919299928, value=c, duration=0.20028362498851493>
148.3161 	EXP 	fixation: autoDraw = False
148.3161 	EXP 	line1: autoDraw = True
148.3161 	EXP 	line2: autoDraw = True
148.3161 	EXP 	line3: autoDraw = True
148.3161 	EXP 	line4: autoDraw = True
149.3171 	INFO 	Keyboard events cleared
149.3169 	EXP 	probe: autoDraw = True
149.5929 	EXP 	Device response: <KeyPress from None: t=149.59138428297592, value=z, duration=None>
149.5932 	EXP 	New trial (rep=16, index=0): <Trial 64 (0 in rep 16) data={'pos': np.int64(-50), 'corr_resp': 'x', 'thisN': 64, 'thisTrialN': 0, 'thisRepN': 16}>
149.5991 	EXP 	fixation: autoDraw = False
149.5991 	EXP 	line1: autoDraw = False
149.5991 	EXP 	line2: autoDraw = False
149.5991 	EXP 	line3: autoDraw = False
149.5991 	EXP 	line4: autoDraw = False
149.5991 	EXP 	probe: autoDraw = False
149.5991 	EXP 	fixation: autoDraw = True
149.6025 	DATA 	Keypress: z
149.7757 	EXP 	Device response: <KeyPress from None: t=149.59138428297592, value=z, duration=0.17629055702127516>
150.5920 	EXP 	fixation: autoDraw = False
150.5920 	EXP 	line1: autoDraw = True
150.5920 	EXP 	line2: autoDraw = True
150.5920 	EXP 	line3: autoDraw = True
150.5920 	EXP 	line4: autoDraw = True
151.5924 	INFO 	Keyboard events cleared
151.5922 	EXP 	probe: autoDraw = True
151.8666 	EXP 	Device response: <KeyPress from None: t=151.86432107898872, value=x, duration=None>
151.8669 	EXP 	New trial (rep=16, index=1): <Trial 65 (1 in rep 16) data={'pos': np.int64(150), 'corr_resp': 'v', 'thisN': 65, 'thisTrialN': 1, 'thisRepN': 16}>
151.8749 	EXP 	fixation: autoDraw = False
151.8749 	EXP 	line1: autoDraw = False
151.8749 	EXP 	line2: autoDraw = False
151.8749 	EXP 	line3: autoDraw = False
151.8749 	EXP 	line4: autoDraw = False
151.8749 	EXP 	probe: autoDraw = False
151.8749 	EXP 	fixation: autoDraw = True
151.8777 	DATA 	Keypress: x
152.0157 	EXP 	Device response: <KeyPress from None: t=151.86432107898872, value=x, duration=0.1484775259741582>
152.8660 	EXP 	fixation: autoDraw = False
152.8660 	EXP 	line1: autoDraw = True
152.8660 	EXP 	line2: autoDraw = True
152.8660 	EXP 	line3: autoDraw = True
152.8660 	EXP 	line4: autoDraw = True
153.8664 	INFO 	Keyboard events cleared
153.8661 	EXP 	probe: autoDraw = True
155.1505 	EXP 	Device response: <KeyPress from None: t=155.14617634296883, value=v, duration=None>
155.1508 	EXP 	New trial (rep=16, index=2): <Trial 66 (2 in rep 16) data={'pos': np.int64(50), 'corr_resp': 'c', 'thisN': 66, 'thisTrialN': 2, 'thisRepN': 16}>
155.1531 	DATA 	Keypress: v
155.1593 	EXP 	fixation: autoDraw = False
155.1593 	EXP 	line1: autoDraw = False
155.1593 	EXP 	line2: autoDraw = False
155.1593 	EXP 	line3: autoDraw = False
155.1593 	EXP 	line4: autoDraw = False
155.1593 	EXP 	probe: autoDraw = False
155.1593 	EXP 	fixation: autoDraw = True
155.2922 	EXP 	Device response: <KeyPress from None: t=155.14617634296883, value=v, duration=0.13632594101363793>
156.1494 	EXP 	fixation: autoDraw = False
156.1494 	EXP 	line1: autoDraw = True
156.1494 	EXP 	line2: autoDraw = True
156.1494 	EXP 	line3: autoDraw = True
156.1494 	EXP 	line4: autoDraw = True
157.1501 	INFO 	Keyboard events cleared
157.1498 	EXP 	probe: autoDraw = True
157.4929 	EXP 	Device response: <KeyPress from None: t=157.48678139300318, value=c, duration=None>
157.4932 	EXP 	New trial (rep=16, index=3): <Trial 67 (3 in rep 16) data={'pos': np.int64(-150), 'corr_resp': 'z', 'thisN': 67, 'thisTrialN': 3, 'thisRepN': 16}>
157.4955 	DATA 	Keypress: c
157.5011 	EXP 	fixation: autoDraw = False
157.5011 	EXP 	line1: autoDraw = False
157.5011 	EXP 	line2: autoDraw = False
157.5011 	EXP 	line3: autoDraw = False
157.5011 	EXP 	line4: autoDraw = False
157.5011 	EXP 	probe: autoDraw = False
157.5011 	EXP 	fixation: autoDraw = True
157.6758 	EXP 	Device response: <KeyPress from None: t=157.48678139300318, value=c, duration=0.1786726769641973>
158.4919 	EXP 	line1: autoDraw = True
158.4919 	EXP 	line2: autoDraw = True
158.4919 	EXP 	line3: autoDraw = True
158.4919 	EXP 	line4: autoDraw = True
158.4988 	EXP 	fixation: autoDraw = False
159.4921 	INFO 	Keyboard events cleared
159.4919 	EXP 	probe: autoDraw = True
159.7594 	EXP 	Device response: <KeyPress from None: t=159.7559056530008, value=z, duration=None>
159.7597 	EXP 	New trial (rep=17, index=0): <Trial 68 (0 in rep 17) data={'pos': np.int64(-50), 'corr_resp': 'x', 'thisN': 68, 'thisTrialN': 0, 'thisRepN': 17}>
159.7620 	DATA 	Keypress: z
159.7675 	EXP 	fixation: autoDraw = False
159.7675 	EXP 	line1: autoDraw = False
159.7675 	EXP 	line2: autoDraw = False
159.7675 	EXP 	line3: autoDraw = False
159.7675 	EXP 	line4: autoDraw = False
159.7675 	EXP 	probe: autoDraw = False
159.7675 	EXP 	fixation: autoDraw = True
159.9427 	EXP 	Device response: <KeyPress from None: t=159.7559056530008, value=z, duration=0.18436582398135215>
160.7586 	EXP 	line1: autoDraw = True
160.7586 	EXP 	line2: autoDraw = True
160.7586 	EXP 	line3: autoDraw = True
160.7586 	EXP 	line4: autoDraw = True
160.7651 	EXP 	fixation: autoDraw = False
161.7585 	INFO 	Keyboard events cleared
161.7583 	EXP 	probe: autoDraw = True
161.9925 	EXP 	Device response: <KeyPress from None: t=161.98492259299383, value=x, duration=None>
161.9928 	EXP 	New trial (rep=17, index=1): <Trial 69 (1 in rep 17) data={'pos': np.int64(150), 'corr_resp': 'v', 'thisN': 69, 'thisTrialN': 1, 'thisRepN': 17}>
161.9952 	DATA 	Keypress: x
162.0008 	EXP 	fixation: autoDraw = False
162.0008 	EXP 	line1: autoDraw = False
162.0008 	EXP 	line2: autoDraw = False
162.0008 	EXP 	line3: autoDraw = False
162.0008 	EXP 	line4: autoDraw = False
162.0008 	EXP 	probe: autoDraw = False
162.0008 	EXP 	fixation: autoDraw = True
162.1324 	EXP 	Device response: <KeyPress from None: t=161.98492259299383, value=x, duration=0.14019349997397512>
162.9825 	EXP 	line1: autoDraw = True
162.9825 	EXP 	line2: autoDraw = True
162.9825 	EXP 	line3: autoDraw = True
162.9825 	EXP 	line4: autoDraw = True
162.9989 	EXP 	fixation: autoDraw = False
163.9853 	INFO 	Keyboard events cleared
163.9851 	EXP 	probe: autoDraw = True
164.3928 	EXP 	Device response: <KeyPress from None: t=164.38474226696417, value=v, duration=None>
164.3932 	EXP 	New trial (rep=17, index=2): <Trial 70 (2 in rep 17) data={'pos': np.int64(50), 'corr_resp': 'c', 'thisN': 70, 'thisTrialN': 2, 'thisRepN': 17}>
164.3956 	DATA 	Keypress: v
164.4018 	EXP 	fixation: autoDraw = False
164.4018 	EXP 	line1: autoDraw = False
164.4018 	EXP 	line2: autoDraw = False
164.4018 	EXP 	line3: autoDraw = False
164.4018 	EXP 	line4: autoDraw = False
164.4018 	EXP 	probe: autoDraw = False
164.4018 	EXP 	fixation: autoDraw = True
164.5826 	EXP 	Device response: <KeyPress from None: t=164.38474226696417, value=v, duration=0.19235991104505956>
165.3916 	EXP 	line1: autoDraw = True
165.3916 	EXP 	line2: autoDraw = True
165.3916 	EXP 	line3: autoDraw = True
165.3916 	EXP 	line4: autoDraw = True
165.3984 	EXP 	fixation: autoDraw = False
166.3920 	INFO 	Keyboard events cleared
166.3918 	EXP 	probe: autoDraw = True
166.6759 	EXP 	Device response: <KeyPress from None: t=166.67288642097265, value=c, duration=None>
166.6762 	EXP 	New trial (rep=17, index=3): <Trial 71 (3 in rep 17) data={'pos': np.int64(-150), 'corr_resp': 'z', 'thisN': 71, 'thisTrialN': 3, 'thisRepN': 17}>
166.6785 	DATA 	Keypress: c
166.6841 	EXP 	fixation: autoDraw = False
166.6841 	EXP 	line1: autoDraw = False
166.6841 	EXP 	line2: autoDraw = False
166.6841 	EXP 	line3: autoDraw = False
166.6841 	EXP 	line4: autoDraw = False
166.6841 	EXP 	probe: autoDraw = False
166.6841 	EXP 	fixation: autoDraw = True
166.8260 	EXP 	Device response: <KeyPress from None: t=166.67288642097265, value=c, duration=0.1480402410379611>
167.6749 	EXP 	line1: autoDraw = True
167.6749 	EXP 	line2: autoDraw = True
167.6749 	EXP 	line3: autoDraw = True
167.6749 	EXP 	line4: autoDraw = True
167.6816 	EXP 	fixation: autoDraw = False
168.6752 	INFO 	Keyboard events cleared
168.6750 	EXP 	probe: autoDraw = True
168.9831 	EXP 	Device response: <KeyPress from None: t=168.97869804495713, value=z, duration=None>
168.9834 	EXP 	New trial (rep=18, index=0): <Trial 72 (0 in rep 18) data={'pos': np.int64(-50), 'corr_resp': 'x', 'thisN': 72, 'thisTrialN': 0, 'thisRepN': 18}>
168.9858 	DATA 	Keypress: z
168.9919 	EXP 	fixation: autoDraw = False
168.9919 	EXP 	line1: autoDraw = False
168.9919 	EXP 	line2: autoDraw = False
168.9919 	EXP 	line3: autoDraw = False
168.9919 	EXP 	line4: autoDraw = False
168.9919 	EXP 	probe: autoDraw = False
168.9919 	EXP 	fixation: autoDraw = True
169.1587 	EXP 	Device response: <KeyPress from None: t=168.97869804495713, value=z, duration=0.17229023203253746>
169.9818 	EXP 	fixation: autoDraw = False
169.9818 	EXP 	line1: autoDraw = True
169.9818 	EXP 	line2: autoDraw = True
169.9818 	EXP 	line3: autoDraw = True
169.9818 	EXP 	line4: autoDraw = True
170.9827 	INFO 	Keyboard events cleared
170.9825 	EXP 	probe: autoDraw = True
171.1924 	EXP 	Device response: <KeyPress from None: t=171.18855112598976, value=x, duration=None>
171.1927 	EXP 	New trial (rep=18, index=1): <Trial 73 (1 in rep 18) data={'pos': np.int64(150), 'corr_resp': 'v', 'thisN': 73, 'thisTrialN': 1, 'thisRepN': 18}>
171.1950 	DATA 	Keypress: x
171.2006 	EXP 	fixation: autoDraw = False
171.2006 	EXP 	line1: autoDraw = False
171.2006 	EXP 	line2: autoDraw = False
171.2006 	EXP 	line3: autoDraw = False
171.2006 	EXP 	line4: autoDraw = False
171.2006 	EXP 	probe: autoDraw = False
171.2006 	EXP 	fixation: autoDraw = True
171.3420 	EXP 	Device response: <KeyPress from None: t=171.18855112598976, value=x, duration=0.14824148797197267>
172.1915 	EXP 	line1: autoDraw = True
172.1915 	EXP 	line2: autoDraw = True
172.1915 	EXP 	line3: autoDraw = True
172.1915 	EXP 	line4: autoDraw = True
172.1986 	EXP 	fixation: autoDraw = False
173.1909 	INFO 	Keyboard events cleared
173.1907 	EXP 	probe: autoDraw = True
173.4337 	EXP 	Device response: <KeyPress from None: t=173.4265145129757, value=v, duration=None>
173.4340 	EXP 	New trial (rep=18, index=2): <Trial 74 (2 in rep 18) data={'pos': np.int64(50), 'corr_resp': 'c', 'thisN': 74, 'thisTrialN': 2, 'thisRepN': 18}>
173.4363 	DATA 	Keypress: v
173.4423 	EXP 	fixation: autoDraw = False
173.4423 	EXP 	line1: autoDraw = False
173.4423 	EXP 	line2: autoDraw = False
173.4423 	EXP 	line3: autoDraw = False
173.4423 	EXP 	line4: autoDraw = False
173.4423 	EXP 	probe: autoDraw = False
173.4423 	EXP 	fixation: autoDraw = True
173.5918 	EXP 	Device response: <KeyPress from None: t=173.4265145129757, value=v, duration=0.15612714301096275>
174.4316 	EXP 	fixation: autoDraw = False
174.4316 	EXP 	line1: autoDraw = True
174.4316 	EXP 	line2: autoDraw = True
174.4316 	EXP 	line3: autoDraw = True
174.4316 	EXP 	line4: autoDraw = True
175.4324 	INFO 	Keyboard events cleared
175.4321 	EXP 	probe: autoDraw = True
175.7087 	EXP 	Device response: <KeyPress from None: t=175.69930782797746, value=c, duration=None>
175.7090 	EXP 	New trial (rep=18, index=3): <Trial 75 (3 in rep 18) data={'pos': np.int64(-150), 'corr_resp': 'z', 'thisN': 75, 'thisTrialN': 3, 'thisRepN': 18}>
175.7114 	DATA 	Keypress: c
175.7169 	EXP 	fixation: autoDraw = False
175.7169 	EXP 	line1: autoDraw = False
175.7169 	EXP 	line2: autoDraw = False
175.7169 	EXP 	line3: autoDraw = False
175.7169 	EXP 	line4: autoDraw = False
175.7169 	EXP 	probe: autoDraw = False
175.7169 	EXP 	fixation: autoDraw = True
175.8924 	EXP 	Device response: <KeyPress from None: t=175.69930782797746, value=c, duration=0.18826474202796817>
176.6992 	EXP 	line1: autoDraw = True
176.6992 	EXP 	line2: autoDraw = True
176.6992 	EXP 	line3: autoDraw = True
176.6992 	EXP 	line4: autoDraw = True
176.7150 	EXP 	fixation: autoDraw = False
177.6991 	INFO 	Keyboard events cleared
177.6988 	EXP 	probe: autoDraw = True
177.9668 	EXP 	Device response: <KeyPress from None: t=177.96120117598912, value=z, duration=None>
177.9671 	EXP 	New trial (rep=19, index=0): <Trial 76 (0 in rep 19) data={'pos': np.int64(-50), 'corr_resp': 'x', 'thisN': 76, 'thisTrialN': 0, 'thisRepN': 19}>
178.0610 	DATA 	Keypress: z
178.0683 	EXP 	fixation: autoDraw = False
178.0683 	EXP 	line1: autoDraw = False
178.0683 	EXP 	line2: autoDraw = False
178.0683 	EXP 	line3: autoDraw = False
178.0683 	EXP 	line4: autoDraw = False
178.0683 	EXP 	probe: autoDraw = False
178.0683 	EXP 	fixation: autoDraw = True
178.1590 	EXP 	Device response: <KeyPress from None: t=177.96120117598912, value=z, duration=0.1963033420033753>
178.9662 	EXP 	line1: autoDraw = True
178.9662 	EXP 	line2: autoDraw = True
178.9662 	EXP 	line3: autoDraw = True
178.9662 	EXP 	line4: autoDraw = True
179.0652 	EXP 	fixation: autoDraw = False
179.9665 	INFO 	Keyboard events cleared
179.9663 	EXP 	probe: autoDraw = True
180.2997 	EXP 	Device response: <KeyPress from None: t=180.29208368697437, value=x, duration=None>
180.3000 	EXP 	New trial (rep=19, index=1): <Trial 77 (1 in rep 19) data={'pos': np.int64(150), 'corr_resp': 'v', 'thisN': 77, 'thisTrialN': 1, 'thisRepN': 19}>
180.3024 	DATA 	Keypress: x
180.3090 	EXP 	fixation: autoDraw = False
180.3090 	EXP 	line1: autoDraw = False
180.3090 	EXP 	line2: autoDraw = False
180.3090 	EXP 	line3: autoDraw = False
180.3090 	EXP 	line4: autoDraw = False
180.3090 	EXP 	probe: autoDraw = False
180.3090 	EXP 	fixation: autoDraw = True
180.4423 	EXP 	Device response: <KeyPress from None: t=180.29208368697437, value=x, duration=0.1482812080066651>
181.2987 	EXP 	fixation: autoDraw = False
181.2987 	EXP 	line1: autoDraw = True
181.2987 	EXP 	line2: autoDraw = True
181.2987 	EXP 	line3: autoDraw = True
181.2987 	EXP 	line4: autoDraw = True
182.2998 	INFO 	Keyboard events cleared
182.2996 	EXP 	probe: autoDraw = True
182.5499 	EXP 	Device response: <KeyPress from None: t=182.5471146409982, value=v, duration=None>
182.5502 	EXP 	New trial (rep=19, index=2): <Trial 78 (2 in rep 19) data={'pos': np.int64(50), 'corr_resp': 'c', 'thisN': 78, 'thisTrialN': 2, 'thisRepN': 19}>
182.5581 	EXP 	fixation: autoDraw = False
182.5581 	EXP 	line1: autoDraw = False
182.5581 	EXP 	line2: autoDraw = False
182.5581 	EXP 	line3: autoDraw = False
182.5581 	EXP 	line4: autoDraw = False
182.5581 	EXP 	probe: autoDraw = False
182.5581 	EXP 	fixation: autoDraw = True
182.5607 	DATA 	Keypress: v
182.7255 	EXP 	Device response: <KeyPress from None: t=182.5471146409982, value=v, duration=0.17628562299069017>
183.5491 	EXP 	fixation: autoDraw = False
183.5491 	EXP 	line1: autoDraw = True
183.5491 	EXP 	line2: autoDraw = True
183.5491 	EXP 	line3: autoDraw = True
183.5491 	EXP 	line4: autoDraw = True
184.5489 	INFO 	Keyboard events cleared
184.5487 	EXP 	probe: autoDraw = True
184.7590 	EXP 	Device response: <KeyPress from None: t=184.75584883597912, value=c, duration=None>
184.7593 	EXP 	New trial (rep=19, index=3): <Trial 79 (3 in rep 19) data={'pos': np.int64(-150), 'corr_resp': 'z', 'thisN': 79, 'thisTrialN': 3, 'thisRepN': 19}>
184.7616 	DATA 	Keypress: c
184.7673 	EXP 	fixation: autoDraw = False
184.7673 	EXP 	line1: autoDraw = False
184.7673 	EXP 	line2: autoDraw = False
184.7673 	EXP 	line3: autoDraw = False
184.7673 	EXP 	line4: autoDraw = False
184.7673 	EXP 	probe: autoDraw = False
184.7673 	EXP 	fixation: autoDraw = True
184.9091 	EXP 	Device response: <KeyPress from None: t=184.75584883597912, value=c, duration=0.1483666049898602>
185.7582 	EXP 	line1: autoDraw = True
185.7582 	EXP 	line2: autoDraw = True
185.7582 	EXP 	line3: autoDraw = True
185.7582 	EXP 	line4: autoDraw = True
185.7651 	EXP 	fixation: autoDraw = False
186.7582 	INFO 	Keyboard events cleared
186.7580 	EXP 	probe: autoDraw = True
186.9829 	EXP 	Device response: <KeyPress from None: t=186.97589183296077, value=z, duration=None>
186.9832 	EXP 	New trial (rep=20, index=0): <Trial 80 (0 in rep 20) data={'pos': np.int64(-50), 'corr_resp': 'x', 'thisN': 80, 'thisTrialN': 0, 'thisRepN': 20}>
186.9859 	DATA 	Keypress: z
186.9918 	EXP 	fixation: autoDraw = False
186.9918 	EXP 	line1: autoDraw = False
186.9918 	EXP 	line2: autoDraw = False
186.9918 	EXP 	line3: autoDraw = False
186.9918 	EXP 	line4: autoDraw = False
186.9918 	EXP 	probe: autoDraw = False
186.9918 	EXP 	fixation: autoDraw = True
187.1655 	EXP 	Device response: <KeyPress from None: t=186.97589183296077, value=z, duration=0.1841219820198603>
187.9821 	EXP 	fixation: autoDraw = False
187.9821 	EXP 	line1: autoDraw = True
187.9821 	EXP 	line2: autoDraw = True
187.9821 	EXP 	line3: autoDraw = True
187.9821 	EXP 	line4: autoDraw = True
188.9748 	INFO 	Keyboard events cleared
188.9747 	EXP 	probe: autoDraw = True
189.2417 	EXP 	Device response: <KeyPress from None: t=189.2327084209537, value=x, duration=None>
189.2420 	EXP 	New trial (rep=20, index=1): <Trial 81 (1 in rep 20) data={'pos': np.int64(150), 'corr_resp': 'v', 'thisN': 81, 'thisTrialN': 1, 'thisRepN': 20}>
189.2443 	DATA 	Keypress: x
189.2499 	EXP 	fixation: autoDraw = False
189.2499 	EXP 	line1: autoDraw = False
189.2499 	EXP 	line2: autoDraw = False
189.2499 	EXP 	line3: autoDraw = False
189.2499 	EXP 	line4: autoDraw = False
189.2499 	EXP 	probe: autoDraw = False
189.2499 	EXP 	fixation: autoDraw = True
189.3989 	EXP 	Device response: <KeyPress from None: t=189.2327084209537, value=x, duration=0.16446889704093337>
190.2320 	EXP 	line1: autoDraw = True
190.2320 	EXP 	line2: autoDraw = True
190.2320 	EXP 	line3: autoDraw = True
190.2320 	EXP 	line4: autoDraw = True
190.2477 	EXP 	fixation: autoDraw = False
191.2321 	INFO 	Keyboard events cleared
191.2319 	EXP 	probe: autoDraw = True
191.5331 	EXP 	Device response: <KeyPress from None: t=191.5306857120013, value=v, duration=None>
191.5334 	EXP 	New trial (rep=20, index=2): <Trial 82 (2 in rep 20) data={'pos': np.int64(50), 'corr_resp': 'c', 'thisN': 82, 'thisTrialN': 2, 'thisRepN': 20}>
191.5412 	EXP 	fixation: autoDraw = False
191.5412 	EXP 	line1: autoDraw = False
191.5412 	EXP 	line2: autoDraw = False
191.5412 	EXP 	line3: autoDraw = False
191.5412 	EXP 	line4: autoDraw = False
191.5412 	EXP 	probe: autoDraw = False
191.5412 	EXP 	fixation: autoDraw = True
191.5439 	DATA 	Keypress: v
191.7080 	EXP 	Device response: <KeyPress from None: t=191.5306857120013, value=v, duration=0.16827626497251913>
192.5320 	EXP 	fixation: autoDraw = False
192.5320 	EXP 	line1: autoDraw = True
192.5320 	EXP 	line2: autoDraw = True
192.5320 	EXP 	line3: autoDraw = True
192.5320 	EXP 	line4: autoDraw = True
193.5322 	INFO 	Keyboard events cleared
193.5320 	EXP 	probe: autoDraw = True
193.7922 	EXP 	Device response: <KeyPress from None: t=193.78764835896436, value=c, duration=None>
193.7924 	EXP 	New trial (rep=20, index=3): <Trial 83 (3 in rep 20) data={'pos': np.int64(-150), 'corr_resp': 'z', 'thisN': 83, 'thisTrialN': 3, 'thisRepN': 20}>
193.7947 	DATA 	Keypress: c
193.8002 	EXP 	fixation: autoDraw = False
193.8002 	EXP 	line1: autoDraw = False
193.8002 	EXP 	line2: autoDraw = False
193.8002 	EXP 	line3: autoDraw = False
193.8002 	EXP 	line4: autoDraw = False
193.8002 	EXP 	probe: autoDraw = False
193.8002 	EXP 	fixation: autoDraw = True
193.9982 	EXP 	Device response: <KeyPress from None: t=193.78764835896436, value=c, duration=0.20822822104673833>
194.7912 	EXP 	line1: autoDraw = True
194.7912 	EXP 	line2: autoDraw = True
194.7912 	EXP 	line3: autoDraw = True
194.7912 	EXP 	line4: autoDraw = True
194.7979 	EXP 	fixation: autoDraw = False
195.7914 	INFO 	Keyboard events cleared
195.7912 	EXP 	probe: autoDraw = True
196.1088 	EXP 	Device response: <KeyPress from None: t=196.10339477995876, value=z, duration=None>
196.1091 	EXP 	New trial (rep=21, index=0): <Trial 84 (0 in rep 21) data={'pos': np.int64(-50), 'corr_resp': 'x', 'thisN': 84, 'thisTrialN': 0, 'thisRepN': 21}>
196.1114 	DATA 	Keypress: z
196.1169 	EXP 	fixation: autoDraw = False
196.1169 	EXP 	line1: autoDraw = False
196.1169 	EXP 	line2: autoDraw = False
196.1169 	EXP 	line3: autoDraw = False
196.1169 	EXP 	line4: autoDraw = False
196.1169 	EXP 	probe: autoDraw = False
196.1169 	EXP 	fixation: autoDraw = True
196.2651 	EXP 	Device response: <KeyPress from None: t=196.10339477995876, value=z, duration=0.16031971899792552>
197.1077 	EXP 	line1: autoDraw = True
197.1077 	EXP 	line2: autoDraw = True
197.1077 	EXP 	line3: autoDraw = True
197.1077 	EXP 	line4: autoDraw = True
197.1141 	EXP 	fixation: autoDraw = False
198.0989 	INFO 	Keyboard events cleared
198.0987 	EXP 	probe: autoDraw = True
198.3998 	EXP 	Device response: <KeyPress from None: t=198.3971839019796, value=x, duration=None>
198.4001 	EXP 	New trial (rep=21, index=1): <Trial 85 (1 in rep 21) data={'pos': np.int64(150), 'corr_resp': 'v', 'thisN': 85, 'thisTrialN': 1, 'thisRepN': 21}>
198.4024 	DATA 	Keypress: x
198.4086 	EXP 	fixation: autoDraw = False
198.4086 	EXP 	line1: autoDraw = False
198.4086 	EXP 	line2: autoDraw = False
198.4086 	EXP 	line3: autoDraw = False
198.4086 	EXP 	line4: autoDraw = False
198.4086 	EXP 	probe: autoDraw = False
198.4086 	EXP 	fixation: autoDraw = True
198.5916 	EXP 	Device response: <KeyPress from None: t=198.3971839019796, value=x, duration=0.18643410998629406>
199.3979 	EXP 	fixation: autoDraw = False
199.3979 	EXP 	line1: autoDraw = True
199.3979 	EXP 	line2: autoDraw = True
199.3979 	EXP 	line3: autoDraw = True
199.3979 	EXP 	line4: autoDraw = True
200.3991 	INFO 	Keyboard events cleared
200.3989 	EXP 	probe: autoDraw = True
200.8334 	EXP 	Device response: <KeyPress from None: t=200.82818471896462, value=v, duration=None>
200.8337 	EXP 	New trial (rep=21, index=2): <Trial 86 (2 in rep 21) data={'pos': np.int64(50), 'corr_resp': 'c', 'thisN': 86, 'thisTrialN': 2, 'thisRepN': 21}>
200.8361 	DATA 	Keypress: v
200.8420 	EXP 	fixation: autoDraw = False
200.8420 	EXP 	line1: autoDraw = False
200.8420 	EXP 	line2: autoDraw = False
200.8420 	EXP 	line3: autoDraw = False
200.8420 	EXP 	line4: autoDraw = False
200.8420 	EXP 	probe: autoDraw = False
200.8420 	EXP 	fixation: autoDraw = True
201.0083 	EXP 	Device response: <KeyPress from None: t=200.82818471896462, value=v, duration=0.1724644530331716>
201.8318 	EXP 	fixation: autoDraw = False
201.8318 	EXP 	line1: autoDraw = True
201.8318 	EXP 	line2: autoDraw = True
201.8318 	EXP 	line3: autoDraw = True
201.8318 	EXP 	line4: autoDraw = True
202.8317 	INFO 	Keyboard events cleared
202.8314 	EXP 	probe: autoDraw = True
203.0585 	EXP 	Device response: <KeyPress from None: t=203.05206116399495, value=c, duration=None>
203.0588 	EXP 	New trial (rep=21, index=3): <Trial 87 (3 in rep 21) data={'pos': np.int64(-150), 'corr_resp': 'z', 'thisN': 87, 'thisTrialN': 3, 'thisRepN': 21}>
203.0611 	DATA 	Keypress: c
203.0667 	EXP 	fixation: autoDraw = False
203.0667 	EXP 	line1: autoDraw = False
203.0667 	EXP 	line2: autoDraw = False
203.0667 	EXP 	line3: autoDraw = False
203.0667 	EXP 	line4: autoDraw = False
203.0667 	EXP 	probe: autoDraw = False
203.0667 	EXP 	fixation: autoDraw = True
203.2315 	EXP 	Device response: <KeyPress from None: t=203.05206116399495, value=c, duration=0.172551341005601>
204.0482 	EXP 	line1: autoDraw = True
204.0482 	EXP 	line2: autoDraw = True
204.0482 	EXP 	line3: autoDraw = True
204.0482 	EXP 	line4: autoDraw = True
204.0643 	EXP 	fixation: autoDraw = False
205.0485 	INFO 	Keyboard events cleared
205.0482 	EXP 	probe: autoDraw = True
205.3417 	EXP 	Device response: <KeyPress from None: t=205.33613692695508, value=z, duration=None>
205.3420 	EXP 	New trial (rep=22, index=0): <Trial 88 (0 in rep 22) data={'pos': np.int64(-50), 'corr_resp': 'x', 'thisN': 88, 'thisTrialN': 0, 'thisRepN': 22}>
205.3443 	DATA 	Keypress: z
205.3498 	EXP 	fixation: autoDraw = False
205.3498 	EXP 	line1: autoDraw = False
205.3498 	EXP 	line2: autoDraw = False
205.3498 	EXP 	line3: autoDraw = False
205.3498 	EXP 	line4: autoDraw = False
205.3498 	EXP 	probe: autoDraw = False
205.3498 	EXP 	fixation: autoDraw = True
205.5150 	EXP 	Device response: <KeyPress from None: t=205.33613692695508, value=z, duration=0.17236813600175083>
206.3315 	EXP 	line1: autoDraw = True
206.3315 	EXP 	line2: autoDraw = True
206.3315 	EXP 	line3: autoDraw = True
206.3315 	EXP 	line4: autoDraw = True
206.3476 	EXP 	fixation: autoDraw = False
207.3321 	INFO 	Keyboard events cleared
207.3319 	EXP 	probe: autoDraw = True
207.5827 	EXP 	Device response: <KeyPress from None: t=207.58104641200043, value=x, duration=None>
207.5831 	EXP 	New trial (rep=22, index=1): <Trial 89 (1 in rep 22) data={'pos': np.int64(150), 'corr_resp': 'v', 'thisN': 89, 'thisTrialN': 1, 'thisRepN': 22}>
207.5909 	EXP 	fixation: autoDraw = False
207.5909 	EXP 	line1: autoDraw = False
207.5909 	EXP 	line2: autoDraw = False
207.5909 	EXP 	line3: autoDraw = False
207.5909 	EXP 	line4: autoDraw = False
207.5909 	EXP 	probe: autoDraw = False
207.5909 	EXP 	fixation: autoDraw = True
207.5935 	DATA 	Keypress: x
207.7583 	EXP 	Device response: <KeyPress from None: t=207.58104641200043, value=x, duration=0.1680544309783727>
208.5817 	EXP 	fixation: autoDraw = False
208.5817 	EXP 	line1: autoDraw = True
208.5817 	EXP 	line2: autoDraw = True
208.5817 	EXP 	line3: autoDraw = True
208.5817 	EXP 	line4: autoDraw = True
209.5822 	INFO 	Keyboard events cleared
209.5820 	EXP 	probe: autoDraw = True
209.8250 	EXP 	Device response: <KeyPress from None: t=209.81987940898398, value=v, duration=None>
209.8253 	EXP 	New trial (rep=22, index=2): <Trial 90 (2 in rep 22) data={'pos': np.int64(50), 'corr_resp': 'c', 'thisN': 90, 'thisTrialN': 2, 'thisRepN': 22}>
209.8276 	DATA 	Keypress: v
209.8331 	EXP 	fixation: autoDraw = False
209.8331 	EXP 	line1: autoDraw = False
209.8331 	EXP 	line2: autoDraw = False
209.8331 	EXP 	line3: autoDraw = False
209.8331 	EXP 	line4: autoDraw = False
209.8331 	EXP 	probe: autoDraw = False
209.8331 	EXP 	fixation: autoDraw = True
209.9820 	EXP 	Device response: <KeyPress from None: t=209.81987940898398, value=v, duration=0.16020005400059745>
210.8151 	EXP 	line1: autoDraw = True
210.8151 	EXP 	line2: autoDraw = True
210.8151 	EXP 	line3: autoDraw = True
210.8151 	EXP 	line4: autoDraw = True
210.8311 	EXP 	fixation: autoDraw = False
211.8247 	INFO 	Keyboard events cleared
211.8245 	EXP 	probe: autoDraw = True
212.0915 	EXP 	Device response: <KeyPress from None: t=212.08485076297075, value=c, duration=None>
212.0918 	EXP 	New trial (rep=22, index=3): <Trial 91 (3 in rep 22) data={'pos': np.int64(-150), 'corr_resp': 'z', 'thisN': 91, 'thisTrialN': 3, 'thisRepN': 22}>
212.0941 	DATA 	Keypress: c
212.0996 	EXP 	fixation: autoDraw = False
212.0996 	EXP 	line1: autoDraw = False
212.0996 	EXP 	line2: autoDraw = False
212.0996 	EXP 	line3: autoDraw = False
212.0996 	EXP 	line4: autoDraw = False
212.0996 	EXP 	probe: autoDraw = False
212.0996 	EXP 	fixation: autoDraw = True
212.2752 	EXP 	Device response: <KeyPress from None: t=212.08485076297075, value=c, duration=0.18828863801900297>
213.0817 	EXP 	line1: autoDraw = True
213.0817 	EXP 	line2: autoDraw = True
213.0817 	EXP 	line3: autoDraw = True
213.0817 	EXP 	line4: autoDraw = True
213.0982 	EXP 	fixation: autoDraw = False
214.0821 	INFO 	Keyboard events cleared
214.0819 	EXP 	probe: autoDraw = True
214.5321 	EXP 	Device response: <KeyPress from None: t=214.5246388319647, value=z, duration=None>
214.5324 	EXP 	New trial (rep=23, index=0): <Trial 92 (0 in rep 23) data={'pos': np.int64(-50), 'corr_resp': 'x', 'thisN': 92, 'thisTrialN': 0, 'thisRepN': 23}>
214.5347 	DATA 	Keypress: z
214.5405 	EXP 	fixation: autoDraw = False
214.5405 	EXP 	line1: autoDraw = False
214.5405 	EXP 	line2: autoDraw = False
214.5405 	EXP 	line3: autoDraw = False
214.5405 	EXP 	line4: autoDraw = False
214.5405 	EXP 	probe: autoDraw = False
214.5405 	EXP 	fixation: autoDraw = True
214.7084 	EXP 	Device response: <KeyPress from None: t=214.5246388319647, value=z, duration=0.18040609202580526>
215.5311 	EXP 	fixation: autoDraw = False
215.5311 	EXP 	line1: autoDraw = True
215.5311 	EXP 	line2: autoDraw = True
215.5311 	EXP 	line3: autoDraw = True
215.5311 	EXP 	line4: autoDraw = True
216.5245 	INFO 	Keyboard events cleared
216.5243 	EXP 	probe: autoDraw = True
216.7915 	EXP 	Device response: <KeyPress from None: t=216.78560978599126, value=x, duration=None>
216.7918 	EXP 	New trial (rep=23, index=1): <Trial 93 (1 in rep 23) data={'pos': np.int64(150), 'corr_resp': 'v', 'thisN': 93, 'thisTrialN': 1, 'thisRepN': 23}>
216.7941 	DATA 	Keypress: x
216.7996 	EXP 	fixation: autoDraw = False
216.7996 	EXP 	line1: autoDraw = False
216.7996 	EXP 	line2: autoDraw = False
216.7996 	EXP 	line3: autoDraw = False
216.7996 	EXP 	line4: autoDraw = False
216.7996 	EXP 	probe: autoDraw = False
216.7996 	EXP 	fixation: autoDraw = True
216.9481 	EXP 	Device response: <KeyPress from None: t=216.78560978599126, value=x, duration=0.1601613590028137>
217.7815 	EXP 	line1: autoDraw = True
217.7815 	EXP 	line2: autoDraw = True
217.7815 	EXP 	line3: autoDraw = True
217.7815 	EXP 	line4: autoDraw = True
217.7977 	EXP 	fixation: autoDraw = False
218.7820 	INFO 	Keyboard events cleared
218.7818 	EXP 	probe: autoDraw = True
219.0488 	EXP 	Device response: <KeyPress from None: t=219.04147919797106, value=v, duration=None>
219.0491 	EXP 	New trial (rep=23, index=2): <Trial 94 (2 in rep 23) data={'pos': np.int64(50), 'corr_resp': 'c', 'thisN': 94, 'thisTrialN': 2, 'thisRepN': 23}>
219.0515 	DATA 	Keypress: v
219.0573 	EXP 	fixation: autoDraw = False
219.0573 	EXP 	line1: autoDraw = False
219.0573 	EXP 	line2: autoDraw = False
219.0573 	EXP 	line3: autoDraw = False
219.0573 	EXP 	line4: autoDraw = False
219.0573 	EXP 	probe: autoDraw = False
219.0573 	EXP 	fixation: autoDraw = True
219.2083 	EXP 	Device response: <KeyPress from None: t=219.04147919797106, value=v, duration=0.16076817602152005>
220.0484 	EXP 	fixation: autoDraw = False
220.0484 	EXP 	line1: autoDraw = True
220.0484 	EXP 	line2: autoDraw = True
220.0484 	EXP 	line3: autoDraw = True
220.0484 	EXP 	line4: autoDraw = True
221.0481 	INFO 	Keyboard events cleared
221.0479 	EXP 	probe: autoDraw = True
221.2749 	EXP 	Device response: <KeyPress from None: t=221.2695099329576, value=c, duration=None>
221.2751 	EXP 	New trial (rep=23, index=3): <Trial 95 (3 in rep 23) data={'pos': np.int64(-150), 'corr_resp': 'z', 'thisN': 95, 'thisTrialN': 3, 'thisRepN': 23}>
221.2775 	DATA 	Keypress: c
221.2829 	EXP 	fixation: autoDraw = False
221.2829 	EXP 	line1: autoDraw = False
221.2829 	EXP 	line2: autoDraw = False
221.2829 	EXP 	line3: autoDraw = False
221.2829 	EXP 	line4: autoDraw = False
221.2829 	EXP 	probe: autoDraw = False
221.2829 	EXP 	fixation: autoDraw = True
221.4579 	EXP 	Device response: <KeyPress from None: t=221.2695099329576, value=c, duration=0.18035077600507066>
222.2643 	EXP 	line1: autoDraw = True
222.2643 	EXP 	line2: autoDraw = True
222.2643 	EXP 	line3: autoDraw = True
222.2643 	EXP 	line4: autoDraw = True
222.2815 	EXP 	fixation: autoDraw = False
223.2648 	INFO 	Keyboard events cleared
223.2646 	EXP 	probe: autoDraw = True
223.5585 	EXP 	Device response: <KeyPress from None: t=223.5563199169701, value=z, duration=None>
223.5588 	EXP 	New trial (rep=24, index=0): <Trial 96 (0 in rep 24) data={'pos': np.int64(-50), 'corr_resp': 'x', 'thisN': 96, 'thisTrialN': 0, 'thisRepN': 24}>
223.5645 	EXP 	fixation: autoDraw = False
223.5645 	EXP 	line1: autoDraw = False
223.5645 	EXP 	line2: autoDraw = False
223.5645 	EXP 	line3: autoDraw = False
223.5645 	EXP 	line4: autoDraw = False
223.5645 	EXP 	probe: autoDraw = False
223.5645 	EXP 	fixation: autoDraw = True
223.5673 	DATA 	Keypress: z
223.7581 	EXP 	Device response: <KeyPress from None: t=223.5563199169701, value=z, duration=0.19647798204096034>
224.5575 	EXP 	fixation: autoDraw = False
224.5575 	EXP 	line1: autoDraw = True
224.5575 	EXP 	line2: autoDraw = True
224.5575 	EXP 	line3: autoDraw = True
224.5575 	EXP 	line4: autoDraw = True
225.5577 	INFO 	Keyboard events cleared
225.5575 	EXP 	probe: autoDraw = True
225.7828 	EXP 	Device response: <KeyPress from None: t=225.77620077098254, value=x, duration=None>
225.7831 	EXP 	New trial (rep=24, index=1): <Trial 97 (1 in rep 24) data={'pos': np.int64(150), 'corr_resp': 'v', 'thisN': 97, 'thisTrialN': 1, 'thisRepN': 24}>
225.7855 	DATA 	Keypress: x
225.7913 	EXP 	fixation: autoDraw = False
225.7913 	EXP 	line1: autoDraw = False
225.7913 	EXP 	line2: autoDraw = False
225.7913 	EXP 	line3: autoDraw = False
225.7913 	EXP 	line4: autoDraw = False
225.7913 	EXP 	probe: autoDraw = False
225.7913 	EXP 	fixation: autoDraw = True
225.9476 	EXP 	Device response: <KeyPress from None: t=225.77620077098254, value=x, duration=0.16850920801516622>
226.7808 	EXP 	fixation: autoDraw = False
226.7808 	EXP 	line1: autoDraw = True
226.7808 	EXP 	line2: autoDraw = True
226.7808 	EXP 	line3: autoDraw = True
226.7808 	EXP 	line4: autoDraw = True
227.7816 	INFO 	Keyboard events cleared
227.7814 	EXP 	probe: autoDraw = True
227.9750 	EXP 	Device response: <KeyPress from None: t=227.97311808896484, value=v, duration=None>
227.9753 	EXP 	New trial (rep=24, index=2): <Trial 98 (2 in rep 24) data={'pos': np.int64(50), 'corr_resp': 'c', 'thisN': 98, 'thisTrialN': 2, 'thisRepN': 24}>
227.9817 	EXP 	fixation: autoDraw = False
227.9817 	EXP 	line1: autoDraw = False
227.9817 	EXP 	line2: autoDraw = False
227.9817 	EXP 	line3: autoDraw = False
227.9817 	EXP 	line4: autoDraw = False
227.9817 	EXP 	probe: autoDraw = False
227.9817 	EXP 	fixation: autoDraw = True
227.9843 	DATA 	Keypress: v
228.1584 	EXP 	Device response: <KeyPress from None: t=227.97311808896484, value=v, duration=0.18433776899473742>
228.9741 	EXP 	line1: autoDraw = True
228.9741 	EXP 	line2: autoDraw = True
228.9741 	EXP 	line3: autoDraw = True
228.9741 	EXP 	line4: autoDraw = True
228.9814 	EXP 	fixation: autoDraw = False
229.9742 	INFO 	Keyboard events cleared
229.9741 	EXP 	probe: autoDraw = True
230.2745 	EXP 	Device response: <KeyPress from None: t=230.26494842098327, value=c, duration=None>
230.2748 	EXP 	New trial (rep=24, index=3): <Trial 99 (3 in rep 24) data={'pos': np.int64(-150), 'corr_resp': 'z', 'thisN': 99, 'thisTrialN': 3, 'thisRepN': 24}>
230.2772 	DATA 	Keypress: c
230.2826 	EXP 	fixation: autoDraw = False
230.2826 	EXP 	line1: autoDraw = False
230.2826 	EXP 	line2: autoDraw = False
230.2826 	EXP 	line3: autoDraw = False
230.2826 	EXP 	line4: autoDraw = False
230.2826 	EXP 	probe: autoDraw = False
230.2826 	EXP 	fixation: autoDraw = True
230.4479 	EXP 	Device response: <KeyPress from None: t=230.26494842098327, value=c, duration=0.18026398197980598>
231.2640 	EXP 	line1: autoDraw = True
231.2640 	EXP 	line2: autoDraw = True
231.2640 	EXP 	line3: autoDraw = True
231.2640 	EXP 	line4: autoDraw = True
231.2811 	EXP 	fixation: autoDraw = False
232.2648 	INFO 	Keyboard events cleared
232.2645 	EXP 	probe: autoDraw = True
232.5913 	EXP 	Device response: <KeyPress from None: t=232.5830180759658, value=z, duration=None>
232.5949 	EXP 	Imported Motor sequence/sequence_con.csv as conditions, 4 conditions, 2 params
232.5960 	EXP 	New trial (rep=0, index=0): <Trial 0 (0 in rep 0) data={'pos': np.int64(150), 'corr_resp': 'v', 'thisN': 0, 'thisTrialN': 0, 'thisRepN': 0}>
232.5992 	DATA 	Keypress: z
232.6068 	EXP 	fixation: autoDraw = False
232.6068 	EXP 	line1: autoDraw = False
232.6068 	EXP 	line2: autoDraw = False
232.6068 	EXP 	line3: autoDraw = False
232.6068 	EXP 	line4: autoDraw = False
232.6068 	EXP 	probe: autoDraw = False
232.6068 	EXP 	Fixation: autoDraw = True
232.7649 	EXP 	Device response: <KeyPress from None: t=232.5830180759658, value=z, duration=0.17615971603663638>
233.5850 	EXP 	Line1: autoDraw = True
233.5850 	EXP 	Line2: autoDraw = True
233.5850 	EXP 	Line3: autoDraw = True
233.5850 	EXP 	Line4: autoDraw = True
233.6076 	EXP 	Fixation: autoDraw = False
234.5834 	INFO 	Keyboard events cleared
234.5832 	EXP 	Probe: autoDraw = True
235.1251 	EXP 	Device response: <KeyPress from None: t=235.1228183299536, value=v, duration=None>
235.1254 	EXP 	New trial (rep=0, index=1): <Trial 1 (1 in rep 0) data={'pos': np.int64(-150), 'corr_resp': 'z', 'thisN': 1, 'thisTrialN': 1, 'thisRepN': 0}>
235.1278 	DATA 	Keypress: v
235.1334 	EXP 	Fixation: autoDraw = False
235.1334 	EXP 	Line1: autoDraw = False
235.1334 	EXP 	Line2: autoDraw = False
235.1334 	EXP 	Line3: autoDraw = False
235.1334 	EXP 	Line4: autoDraw = False
235.1334 	EXP 	Probe: autoDraw = False
235.1334 	EXP 	Fixation: autoDraw = True
235.2649 	EXP 	Device response: <KeyPress from None: t=235.1228183299536, value=v, duration=0.13617895502829924>
236.1243 	EXP 	Line1: autoDraw = True
236.1243 	EXP 	Line2: autoDraw = True
236.1243 	EXP 	Line3: autoDraw = True
236.1243 	EXP 	Line4: autoDraw = True
236.1308 	EXP 	Fixation: autoDraw = False
237.1236 	INFO 	Keyboard events cleared
237.1235 	EXP 	Probe: autoDraw = True
237.6653 	EXP 	Device response: <KeyPress from None: t=237.65878776996396, value=z, duration=None>
237.6657 	EXP 	New trial (rep=0, index=2): <Trial 2 (2 in rep 0) data={'pos': np.int64(50), 'corr_resp': 'c', 'thisN': 2, 'thisTrialN': 2, 'thisRepN': 0}>
237.6680 	DATA 	Keypress: z
237.6737 	EXP 	Fixation: autoDraw = False
237.6737 	EXP 	Line1: autoDraw = False
237.6737 	EXP 	Line2: autoDraw = False
237.6737 	EXP 	Line3: autoDraw = False
237.6737 	EXP 	Line4: autoDraw = False
237.6737 	EXP 	Probe: autoDraw = False
237.6737 	EXP 	Fixation: autoDraw = True
237.8811 	EXP 	Device response: <KeyPress from None: t=237.65878776996396, value=z, duration=0.21624620602233335>
238.6641 	EXP 	Fixation: autoDraw = False
238.6641 	EXP 	Line1: autoDraw = True
238.6641 	EXP 	Line2: autoDraw = True
238.6641 	EXP 	Line3: autoDraw = True
238.6641 	EXP 	Line4: autoDraw = True
239.6641 	INFO 	Keyboard events cleared
239.6639 	EXP 	Probe: autoDraw = True
240.0651 	EXP 	Device response: <KeyPress from None: t=240.06168556999182, value=c, duration=None>
240.0654 	EXP 	New trial (rep=1, index=3): <Trial 3 (3 in rep 1) data={'pos': np.int64(50), 'corr_resp': 'c', 'thisN': 3, 'thisTrialN': 3, 'thisRepN': 1}>
240.0677 	DATA 	Keypress: c
240.0735 	EXP 	Fixation: autoDraw = False
240.0735 	EXP 	Line1: autoDraw = False
240.0735 	EXP 	Line2: autoDraw = False
240.0735 	EXP 	Line3: autoDraw = False
240.0735 	EXP 	Line4: autoDraw = False
240.0735 	EXP 	Probe: autoDraw = False
240.0735 	EXP 	Fixation: autoDraw = True
240.2412 	EXP 	Device response: <KeyPress from None: t=240.06168556999182, value=c, duration=0.1681037190137431>
241.0638 	EXP 	Fixation: autoDraw = False
241.0638 	EXP 	Line1: autoDraw = True
241.0638 	EXP 	Line2: autoDraw = True
241.0638 	EXP 	Line3: autoDraw = True
241.0638 	EXP 	Line4: autoDraw = True
242.0639 	INFO 	Keyboard events cleared
242.0636 	EXP 	Probe: autoDraw = True
242.5583 	EXP 	Device response: <KeyPress from None: t=242.55552320397692, value=c, duration=None>
242.5586 	EXP 	New trial (rep=0, index=4): <Trial 4 (4 in rep 0) data={'pos': np.int64(-50), 'corr_resp': 'x', 'thisN': 4, 'thisTrialN': 4, 'thisRepN': 0}>
242.5642 	EXP 	Fixation: autoDraw = False
242.5642 	EXP 	Line1: autoDraw = False
242.5642 	EXP 	Line2: autoDraw = False
242.5642 	EXP 	Line3: autoDraw = False
242.5642 	EXP 	Line4: autoDraw = False
242.5642 	EXP 	Probe: autoDraw = False
242.5642 	EXP 	Fixation: autoDraw = True
242.5675 	DATA 	Keypress: c
242.7244 	EXP 	Device response: <KeyPress from None: t=242.55552320397692, value=c, duration=0.16030267701717094>
243.5572 	EXP 	Line1: autoDraw = True
243.5572 	EXP 	Line2: autoDraw = True
243.5572 	EXP 	Line3: autoDraw = True
243.5572 	EXP 	Line4: autoDraw = True
243.5635 	EXP 	Fixation: autoDraw = False
244.5568 	INFO 	Keyboard events cleared
244.5567 	EXP 	Probe: autoDraw = True
245.3079 	EXP 	Device response: <KeyPress from None: t=245.29938586900244, value=x, duration=None>
245.3081 	EXP 	New trial (rep=1, index=5): <Trial 5 (5 in rep 1) data={'pos': np.int64(-50), 'corr_resp': 'x', 'thisN': 5, 'thisTrialN': 5, 'thisRepN': 1}>
245.3105 	DATA 	Keypress: x
245.3158 	EXP 	Fixation: autoDraw = False
245.3158 	EXP 	Line1: autoDraw = False
245.3158 	EXP 	Line2: autoDraw = False
245.3158 	EXP 	Line3: autoDraw = False
245.3158 	EXP 	Line4: autoDraw = False
245.3158 	EXP 	Probe: autoDraw = False
245.3158 	EXP 	Fixation: autoDraw = True
245.4743 	EXP 	Device response: <KeyPress from None: t=245.29938586900244, value=x, duration=0.16830793098779395>
246.3071 	EXP 	Line1: autoDraw = True
246.3071 	EXP 	Line2: autoDraw = True
246.3071 	EXP 	Line3: autoDraw = True
246.3071 	EXP 	Line4: autoDraw = True
246.3133 	EXP 	Fixation: autoDraw = False
247.2978 	INFO 	Keyboard events cleared
247.2976 	EXP 	Probe: autoDraw = True
247.6744 	EXP 	Device response: <KeyPress from None: t=247.6642764559947, value=x, duration=None>
247.6748 	EXP 	New trial (rep=1, index=6): <Trial 6 (6 in rep 1) data={'pos': np.int64(-150), 'corr_resp': 'z', 'thisN': 6, 'thisTrialN': 6, 'thisRepN': 1}>
247.6774 	DATA 	Keypress: x
247.6827 	EXP 	Fixation: autoDraw = False
247.6827 	EXP 	Line1: autoDraw = False
247.6827 	EXP 	Line2: autoDraw = False
247.6827 	EXP 	Line3: autoDraw = False
247.6827 	EXP 	Line4: autoDraw = False
247.6827 	EXP 	Probe: autoDraw = False
247.6827 	EXP 	Fixation: autoDraw = True
247.8139 	EXP 	Device response: <KeyPress from None: t=247.6642764559947, value=x, duration=0.14365623996127397>
248.6637 	EXP 	Line1: autoDraw = True
248.6637 	EXP 	Line2: autoDraw = True
248.6637 	EXP 	Line3: autoDraw = True
248.6637 	EXP 	Line4: autoDraw = True
248.6795 	EXP 	Fixation: autoDraw = False
249.6636 	INFO 	Keyboard events cleared
249.6633 	EXP 	Probe: autoDraw = True
250.1076 	EXP 	Device response: <KeyPress from None: t=250.09718486497877, value=z, duration=None>
250.1079 	EXP 	New trial (rep=2, index=7): <Trial 7 (7 in rep 2) data={'pos': np.int64(50), 'corr_resp': 'c', 'thisN': 7, 'thisTrialN': 7, 'thisRepN': 2}>
250.1102 	DATA 	Keypress: z
250.1155 	EXP 	Fixation: autoDraw = False
250.1155 	EXP 	Line1: autoDraw = False
250.1155 	EXP 	Line2: autoDraw = False
250.1155 	EXP 	Line3: autoDraw = False
250.1155 	EXP 	Line4: autoDraw = False
250.1155 	EXP 	Probe: autoDraw = False
250.1155 	EXP 	Fixation: autoDraw = True
250.2910 	EXP 	Device response: <KeyPress from None: t=250.09718486497877, value=z, duration=0.18830766901373863>
251.0971 	EXP 	Line1: autoDraw = True
251.0971 	EXP 	Line2: autoDraw = True
251.0971 	EXP 	Line3: autoDraw = True
251.0971 	EXP 	Line4: autoDraw = True
251.1133 	EXP 	Fixation: autoDraw = False
252.0981 	INFO 	Keyboard events cleared
252.0978 	EXP 	Probe: autoDraw = True
252.5414 	EXP 	Device response: <KeyPress from None: t=252.53701500198804, value=c, duration=None>
252.5417 	EXP 	New trial (rep=2, index=8): <Trial 8 (8 in rep 2) data={'pos': np.int64(-50), 'corr_resp': 'x', 'thisN': 8, 'thisTrialN': 8, 'thisRepN': 2}>
252.5444 	DATA 	Keypress: c
252.5499 	EXP 	Fixation: autoDraw = False
252.5499 	EXP 	Line1: autoDraw = False
252.5499 	EXP 	Line2: autoDraw = False
252.5499 	EXP 	Line3: autoDraw = False
252.5499 	EXP 	Line4: autoDraw = False
252.5499 	EXP 	Probe: autoDraw = False
252.5499 	EXP 	Fixation: autoDraw = True
252.7243 	EXP 	Device response: <KeyPress from None: t=252.53701500198804, value=c, duration=0.18028211902128533>
253.5405 	EXP 	Line1: autoDraw = True
253.5405 	EXP 	Line2: autoDraw = True
253.5405 	EXP 	Line3: autoDraw = True
253.5405 	EXP 	Line4: autoDraw = True
253.5472 	EXP 	Fixation: autoDraw = False
254.5407 	INFO 	Keyboard events cleared
254.5405 	EXP 	Probe: autoDraw = True
254.8815 	EXP 	Device response: <KeyPress from None: t=254.87700797995785, value=x, duration=None>
254.8818 	EXP 	New trial (rep=2, index=9): <Trial 9 (9 in rep 2) data={'pos': np.int64(-150), 'corr_resp': 'z', 'thisN': 9, 'thisTrialN': 9, 'thisRepN': 2}>
254.8841 	DATA 	Keypress: x
254.8900 	EXP 	Fixation: autoDraw = False
254.8900 	EXP 	Line1: autoDraw = False
254.8900 	EXP 	Line2: autoDraw = False
254.8900 	EXP 	Line3: autoDraw = False
254.8900 	EXP 	Line4: autoDraw = False
254.8900 	EXP 	Probe: autoDraw = False
254.8900 	EXP 	Fixation: autoDraw = True
255.0244 	EXP 	Device response: <KeyPress from None: t=254.87700797995785, value=x, duration=0.14022774604381993>
255.8802 	EXP 	Fixation: autoDraw = False
255.8802 	EXP 	Line1: autoDraw = True
255.8802 	EXP 	Line2: autoDraw = True
255.8802 	EXP 	Line3: autoDraw = True
255.8802 	EXP 	Line4: autoDraw = True
256.8808 	INFO 	Keyboard events cleared
256.8806 	EXP 	Probe: autoDraw = True
257.2647 	EXP 	Device response: <KeyPress from None: t=257.25788161100354, value=z, duration=None>
257.2651 	EXP 	New trial (rep=3, index=10): <Trial 10 (10 in rep 3) data={'pos': np.int64(-50), 'corr_resp': 'x', 'thisN': 10, 'thisTrialN': 10, 'thisRepN': 3}>
257.2674 	DATA 	Keypress: z
257.2732 	EXP 	Fixation: autoDraw = False
257.2732 	EXP 	Line1: autoDraw = False
257.2732 	EXP 	Line2: autoDraw = False
257.2732 	EXP 	Line3: autoDraw = False
257.2732 	EXP 	Line4: autoDraw = False
257.2732 	EXP 	Probe: autoDraw = False
257.2732 	EXP 	Fixation: autoDraw = True
257.4413 	EXP 	Device response: <KeyPress from None: t=257.25788161100354, value=z, duration=0.18020737898768857>
258.2634 	EXP 	Fixation: autoDraw = False
258.2634 	EXP 	Line1: autoDraw = True
258.2634 	EXP 	Line2: autoDraw = True
258.2634 	EXP 	Line3: autoDraw = True
258.2634 	EXP 	Line4: autoDraw = True
259.2640 	INFO 	Keyboard events cleared
259.2638 	EXP 	Probe: autoDraw = True
259.7412 	EXP 	Device response: <KeyPress from None: t=259.7388144839788, value=x, duration=None>
259.7415 	EXP 	New trial (rep=3, index=11): <Trial 11 (11 in rep 3) data={'pos': np.int64(-150), 'corr_resp': 'z', 'thisN': 11, 'thisTrialN': 11, 'thisRepN': 3}>
259.7438 	DATA 	Keypress: x
259.7500 	EXP 	Fixation: autoDraw = False
259.7500 	EXP 	Line1: autoDraw = False
259.7500 	EXP 	Line2: autoDraw = False
259.7500 	EXP 	Line3: autoDraw = False
259.7500 	EXP 	Line4: autoDraw = False
259.7500 	EXP 	Probe: autoDraw = False
259.7500 	EXP 	Fixation: autoDraw = True
259.8909 	EXP 	Device response: <KeyPress from None: t=259.7388144839788, value=x, duration=0.14419319899752736>
260.7405 	EXP 	Line1: autoDraw = True
260.7405 	EXP 	Line2: autoDraw = True
260.7405 	EXP 	Line3: autoDraw = True
260.7405 	EXP 	Line4: autoDraw = True
260.7471 	EXP 	Fixation: autoDraw = False
261.7405 	INFO 	Keyboard events cleared
261.7404 	EXP 	Probe: autoDraw = True
262.1578 	EXP 	Device response: <KeyPress from None: t=262.15361965599004, value=z, duration=None>
262.1580 	EXP 	New trial (rep=1, index=12): <Trial 12 (12 in rep 1) data={'pos': np.int64(150), 'corr_resp': 'v', 'thisN': 12, 'thisTrialN': 12, 'thisRepN': 1}>
262.1604 	DATA 	Keypress: z
262.1664 	EXP 	Fixation: autoDraw = False
262.1664 	EXP 	Line1: autoDraw = False
262.1664 	EXP 	Line2: autoDraw = False
262.1664 	EXP 	Line3: autoDraw = False
262.1664 	EXP 	Line4: autoDraw = False
262.1664 	EXP 	Probe: autoDraw = False
262.1664 	EXP 	Fixation: autoDraw = True
262.3474 	EXP 	Device response: <KeyPress from None: t=262.15361965599004, value=z, duration=0.19249579397728667>
263.1469 	EXP 	Line1: autoDraw = True
263.1469 	EXP 	Line2: autoDraw = True
263.1469 	EXP 	Line3: autoDraw = True
263.1469 	EXP 	Line4: autoDraw = True
263.1632 	EXP 	Fixation: autoDraw = False
264.1478 	INFO 	Keyboard events cleared
264.1475 	EXP 	Probe: autoDraw = True
264.7144 	EXP 	Device response: <KeyPress from None: t=264.71156523301033, value=v, duration=None>
264.7147 	EXP 	New trial (rep=4, index=13): <Trial 13 (13 in rep 4) data={'pos': np.int64(-50), 'corr_resp': 'x', 'thisN': 13, 'thisTrialN': 13, 'thisRepN': 4}>
264.7171 	DATA 	Keypress: v
264.7230 	EXP 	Fixation: autoDraw = False
264.7230 	EXP 	Line1: autoDraw = False
264.7230 	EXP 	Line2: autoDraw = False
264.7230 	EXP 	Line3: autoDraw = False
264.7230 	EXP 	Line4: autoDraw = False
264.7230 	EXP 	Probe: autoDraw = False
264.7230 	EXP 	Fixation: autoDraw = True
264.8973 	EXP 	Device response: <KeyPress from None: t=264.71156523301033, value=v, duration=0.18427516496740282>
265.7133 	EXP 	Fixation: autoDraw = False
265.7133 	EXP 	Line1: autoDraw = True
265.7133 	EXP 	Line2: autoDraw = True
265.7133 	EXP 	Line3: autoDraw = True
265.7133 	EXP 	Line4: autoDraw = True
266.7146 	INFO 	Keyboard events cleared
266.7144 	EXP 	Probe: autoDraw = True
267.1574 	EXP 	Device response: <KeyPress from None: t=267.15160683897557, value=x, duration=None>
267.1577 	EXP 	New trial (rep=5, index=14): <Trial 14 (14 in rep 5) data={'pos': np.int64(-50), 'corr_resp': 'x', 'thisN': 14, 'thisTrialN': 14, 'thisRepN': 5}>
267.1600 	DATA 	Keypress: x
267.1655 	EXP 	Fixation: autoDraw = False
267.1655 	EXP 	Line1: autoDraw = False
267.1655 	EXP 	Line2: autoDraw = False
267.1655 	EXP 	Line3: autoDraw = False
267.1655 	EXP 	Line4: autoDraw = False
267.1655 	EXP 	Probe: autoDraw = False
267.1655 	EXP 	Fixation: autoDraw = True
267.3140 	EXP 	Device response: <KeyPress from None: t=267.15160683897557, value=x, duration=0.16011944197816774>
268.1468 	EXP 	Line1: autoDraw = True
268.1468 	EXP 	Line2: autoDraw = True
268.1468 	EXP 	Line3: autoDraw = True
268.1468 	EXP 	Line4: autoDraw = True
268.1636 	EXP 	Fixation: autoDraw = False
269.1480 	INFO 	Keyboard events cleared
269.1477 	EXP 	Probe: autoDraw = True
269.5575 	EXP 	Device response: <KeyPress from None: t=269.5475539829931, value=x, duration=None>
269.5578 	EXP 	New trial (rep=4, index=15): <Trial 15 (15 in rep 4) data={'pos': np.int64(-150), 'corr_resp': 'z', 'thisN': 15, 'thisTrialN': 15, 'thisRepN': 4}>
269.5601 	DATA 	Keypress: x
269.5656 	EXP 	Fixation: autoDraw = False
269.5656 	EXP 	Line1: autoDraw = False
269.5656 	EXP 	Line2: autoDraw = False
269.5656 	EXP 	Line3: autoDraw = False
269.5656 	EXP 	Line4: autoDraw = False
269.5656 	EXP 	Probe: autoDraw = False
269.5656 	EXP 	Fixation: autoDraw = True
269.7074 	EXP 	Device response: <KeyPress from None: t=269.5475539829931, value=x, duration=0.15209377999417484>
270.5467 	EXP 	Line1: autoDraw = True
270.5467 	EXP 	Line2: autoDraw = True
270.5467 	EXP 	Line3: autoDraw = True
270.5467 	EXP 	Line4: autoDraw = True
270.5631 	EXP 	Fixation: autoDraw = False
271.5479 	INFO 	Keyboard events cleared
271.5477 	EXP 	Probe: autoDraw = True
271.9818 	EXP 	Device response: <KeyPress from None: t=271.9792166670086, value=z, duration=None>
271.9821 	EXP 	New trial (rep=6, index=16): <Trial 16 (16 in rep 6) data={'pos': np.int64(-50), 'corr_resp': 'x', 'thisN': 16, 'thisTrialN': 16, 'thisRepN': 6}>
271.9899 	EXP 	Fixation: autoDraw = False
271.9899 	EXP 	Line1: autoDraw = False
271.9899 	EXP 	Line2: autoDraw = False
271.9899 	EXP 	Line3: autoDraw = False
271.9899 	EXP 	Line4: autoDraw = False
271.9899 	EXP 	Probe: autoDraw = False
271.9899 	EXP 	Fixation: autoDraw = True
271.9925 	DATA 	Keypress: z
272.1579 	EXP 	Device response: <KeyPress from None: t=271.9792166670086, value=z, duration=0.17626370396465063>
272.9804 	EXP 	Fixation: autoDraw = False
272.9804 	EXP 	Line1: autoDraw = True
272.9804 	EXP 	Line2: autoDraw = True
272.9804 	EXP 	Line3: autoDraw = True
272.9804 	EXP 	Line4: autoDraw = True
273.9809 	INFO 	Keyboard events cleared
273.9807 	EXP 	Probe: autoDraw = True
274.3075 	EXP 	Device response: <KeyPress from None: t=274.3001494469936, value=x, duration=None>
274.3077 	EXP 	New trial (rep=5, index=17): <Trial 17 (17 in rep 5) data={'pos': np.int64(-150), 'corr_resp': 'z', 'thisN': 17, 'thisTrialN': 17, 'thisRepN': 5}>
274.3101 	DATA 	Keypress: x
274.3155 	EXP 	Fixation: autoDraw = False
274.3155 	EXP 	Line1: autoDraw = False
274.3155 	EXP 	Line2: autoDraw = False
274.3155 	EXP 	Line3: autoDraw = False
274.3155 	EXP 	Line4: autoDraw = False
274.3155 	EXP 	Probe: autoDraw = False
274.3155 	EXP 	Fixation: autoDraw = True
274.4476 	EXP 	Device response: <KeyPress from None: t=274.3001494469936, value=x, duration=0.1401489779818803>
275.2966 	EXP 	Line1: autoDraw = True
275.2966 	EXP 	Line2: autoDraw = True
275.2966 	EXP 	Line3: autoDraw = True
275.2966 	EXP 	Line4: autoDraw = True
275.3132 	EXP 	Fixation: autoDraw = False
276.2977 	INFO 	Keyboard events cleared
276.2975 	EXP 	Probe: autoDraw = True
276.7151 	EXP 	Device response: <KeyPress from None: t=276.71114833600586, value=z, duration=None>
276.7154 	EXP 	New trial (rep=3, index=18): <Trial 18 (18 in rep 3) data={'pos': np.int64(50), 'corr_resp': 'c', 'thisN': 18, 'thisTrialN': 18, 'thisRepN': 3}>
276.7177 	DATA 	Keypress: z
276.7236 	EXP 	Fixation: autoDraw = False
276.7236 	EXP 	Line1: autoDraw = False
276.7236 	EXP 	Line2: autoDraw = False
276.7236 	EXP 	Line3: autoDraw = False
276.7236 	EXP 	Line4: autoDraw = False
276.7236 	EXP 	Probe: autoDraw = False
276.7236 	EXP 	Fixation: autoDraw = True
276.8575 	EXP 	Device response: <KeyPress from None: t=276.71114833600586, value=z, duration=0.14037674898281693>
277.7131 	EXP 	Fixation: autoDraw = False
277.7131 	EXP 	Line1: autoDraw = True
277.7131 	EXP 	Line2: autoDraw = True
277.7131 	EXP 	Line3: autoDraw = True
277.7131 	EXP 	Line4: autoDraw = True
278.7145 	INFO 	Keyboard events cleared
278.7143 	EXP 	Probe: autoDraw = True
279.1644 	EXP 	Device response: <KeyPress from None: t=279.1569177519996, value=c, duration=None>
279.1647 	EXP 	New trial (rep=6, index=19): <Trial 19 (19 in rep 6) data={'pos': np.int64(-150), 'corr_resp': 'z', 'thisN': 19, 'thisTrialN': 19, 'thisRepN': 6}>
279.1670 	DATA 	Keypress: c
279.1730 	EXP 	Fixation: autoDraw = False
279.1730 	EXP 	Line1: autoDraw = False
279.1730 	EXP 	Line2: autoDraw = False
279.1730 	EXP 	Line3: autoDraw = False
279.1730 	EXP 	Line4: autoDraw = False
279.1730 	EXP 	Probe: autoDraw = False
279.1730 	EXP 	Fixation: autoDraw = True
279.3476 	EXP 	Device response: <KeyPress from None: t=279.1569177519996, value=c, duration=0.18431717698695138>
280.1635 	EXP 	Fixation: autoDraw = False
280.1635 	EXP 	Line1: autoDraw = True
280.1635 	EXP 	Line2: autoDraw = True
280.1635 	EXP 	Line3: autoDraw = True
280.1635 	EXP 	Line4: autoDraw = True
281.1637 	INFO 	Keyboard events cleared
281.1635 	EXP 	Probe: autoDraw = True
281.7574 	EXP 	Device response: <KeyPress from None: t=281.7498402859783, value=z, duration=None>
281.7577 	EXP 	New trial (rep=2, index=20): <Trial 20 (20 in rep 2) data={'pos': np.int64(150), 'corr_resp': 'v', 'thisN': 20, 'thisTrialN': 20, 'thisRepN': 2}>
281.7600 	DATA 	Keypress: z
281.7655 	EXP 	Fixation: autoDraw = False
281.7655 	EXP 	Line1: autoDraw = False
281.7655 	EXP 	Line2: autoDraw = False
281.7655 	EXP 	Line3: autoDraw = False
281.7655 	EXP 	Line4: autoDraw = False
281.7655 	EXP 	Probe: autoDraw = False
281.7655 	EXP 	Fixation: autoDraw = True
281.9572 	EXP 	Device response: <KeyPress from None: t=281.7498402859783, value=z, duration=0.20039085898315534>
282.7466 	EXP 	Line1: autoDraw = True
282.7466 	EXP 	Line2: autoDraw = True
282.7466 	EXP 	Line3: autoDraw = True
282.7466 	EXP 	Line4: autoDraw = True
282.7629 	EXP 	Fixation: autoDraw = False
283.7475 	INFO 	Keyboard events cleared
283.7473 	EXP 	Probe: autoDraw = True
284.2481 	EXP 	Device response: <KeyPress from None: t=284.2466717599891, value=v, duration=None>
284.2484 	EXP 	New trial (rep=4, index=21): <Trial 21 (21 in rep 4) data={'pos': np.int64(50), 'corr_resp': 'c', 'thisN': 21, 'thisTrialN': 21, 'thisRepN': 4}>
284.2565 	EXP 	Fixation: autoDraw = False
284.2565 	EXP 	Line1: autoDraw = False
284.2565 	EXP 	Line2: autoDraw = False
284.2565 	EXP 	Line3: autoDraw = False
284.2565 	EXP 	Line4: autoDraw = False
284.2565 	EXP 	Probe: autoDraw = False
284.2565 	EXP 	Fixation: autoDraw = True
284.2588 	DATA 	Keypress: v
284.4405 	EXP 	Device response: <KeyPress from None: t=284.2466717599891, value=v, duration=0.18845392897492275>
285.2474 	EXP 	Fixation: autoDraw = False
285.2474 	EXP 	Line1: autoDraw = True
285.2474 	EXP 	Line2: autoDraw = True
285.2474 	EXP 	Line3: autoDraw = True
285.2474 	EXP 	Line4: autoDraw = True
286.2471 	INFO 	Keyboard events cleared
286.2469 	EXP 	Probe: autoDraw = True
286.6242 	EXP 	Device response: <KeyPress from None: t=286.6215992749785, value=c, duration=None>
286.6245 	EXP 	New trial (rep=7, index=22): <Trial 22 (22 in rep 7) data={'pos': np.int64(-150), 'corr_resp': 'z', 'thisN': 22, 'thisTrialN': 22, 'thisRepN': 7}>
286.6270 	DATA 	Keypress: c
286.6326 	EXP 	Fixation: autoDraw = False
286.6326 	EXP 	Line1: autoDraw = False
286.6326 	EXP 	Line2: autoDraw = False
286.6326 	EXP 	Line3: autoDraw = False
286.6326 	EXP 	Line4: autoDraw = False
286.6326 	EXP 	Probe: autoDraw = False
286.6326 	EXP 	Fixation: autoDraw = True
286.7909 	EXP 	Device response: <KeyPress from None: t=286.6215992749785, value=c, duration=0.16424766601994634>
287.6234 	EXP 	Line1: autoDraw = True
287.6234 	EXP 	Line2: autoDraw = True
287.6234 	EXP 	Line3: autoDraw = True
287.6234 	EXP 	Line4: autoDraw = True
287.6297 	EXP 	Fixation: autoDraw = False
288.6236 	INFO 	Keyboard events cleared
288.6234 	EXP 	Probe: autoDraw = True
289.0809 	EXP 	Device response: <KeyPress from None: t=289.07946650200756, value=z, duration=None>
289.0812 	EXP 	New trial (rep=8, index=23): <Trial 23 (23 in rep 8) data={'pos': np.int64(-150), 'corr_resp': 'z', 'thisN': 23, 'thisTrialN': 23, 'thisRepN': 8}>
289.0899 	EXP 	Fixation: autoDraw = False
289.0899 	EXP 	Line1: autoDraw = False
289.0899 	EXP 	Line2: autoDraw = False
289.0899 	EXP 	Line3: autoDraw = False
289.0899 	EXP 	Line4: autoDraw = False
289.0899 	EXP 	Probe: autoDraw = False
289.0899 	EXP 	Fixation: autoDraw = True
289.0922 	DATA 	Keypress: z
289.2410 	EXP 	Device response: <KeyPress from None: t=289.07946650200756, value=z, duration=0.16035291296429932>
290.0802 	EXP 	Fixation: autoDraw = False
290.0802 	EXP 	Line1: autoDraw = True
290.0802 	EXP 	Line2: autoDraw = True
290.0802 	EXP 	Line3: autoDraw = True
290.0802 	EXP 	Line4: autoDraw = True
291.0804 	INFO 	Keyboard events cleared
291.0802 	EXP 	Probe: autoDraw = True
291.4140 	EXP 	Device response: <KeyPress from None: t=291.41052988596493, value=z, duration=None>
291.4143 	EXP 	New trial (rep=3, index=24): <Trial 24 (24 in rep 3) data={'pos': np.int64(150), 'corr_resp': 'v', 'thisN': 24, 'thisTrialN': 24, 'thisRepN': 3}>
291.4166 	DATA 	Keypress: z
291.4225 	EXP 	Fixation: autoDraw = False
291.4225 	EXP 	Line1: autoDraw = False
291.4225 	EXP 	Line2: autoDraw = False
291.4225 	EXP 	Line3: autoDraw = False
291.4225 	EXP 	Line4: autoDraw = False
291.4225 	EXP 	Probe: autoDraw = False
291.4225 	EXP 	Fixation: autoDraw = True
291.5575 	EXP 	Device response: <KeyPress from None: t=291.41052988596493, value=z, duration=0.13616360200103372>
292.4129 	EXP 	Fixation: autoDraw = False
292.4129 	EXP 	Line1: autoDraw = True
292.4129 	EXP 	Line2: autoDraw = True
292.4129 	EXP 	Line3: autoDraw = True
292.4129 	EXP 	Line4: autoDraw = True
293.4139 	INFO 	Keyboard events cleared
293.4137 	EXP 	Probe: autoDraw = True
293.8648 	EXP 	Device response: <KeyPress from None: t=293.86028390401043, value=v, duration=None>
293.8651 	EXP 	New trial (rep=9, index=25): <Trial 25 (25 in rep 9) data={'pos': np.int64(-150), 'corr_resp': 'z', 'thisN': 25, 'thisTrialN': 25, 'thisRepN': 9}>
293.8674 	DATA 	Keypress: v
293.8733 	EXP 	Fixation: autoDraw = False
293.8733 	EXP 	Line1: autoDraw = False
293.8733 	EXP 	Line2: autoDraw = False
293.8733 	EXP 	Line3: autoDraw = False
293.8733 	EXP 	Line4: autoDraw = False
293.8733 	EXP 	Probe: autoDraw = False
293.8733 	EXP 	Fixation: autoDraw = True
294.1134 	EXP 	Device response: <KeyPress from None: t=293.86028390401043, value=v, duration=0.2483176440000534>
294.8636 	EXP 	Fixation: autoDraw = False
294.8636 	EXP 	Line1: autoDraw = True
294.8636 	EXP 	Line2: autoDraw = True
294.8636 	EXP 	Line3: autoDraw = True
294.8636 	EXP 	Line4: autoDraw = True
295.8635 	INFO 	Keyboard events cleared
295.8633 	EXP 	Probe: autoDraw = True
296.1481 	EXP 	Device response: <KeyPress from None: t=296.14320345199667, value=z, duration=None>
296.1484 	EXP 	New trial (rep=5, index=26): <Trial 26 (26 in rep 5) data={'pos': np.int64(50), 'corr_resp': 'c', 'thisN': 26, 'thisTrialN': 26, 'thisRepN': 5}>
296.1508 	DATA 	Keypress: z
296.1567 	EXP 	Fixation: autoDraw = False
296.1567 	EXP 	Line1: autoDraw = False
296.1567 	EXP 	Line2: autoDraw = False
296.1567 	EXP 	Line3: autoDraw = False
296.1567 	EXP 	Line4: autoDraw = False
296.1567 	EXP 	Probe: autoDraw = False
296.1567 	EXP 	Fixation: autoDraw = True
296.3304 	EXP 	Device response: <KeyPress from None: t=296.14320345199667, value=z, duration=0.1802037520101294>
297.1466 	EXP 	Fixation: autoDraw = False
297.1466 	EXP 	Line1: autoDraw = True
297.1466 	EXP 	Line2: autoDraw = True
297.1466 	EXP 	Line3: autoDraw = True
297.1466 	EXP 	Line4: autoDraw = True
298.1472 	INFO 	Keyboard events cleared
298.1470 	EXP 	Probe: autoDraw = True
298.5570 	EXP 	Device response: <KeyPress from None: t=298.54710242099827, value=v, duration=None>
298.5573 	EXP 	New trial (rep=4, index=27): <Trial 27 (27 in rep 4) data={'pos': np.int64(150), 'corr_resp': 'v', 'thisN': 27, 'thisTrialN': 27, 'thisRepN': 4}>
298.5596 	DATA 	Keypress: v
298.5650 	EXP 	Fixation: autoDraw = False
298.5650 	EXP 	Line1: autoDraw = False
298.5650 	EXP 	Line2: autoDraw = False
298.5650 	EXP 	Line3: autoDraw = False
298.5650 	EXP 	Line4: autoDraw = False
298.5650 	EXP 	Probe: autoDraw = False
298.5650 	EXP 	Fixation: autoDraw = True
298.7402 	EXP 	Device response: <KeyPress from None: t=298.54710242099827, value=v, duration=0.1842619779636152>
299.5468 	EXP 	Line1: autoDraw = True
299.5468 	EXP 	Line2: autoDraw = True
299.5468 	EXP 	Line3: autoDraw = True
299.5468 	EXP 	Line4: autoDraw = True
299.5627 	EXP 	Fixation: autoDraw = False
300.5468 	INFO 	Keyboard events cleared
300.5465 	EXP 	Probe: autoDraw = True
300.9147 	EXP 	Device response: <KeyPress from None: t=300.9119728219812, value=v, duration=None>
300.9150 	EXP 	New trial (rep=6, index=28): <Trial 28 (28 in rep 6) data={'pos': np.int64(50), 'corr_resp': 'c', 'thisN': 28, 'thisTrialN': 28, 'thisRepN': 6}>
300.9229 	EXP 	Fixation: autoDraw = False
300.9229 	EXP 	Line1: autoDraw = False
300.9229 	EXP 	Line2: autoDraw = False
300.9229 	EXP 	Line3: autoDraw = False
300.9229 	EXP 	Line4: autoDraw = False
300.9229 	EXP 	Probe: autoDraw = False
300.9229 	EXP 	Fixation: autoDraw = True
300.9257 	DATA 	Keypress: v
301.0909 	EXP 	Device response: <KeyPress from None: t=300.9119728219812, value=v, duration=0.17620525398524478>
301.9129 	EXP 	Fixation: autoDraw = False
301.9129 	EXP 	Line1: autoDraw = True
301.9129 	EXP 	Line2: autoDraw = True
301.9129 	EXP 	Line3: autoDraw = True
301.9129 	EXP 	Line4: autoDraw = True
302.9139 	INFO 	Keyboard events cleared
302.9137 	EXP 	Probe: autoDraw = True
303.4237 	EXP 	Device response: <KeyPress from None: t=303.4129059689585, value=c, duration=None>
303.4240 	EXP 	New trial (rep=10, index=29): <Trial 29 (29 in rep 10) data={'pos': np.int64(-150), 'corr_resp': 'z', 'thisN': 29, 'thisTrialN': 29, 'thisRepN': 10}>
303.4266 	DATA 	Keypress: c
303.4328 	EXP 	Fixation: autoDraw = False
303.4328 	EXP 	Line1: autoDraw = False
303.4328 	EXP 	Line2: autoDraw = False
303.4328 	EXP 	Line3: autoDraw = False
303.4328 	EXP 	Line4: autoDraw = False
303.4328 	EXP 	Probe: autoDraw = False
303.4328 	EXP 	Fixation: autoDraw = True
303.5909 	EXP 	Device response: <KeyPress from None: t=303.4129059689585, value=c, duration=0.1762636350467801>
304.4133 	EXP 	Line1: autoDraw = True
304.4133 	EXP 	Line2: autoDraw = True
304.4133 	EXP 	Line3: autoDraw = True
304.4133 	EXP 	Line4: autoDraw = True
304.4293 	EXP 	Fixation: autoDraw = False
305.4135 	INFO 	Keyboard events cleared
305.4133 	EXP 	Probe: autoDraw = True
305.7640 	EXP 	Device response: <KeyPress from None: t=305.75676094798837, value=z, duration=None>
305.7643 	EXP 	New trial (rep=5, index=30): <Trial 30 (30 in rep 5) data={'pos': np.int64(150), 'corr_resp': 'v', 'thisN': 30, 'thisTrialN': 30, 'thisRepN': 5}>
305.7666 	DATA 	Keypress: z
305.7723 	EXP 	Fixation: autoDraw = False
305.7723 	EXP 	Line1: autoDraw = False
305.7723 	EXP 	Line2: autoDraw = False
305.7723 	EXP 	Line3: autoDraw = False
305.7723 	EXP 	Line4: autoDraw = False
305.7723 	EXP 	Probe: autoDraw = False
305.7723 	EXP 	Fixation: autoDraw = True
305.9236 	EXP 	Device response: <KeyPress from None: t=305.75676094798837, value=z, duration=0.1602475739782676>
306.7626 	EXP 	Fixation: autoDraw = False
306.7626 	EXP 	Line1: autoDraw = True
306.7626 	EXP 	Line2: autoDraw = True
306.7626 	EXP 	Line3: autoDraw = True
306.7626 	EXP 	Line4: autoDraw = True
307.7634 	INFO 	Keyboard events cleared
307.7631 	EXP 	Probe: autoDraw = True
308.1738 	EXP 	Device response: <KeyPress from None: t=308.16876535199117, value=v, duration=None>
308.1741 	EXP 	New trial (rep=11, index=31): <Trial 31 (31 in rep 11) data={'pos': np.int64(-150), 'corr_resp': 'z', 'thisN': 31, 'thisTrialN': 31, 'thisRepN': 11}>
308.1763 	DATA 	Keypress: v
308.1818 	EXP 	Fixation: autoDraw = False
308.1818 	EXP 	Line1: autoDraw = False
308.1818 	EXP 	Line2: autoDraw = False
308.1818 	EXP 	Line3: autoDraw = False
308.1818 	EXP 	Line4: autoDraw = False
308.1818 	EXP 	Probe: autoDraw = False
308.1818 	EXP 	Fixation: autoDraw = True
308.3406 	EXP 	Device response: <KeyPress from None: t=308.16876535199117, value=v, duration=0.16804151801625267>
309.1637 	EXP 	Line1: autoDraw = True
309.1637 	EXP 	Line2: autoDraw = True
309.1637 	EXP 	Line3: autoDraw = True
309.1637 	EXP 	Line4: autoDraw = True
309.1797 	EXP 	Fixation: autoDraw = False
310.1638 	INFO 	Keyboard events cleared
310.1636 	EXP 	Probe: autoDraw = True
310.5975 	EXP 	Device response: <KeyPress from None: t=310.5955569919897, value=z, duration=None>
310.5978 	EXP 	New trial (rep=7, index=32): <Trial 32 (32 in rep 7) data={'pos': np.int64(-50), 'corr_resp': 'x', 'thisN': 32, 'thisTrialN': 32, 'thisRepN': 7}>
310.6061 	EXP 	Fixation: autoDraw = False
310.6061 	EXP 	Line1: autoDraw = False
310.6061 	EXP 	Line2: autoDraw = False
310.6061 	EXP 	Line3: autoDraw = False
310.6061 	EXP 	Line4: autoDraw = False
310.6061 	EXP 	Probe: autoDraw = False
310.6061 	EXP 	Fixation: autoDraw = True
310.6084 	DATA 	Keypress: z
310.7635 	EXP 	Device response: <KeyPress from None: t=310.5955569919897, value=z, duration=0.164512860996183>
311.5967 	EXP 	Fixation: autoDraw = False
311.5967 	EXP 	Line1: autoDraw = True
311.5967 	EXP 	Line2: autoDraw = True
311.5967 	EXP 	Line3: autoDraw = True
311.5967 	EXP 	Line4: autoDraw = True
312.5972 	INFO 	Keyboard events cleared
312.5969 	EXP 	Probe: autoDraw = True
313.0307 	EXP 	Device response: <KeyPress from None: t=313.0254995619762, value=x, duration=None>
313.0310 	EXP 	New trial (rep=12, index=33): <Trial 33 (33 in rep 12) data={'pos': np.int64(-150), 'corr_resp': 'z', 'thisN': 33, 'thisTrialN': 33, 'thisRepN': 12}>
313.0334 	DATA 	Keypress: x
313.0392 	EXP 	Fixation: autoDraw = False
313.0392 	EXP 	Line1: autoDraw = False
313.0392 	EXP 	Line2: autoDraw = False
313.0392 	EXP 	Line3: autoDraw = False
313.0392 	EXP 	Line4: autoDraw = False
313.0392 	EXP 	Probe: autoDraw = False
313.0392 	EXP 	Fixation: autoDraw = True
313.1972 	EXP 	Device response: <KeyPress from None: t=313.0254995619762, value=x, duration=0.16828832600731403>
314.0294 	EXP 	Fixation: autoDraw = False
314.0294 	EXP 	Line1: autoDraw = True
314.0294 	EXP 	Line2: autoDraw = True
314.0294 	EXP 	Line3: autoDraw = True
314.0294 	EXP 	Line4: autoDraw = True
315.0306 	INFO 	Keyboard events cleared
315.0304 	EXP 	Probe: autoDraw = True
315.5068 	EXP 	Device response: <KeyPress from None: t=315.5003653150052, value=z, duration=None>
315.5071 	EXP 	New trial (rep=7, index=34): <Trial 34 (34 in rep 7) data={'pos': np.int64(50), 'corr_resp': 'c', 'thisN': 34, 'thisTrialN': 34, 'thisRepN': 7}>
315.5094 	DATA 	Keypress: z
315.5148 	EXP 	Fixation: autoDraw = False
315.5148 	EXP 	Line1: autoDraw = False
315.5148 	EXP 	Line2: autoDraw = False
315.5148 	EXP 	Line3: autoDraw = False
315.5148 	EXP 	Line4: autoDraw = False
315.5148 	EXP 	Probe: autoDraw = False
315.5148 	EXP 	Fixation: autoDraw = True
315.6570 	EXP 	Device response: <KeyPress from None: t=315.5003653150052, value=z, duration=0.14825487596681342>
316.4967 	EXP 	Line1: autoDraw = True
316.4967 	EXP 	Line2: autoDraw = True
316.4967 	EXP 	Line3: autoDraw = True
316.4967 	EXP 	Line4: autoDraw = True
316.5124 	EXP 	Fixation: autoDraw = False
317.4964 	INFO 	Keyboard events cleared
317.4962 	EXP 	Probe: autoDraw = True
318.0072 	EXP 	Device response: <KeyPress from None: t=318.00229882996064, value=c, duration=None>
318.0075 	EXP 	New trial (rep=8, index=35): <Trial 35 (35 in rep 8) data={'pos': np.int64(50), 'corr_resp': 'c', 'thisN': 35, 'thisTrialN': 35, 'thisRepN': 8}>
318.0098 	DATA 	Keypress: c
318.0153 	EXP 	Fixation: autoDraw = False
318.0153 	EXP 	Line1: autoDraw = False
318.0153 	EXP 	Line2: autoDraw = False
318.0153 	EXP 	Line3: autoDraw = False
318.0153 	EXP 	Line4: autoDraw = False
318.0153 	EXP 	Probe: autoDraw = False
318.0153 	EXP 	Fixation: autoDraw = True
318.1736 	EXP 	Device response: <KeyPress from None: t=318.00229882996064, value=c, duration=0.16031778999604285>
319.0063 	EXP 	Line1: autoDraw = True
319.0063 	EXP 	Line2: autoDraw = True
319.0063 	EXP 	Line3: autoDraw = True
319.0063 	EXP 	Line4: autoDraw = True
319.0129 	EXP 	Fixation: autoDraw = False
320.0064 	INFO 	Keyboard events cleared
320.0062 	EXP 	Probe: autoDraw = True
320.4235 	EXP 	Device response: <KeyPress from None: t=320.41627649997827, value=c, duration=None>
320.4238 	EXP 	New trial (rep=13, index=36): <Trial 36 (36 in rep 13) data={'pos': np.int64(-150), 'corr_resp': 'z', 'thisN': 36, 'thisTrialN': 36, 'thisRepN': 13}>
320.4261 	DATA 	Keypress: c
320.4315 	EXP 	Fixation: autoDraw = False
320.4315 	EXP 	Line1: autoDraw = False
320.4315 	EXP 	Line2: autoDraw = False
320.4315 	EXP 	Line3: autoDraw = False
320.4315 	EXP 	Line4: autoDraw = False
320.4315 	EXP 	Probe: autoDraw = False
320.4315 	EXP 	Fixation: autoDraw = True
320.5629 	EXP 	Device response: <KeyPress from None: t=320.41627649997827, value=c, duration=0.14429534698138013>
321.4127 	EXP 	Line1: autoDraw = True
321.4127 	EXP 	Line2: autoDraw = True
321.4127 	EXP 	Line3: autoDraw = True
321.4127 	EXP 	Line4: autoDraw = True
321.4296 	EXP 	Fixation: autoDraw = False
322.4137 	INFO 	Keyboard events cleared
322.4135 	EXP 	Probe: autoDraw = True
322.7800 	EXP 	Device response: <KeyPress from None: t=322.77703481097706, value=z, duration=None>
322.7804 	EXP 	New trial (rep=9, index=37): <Trial 37 (37 in rep 9) data={'pos': np.int64(50), 'corr_resp': 'c', 'thisN': 37, 'thisTrialN': 37, 'thisRepN': 9}>
322.7827 	DATA 	Keypress: z
322.7886 	EXP 	Fixation: autoDraw = False
322.7886 	EXP 	Line1: autoDraw = False
322.7886 	EXP 	Line2: autoDraw = False
322.7886 	EXP 	Line3: autoDraw = False
322.7886 	EXP 	Line4: autoDraw = False
322.7886 	EXP 	Probe: autoDraw = False
322.7886 	EXP 	Fixation: autoDraw = True
322.9472 	EXP 	Device response: <KeyPress from None: t=322.77703481097706, value=z, duration=0.16442714701406658>
323.7796 	EXP 	Fixation: autoDraw = False
323.7796 	EXP 	Line1: autoDraw = True
323.7796 	EXP 	Line2: autoDraw = True
323.7796 	EXP 	Line3: autoDraw = True
323.7796 	EXP 	Line4: autoDraw = True
324.7798 	INFO 	Keyboard events cleared
324.7795 	EXP 	Probe: autoDraw = True
325.1901 	EXP 	Device response: <KeyPress from None: t=325.1819948859629, value=c, duration=None>
325.1903 	EXP 	New trial (rep=8, index=38): <Trial 38 (38 in rep 8) data={'pos': np.int64(-50), 'corr_resp': 'x', 'thisN': 38, 'thisTrialN': 38, 'thisRepN': 8}>
325.1927 	DATA 	Keypress: c
325.1982 	EXP 	Fixation: autoDraw = False
325.1982 	EXP 	Line1: autoDraw = False
325.1982 	EXP 	Line2: autoDraw = False
325.1982 	EXP 	Line3: autoDraw = False
325.1982 	EXP 	Line4: autoDraw = False
325.1982 	EXP 	Probe: autoDraw = False
325.1982 	EXP 	Fixation: autoDraw = True
325.3405 	EXP 	Device response: <KeyPress from None: t=325.1819948859629, value=c, duration=0.15611372503917664>
326.1792 	EXP 	Line1: autoDraw = True
326.1792 	EXP 	Line2: autoDraw = True
326.1792 	EXP 	Line3: autoDraw = True
326.1792 	EXP 	Line4: autoDraw = True
326.1961 	EXP 	Fixation: autoDraw = False
327.1799 	INFO 	Keyboard events cleared
327.1797 	EXP 	Probe: autoDraw = True
327.5472 	EXP 	Device response: <KeyPress from None: t=327.54179461096646, value=x, duration=None>
327.5475 	EXP 	New trial (rep=6, index=39): <Trial 39 (39 in rep 6) data={'pos': np.int64(150), 'corr_resp': 'v', 'thisN': 39, 'thisTrialN': 39, 'thisRepN': 6}>
327.5498 	DATA 	Keypress: x
327.5556 	EXP 	Fixation: autoDraw = False
327.5556 	EXP 	Line1: autoDraw = False
327.5556 	EXP 	Line2: autoDraw = False
327.5556 	EXP 	Line3: autoDraw = False
327.5556 	EXP 	Line4: autoDraw = False
327.5556 	EXP 	Probe: autoDraw = False
327.5556 	EXP 	Fixation: autoDraw = True
327.6904 	EXP 	Device response: <KeyPress from None: t=327.54179461096646, value=x, duration=0.14419925003312528>
328.5457 	EXP 	Fixation: autoDraw = False
328.5457 	EXP 	Line1: autoDraw = True
328.5457 	EXP 	Line2: autoDraw = True
328.5457 	EXP 	Line3: autoDraw = True
328.5457 	EXP 	Line4: autoDraw = True
329.5468 	INFO 	Keyboard events cleared
329.5466 	EXP 	Probe: autoDraw = True
329.8905 	EXP 	Device response: <KeyPress from None: t=329.8856533909566, value=v, duration=None>
329.8907 	EXP 	New trial (rep=7, index=40): <Trial 40 (40 in rep 7) data={'pos': np.int64(150), 'corr_resp': 'v', 'thisN': 40, 'thisTrialN': 40, 'thisRepN': 7}>
329.8931 	DATA 	Keypress: v
329.8985 	EXP 	Fixation: autoDraw = False
329.8985 	EXP 	Line1: autoDraw = False
329.8985 	EXP 	Line2: autoDraw = False
329.8985 	EXP 	Line3: autoDraw = False
329.8985 	EXP 	Line4: autoDraw = False
329.8985 	EXP 	Probe: autoDraw = False
329.8985 	EXP 	Fixation: autoDraw = True
330.0733 	EXP 	Device response: <KeyPress from None: t=329.8856533909566, value=v, duration=0.17638283100677654>
330.8894 	EXP 	Line1: autoDraw = True
330.8894 	EXP 	Line2: autoDraw = True
330.8894 	EXP 	Line3: autoDraw = True
330.8894 	EXP 	Line4: autoDraw = True
330.8961 	EXP 	Fixation: autoDraw = False
331.8897 	INFO 	Keyboard events cleared
331.8895 	EXP 	Probe: autoDraw = True
332.2899 	EXP 	Device response: <KeyPress from None: t=332.2806667009718, value=v, duration=None>
332.2902 	EXP 	New trial (rep=10, index=41): <Trial 41 (41 in rep 10) data={'pos': np.int64(50), 'corr_resp': 'c', 'thisN': 41, 'thisTrialN': 41, 'thisRepN': 10}>
332.2925 	DATA 	Keypress: v
332.2981 	EXP 	Fixation: autoDraw = False
332.2981 	EXP 	Line1: autoDraw = False
332.2981 	EXP 	Line2: autoDraw = False
332.2981 	EXP 	Line3: autoDraw = False
332.2981 	EXP 	Line4: autoDraw = False
332.2981 	EXP 	Probe: autoDraw = False
332.2981 	EXP 	Fixation: autoDraw = True
332.4638 	EXP 	Device response: <KeyPress from None: t=332.2806667009718, value=v, duration=0.17626477498561144>
333.2790 	EXP 	Line1: autoDraw = True
333.2790 	EXP 	Line2: autoDraw = True
333.2790 	EXP 	Line3: autoDraw = True
333.2790 	EXP 	Line4: autoDraw = True
333.2957 	EXP 	Fixation: autoDraw = False
334.2797 	INFO 	Keyboard events cleared
334.2795 	EXP 	Probe: autoDraw = True
334.8970 	EXP 	Device response: <KeyPress from None: t=334.8936247570091, value=c, duration=None>
334.8973 	EXP 	New trial (rep=14, index=42): <Trial 42 (42 in rep 14) data={'pos': np.int64(-150), 'corr_resp': 'z', 'thisN': 42, 'thisTrialN': 42, 'thisRepN': 14}>
334.8997 	DATA 	Keypress: c
334.9055 	EXP 	Fixation: autoDraw = False
334.9055 	EXP 	Line1: autoDraw = False
334.9055 	EXP 	Line2: autoDraw = False
334.9055 	EXP 	Line3: autoDraw = False
334.9055 	EXP 	Line4: autoDraw = False
334.9055 	EXP 	Probe: autoDraw = False
334.9055 	EXP 	Fixation: autoDraw = True
335.0400 	EXP 	Device response: <KeyPress from None: t=334.8936247570091, value=c, duration=0.1362017459468916>
335.8958 	EXP 	Fixation: autoDraw = False
335.8958 	EXP 	Line1: autoDraw = True
335.8958 	EXP 	Line2: autoDraw = True
335.8958 	EXP 	Line3: autoDraw = True
335.8958 	EXP 	Line4: autoDraw = True
336.8967 	INFO 	Keyboard events cleared
336.8965 	EXP 	Probe: autoDraw = True
337.2565 	EXP 	Device response: <KeyPress from None: t=337.2474037630018, value=z, duration=None>
337.2568 	EXP 	New trial (rep=11, index=43): <Trial 43 (43 in rep 11) data={'pos': np.int64(50), 'corr_resp': 'c', 'thisN': 43, 'thisTrialN': 43, 'thisRepN': 11}>
337.2591 	DATA 	Keypress: z
337.2645 	EXP 	Fixation: autoDraw = False
337.2645 	EXP 	Line1: autoDraw = False
337.2645 	EXP 	Line2: autoDraw = False
337.2645 	EXP 	Line3: autoDraw = False
337.2645 	EXP 	Line4: autoDraw = False
337.2645 	EXP 	Probe: autoDraw = False
337.2645 	EXP 	Fixation: autoDraw = True
337.4238 	EXP 	Device response: <KeyPress from None: t=337.2474037630018, value=z, duration=0.17236617399612442>
338.2459 	EXP 	Line1: autoDraw = True
338.2459 	EXP 	Line2: autoDraw = True
338.2459 	EXP 	Line3: autoDraw = True
338.2459 	EXP 	Line4: autoDraw = True
338.2623 	EXP 	Fixation: autoDraw = False
339.2466 	INFO 	Keyboard events cleared
339.2464 	EXP 	Probe: autoDraw = True
339.9143 	EXP 	Device response: <KeyPress from None: t=339.90933291299734, value=c, duration=None>
339.9146 	EXP 	New trial (rep=12, index=44): <Trial 44 (44 in rep 12) data={'pos': np.int64(50), 'corr_resp': 'c', 'thisN': 44, 'thisTrialN': 44, 'thisRepN': 12}>
339.9170 	DATA 	Keypress: c
339.9228 	EXP 	Fixation: autoDraw = False
339.9228 	EXP 	Line1: autoDraw = False
339.9228 	EXP 	Line2: autoDraw = False
339.9228 	EXP 	Line3: autoDraw = False
339.9228 	EXP 	Line4: autoDraw = False
339.9228 	EXP 	Probe: autoDraw = False
339.9228 	EXP 	Fixation: autoDraw = True
340.0902 	EXP 	Device response: <KeyPress from None: t=339.90933291299734, value=c, duration=0.17637233098503202>
340.9123 	EXP 	Fixation: autoDraw = False
340.9123 	EXP 	Line1: autoDraw = True
340.9123 	EXP 	Line2: autoDraw = True
340.9123 	EXP 	Line3: autoDraw = True
340.9123 	EXP 	Line4: autoDraw = True
341.9129 	INFO 	Keyboard events cleared
341.9127 	EXP 	Probe: autoDraw = True
342.6235 	EXP 	Device response: <KeyPress from None: t=342.61918254900957, value=c, duration=None>
342.6238 	EXP 	New trial (rep=13, index=45): <Trial 45 (45 in rep 13) data={'pos': np.int64(50), 'corr_resp': 'c', 'thisN': 45, 'thisTrialN': 45, 'thisRepN': 13}>
342.6261 	DATA 	Keypress: c
342.6316 	EXP 	Fixation: autoDraw = False
342.6316 	EXP 	Line1: autoDraw = False
342.6316 	EXP 	Line2: autoDraw = False
342.6316 	EXP 	Line3: autoDraw = False
342.6316 	EXP 	Line4: autoDraw = False
342.6316 	EXP 	Probe: autoDraw = False
342.6316 	EXP 	Fixation: autoDraw = True
342.7966 	EXP 	Device response: <KeyPress from None: t=342.61918254900957, value=c, duration=0.17616770695894957>
343.6224 	EXP 	Line1: autoDraw = True
343.6224 	EXP 	Line2: autoDraw = True
343.6224 	EXP 	Line3: autoDraw = True
343.6224 	EXP 	Line4: autoDraw = True
343.6288 	EXP 	Fixation: autoDraw = False
344.6229 	INFO 	Keyboard events cleared
344.6227 	EXP 	Probe: autoDraw = True
345.0063 	EXP 	Device response: <KeyPress from None: t=344.99910736700986, value=c, duration=None>
345.0066 	EXP 	New trial (rep=14, index=46): <Trial 46 (46 in rep 14) data={'pos': np.int64(50), 'corr_resp': 'c', 'thisN': 46, 'thisTrialN': 46, 'thisRepN': 14}>
345.0089 	DATA 	Keypress: c
345.0144 	EXP 	Fixation: autoDraw = False
345.0144 	EXP 	Line1: autoDraw = False
345.0144 	EXP 	Line2: autoDraw = False
345.0144 	EXP 	Line3: autoDraw = False
345.0144 	EXP 	Line4: autoDraw = False
345.0144 	EXP 	Probe: autoDraw = False
345.0144 	EXP 	Fixation: autoDraw = True
345.1568 	EXP 	Device response: <KeyPress from None: t=344.99910736700986, value=c, duration=0.15641547297127545>
345.9958 	EXP 	Line1: autoDraw = True
345.9958 	EXP 	Line2: autoDraw = True
345.9958 	EXP 	Line3: autoDraw = True
345.9958 	EXP 	Line4: autoDraw = True
346.0125 	EXP 	Fixation: autoDraw = False
346.9969 	INFO 	Keyboard events cleared
346.9966 	EXP 	Probe: autoDraw = True
347.4900 	EXP 	Device response: <KeyPress from None: t=347.4869751340011, value=c, duration=None>
347.4903 	EXP 	New trial (rep=9, index=47): <Trial 47 (47 in rep 9) data={'pos': np.int64(-50), 'corr_resp': 'x', 'thisN': 47, 'thisTrialN': 47, 'thisRepN': 9}>
347.4927 	DATA 	Keypress: c
347.4981 	EXP 	Fixation: autoDraw = False
347.4981 	EXP 	Line1: autoDraw = False
347.4981 	EXP 	Line2: autoDraw = False
347.4981 	EXP 	Line3: autoDraw = False
347.4981 	EXP 	Line4: autoDraw = False
347.4981 	EXP 	Probe: autoDraw = False
347.4981 	EXP 	Fixation: autoDraw = True
347.6298 	EXP 	Device response: <KeyPress from None: t=347.4869751340011, value=c, duration=0.14047696598572657>
348.4892 	EXP 	Line1: autoDraw = True
348.4892 	EXP 	Line2: autoDraw = True
348.4892 	EXP 	Line3: autoDraw = True
348.4892 	EXP 	Line4: autoDraw = True
348.4958 	EXP 	Fixation: autoDraw = False
349.4797 	INFO 	Keyboard events cleared
349.4795 	EXP 	Probe: autoDraw = True
349.8733 	EXP 	Device response: <KeyPress from None: t=349.86988549196394, value=x, duration=None>
349.8736 	EXP 	New trial (rep=15, index=48): <Trial 48 (48 in rep 15) data={'pos': np.int64(-150), 'corr_resp': 'z', 'thisN': 48, 'thisTrialN': 48, 'thisRepN': 15}>
349.8759 	DATA 	Keypress: x
349.8813 	EXP 	Fixation: autoDraw = False
349.8813 	EXP 	Line1: autoDraw = False
349.8813 	EXP 	Line2: autoDraw = False
349.8813 	EXP 	Line3: autoDraw = False
349.8813 	EXP 	Line4: autoDraw = False
349.8813 	EXP 	Probe: autoDraw = False
349.8813 	EXP 	Fixation: autoDraw = True
350.0297 	EXP 	Device response: <KeyPress from None: t=349.86988549196394, value=x, duration=0.15631416800897568>
350.8627 	EXP 	Line1: autoDraw = True
350.8627 	EXP 	Line2: autoDraw = True
350.8627 	EXP 	Line3: autoDraw = True
350.8627 	EXP 	Line4: autoDraw = True
350.8790 	EXP 	Fixation: autoDraw = False
351.8633 	INFO 	Keyboard events cleared
351.8630 	EXP 	Probe: autoDraw = True
352.2898 	EXP 	Device response: <KeyPress from None: t=352.2848132539657, value=z, duration=None>
352.2901 	EXP 	New trial (rep=8, index=49): <Trial 49 (49 in rep 8) data={'pos': np.int64(150), 'corr_resp': 'v', 'thisN': 49, 'thisTrialN': 49, 'thisRepN': 8}>
352.2924 	DATA 	Keypress: z
352.2982 	EXP 	Fixation: autoDraw = False
352.2982 	EXP 	Line1: autoDraw = False
352.2982 	EXP 	Line2: autoDraw = False
352.2982 	EXP 	Line3: autoDraw = False
352.2982 	EXP 	Line4: autoDraw = False
352.2982 	EXP 	Probe: autoDraw = False
352.2982 	EXP 	Fixation: autoDraw = True
352.4463 	EXP 	Device response: <KeyPress from None: t=352.2848132539657, value=z, duration=0.16013864899287>
353.2795 	EXP 	Line1: autoDraw = True
353.2795 	EXP 	Line2: autoDraw = True
353.2795 	EXP 	Line3: autoDraw = True
353.2795 	EXP 	Line4: autoDraw = True
353.2955 	EXP 	Fixation: autoDraw = False
354.2801 	INFO 	Keyboard events cleared
354.2798 	EXP 	Probe: autoDraw = True
354.7305 	EXP 	Device response: <KeyPress from None: t=354.7256825439981, value=v, duration=None>
354.7308 	EXP 	New trial (rep=9, index=50): <Trial 50 (50 in rep 9) data={'pos': np.int64(150), 'corr_resp': 'v', 'thisN': 50, 'thisTrialN': 50, 'thisRepN': 9}>
354.7332 	DATA 	Keypress: v
354.7390 	EXP 	Fixation: autoDraw = False
354.7390 	EXP 	Line1: autoDraw = False
354.7390 	EXP 	Line2: autoDraw = False
354.7390 	EXP 	Line3: autoDraw = False
354.7390 	EXP 	Line4: autoDraw = False
354.7390 	EXP 	Probe: autoDraw = False
354.7390 	EXP 	Fixation: autoDraw = True
354.9061 	EXP 	Device response: <KeyPress from None: t=354.7256825439981, value=v, duration=0.17221990000689402>
355.7288 	EXP 	Fixation: autoDraw = False
355.7288 	EXP 	Line1: autoDraw = True
355.7288 	EXP 	Line2: autoDraw = True
355.7288 	EXP 	Line3: autoDraw = True
355.7288 	EXP 	Line4: autoDraw = True
356.7295 	INFO 	Keyboard events cleared
356.7293 	EXP 	Probe: autoDraw = True
357.1973 	EXP 	Device response: <KeyPress from None: t=357.1936212569708, value=v, duration=None>
357.1977 	EXP 	New trial (rep=15, index=51): <Trial 51 (51 in rep 15) data={'pos': np.int64(50), 'corr_resp': 'c', 'thisN': 51, 'thisTrialN': 51, 'thisRepN': 15}>
357.2000 	DATA 	Keypress: v
357.2059 	EXP 	Fixation: autoDraw = False
357.2059 	EXP 	Line1: autoDraw = False
357.2059 	EXP 	Line2: autoDraw = False
357.2059 	EXP 	Line3: autoDraw = False
357.2059 	EXP 	Line4: autoDraw = False
357.2059 	EXP 	Probe: autoDraw = False
357.2059 	EXP 	Fixation: autoDraw = True
357.3732 	EXP 	Device response: <KeyPress from None: t=357.1936212569708, value=v, duration=0.17628179502207786>
358.1958 	EXP 	Fixation: autoDraw = False
358.1958 	EXP 	Line1: autoDraw = True
358.1958 	EXP 	Line2: autoDraw = True
358.1958 	EXP 	Line3: autoDraw = True
358.1958 	EXP 	Line4: autoDraw = True
359.1958 	INFO 	Keyboard events cleared
359.1956 	EXP 	Probe: autoDraw = True
360.2394 	EXP 	Device response: <KeyPress from None: t=360.2304305519792, value=x, duration=None>
360.2397 	EXP 	New trial (rep=16, index=52): <Trial 52 (52 in rep 16) data={'pos': np.int64(50), 'corr_resp': 'c', 'thisN': 52, 'thisTrialN': 52, 'thisRepN': 16}>
360.2421 	DATA 	Keypress: x
360.2476 	EXP 	Fixation: autoDraw = False
360.2476 	EXP 	Line1: autoDraw = False
360.2476 	EXP 	Line2: autoDraw = False
360.2476 	EXP 	Line3: autoDraw = False
360.2476 	EXP 	Line4: autoDraw = False
360.2476 	EXP 	Probe: autoDraw = False
360.2476 	EXP 	Fixation: autoDraw = True
360.4562 	EXP 	Device response: <KeyPress from None: t=360.2304305519792, value=x, duration=0.21634149202145636>
361.2288 	EXP 	Line1: autoDraw = True
361.2288 	EXP 	Line2: autoDraw = True
361.2288 	EXP 	Line3: autoDraw = True
361.2288 	EXP 	Line4: autoDraw = True
361.2451 	EXP 	Fixation: autoDraw = False
362.2295 	INFO 	Keyboard events cleared
362.2293 	EXP 	Probe: autoDraw = True
362.6399 	EXP 	Device response: <KeyPress from None: t=362.63836146198446, value=c, duration=None>
362.6402 	EXP 	New trial (rep=10, index=53): <Trial 53 (53 in rep 10) data={'pos': np.int64(150), 'corr_resp': 'v', 'thisN': 53, 'thisTrialN': 53, 'thisRepN': 10}>
362.6459 	EXP 	Fixation: autoDraw = False
362.6459 	EXP 	Line1: autoDraw = False
362.6459 	EXP 	Line2: autoDraw = False
362.6459 	EXP 	Line3: autoDraw = False
362.6459 	EXP 	Line4: autoDraw = False
362.6459 	EXP 	Probe: autoDraw = False
362.6459 	EXP 	Fixation: autoDraw = True
362.6487 	DATA 	Keypress: c
362.7896 	EXP 	Device response: <KeyPress from None: t=362.63836146198446, value=c, duration=0.14044205500977114>
363.6390 	EXP 	Fixation: autoDraw = False
363.6390 	EXP 	Line1: autoDraw = True
363.6390 	EXP 	Line2: autoDraw = True
363.6390 	EXP 	Line3: autoDraw = True
363.6390 	EXP 	Line4: autoDraw = True
364.6392 	INFO 	Keyboard events cleared
364.6390 	EXP 	Probe: autoDraw = True
365.1895 	EXP 	Device response: <KeyPress from None: t=365.1842270969646, value=v, duration=None>
365.1897 	EXP 	New trial (rep=16, index=54): <Trial 54 (54 in rep 16) data={'pos': np.int64(-150), 'corr_resp': 'z', 'thisN': 54, 'thisTrialN': 54, 'thisRepN': 16}>
365.1920 	DATA 	Keypress: v
365.1975 	EXP 	Fixation: autoDraw = False
365.1975 	EXP 	Line1: autoDraw = False
365.1975 	EXP 	Line2: autoDraw = False
365.1975 	EXP 	Line3: autoDraw = False
365.1975 	EXP 	Line4: autoDraw = False
365.1975 	EXP 	Probe: autoDraw = False
365.1975 	EXP 	Fixation: autoDraw = True
365.3793 	EXP 	Device response: <KeyPress from None: t=365.1842270969646, value=v, duration=0.18810894701164216>
366.1791 	EXP 	Line1: autoDraw = True
366.1791 	EXP 	Line2: autoDraw = True
366.1791 	EXP 	Line3: autoDraw = True
366.1791 	EXP 	Line4: autoDraw = True
366.1955 	EXP 	Fixation: autoDraw = False
367.1799 	INFO 	Keyboard events cleared
367.1797 	EXP 	Probe: autoDraw = True
367.5466 	EXP 	Device response: <KeyPress from None: t=367.5441756499931, value=z, duration=None>
367.5469 	EXP 	New trial (rep=17, index=55): <Trial 55 (55 in rep 17) data={'pos': np.int64(-150), 'corr_resp': 'z', 'thisN': 55, 'thisTrialN': 55, 'thisRepN': 17}>
367.5554 	EXP 	Fixation: autoDraw = False
367.5554 	EXP 	Line1: autoDraw = False
367.5554 	EXP 	Line2: autoDraw = False
367.5554 	EXP 	Line3: autoDraw = False
367.5554 	EXP 	Line4: autoDraw = False
367.5554 	EXP 	Probe: autoDraw = False
367.5554 	EXP 	Fixation: autoDraw = True
367.5581 	DATA 	Keypress: z
367.6736 	EXP 	Device response: <KeyPress from None: t=367.5441756499931, value=z, duration=0.12810163997346535>
368.5458 	EXP 	Fixation: autoDraw = False
368.5458 	EXP 	Line1: autoDraw = True
368.5458 	EXP 	Line2: autoDraw = True
368.5458 	EXP 	Line3: autoDraw = True
368.5458 	EXP 	Line4: autoDraw = True
369.5471 	INFO 	Keyboard events cleared
369.5469 	EXP 	Probe: autoDraw = True
369.9228 	EXP 	Device response: <KeyPress from None: t=369.91589179396397, value=z, duration=None>
369.9230 	EXP 	New trial (rep=18, index=56): <Trial 56 (56 in rep 18) data={'pos': np.int64(-150), 'corr_resp': 'z', 'thisN': 56, 'thisTrialN': 56, 'thisRepN': 18}>
369.9254 	DATA 	Keypress: z
369.9309 	EXP 	Fixation: autoDraw = False
369.9309 	EXP 	Line1: autoDraw = False
369.9309 	EXP 	Line2: autoDraw = False
369.9309 	EXP 	Line3: autoDraw = False
369.9309 	EXP 	Line4: autoDraw = False
369.9309 	EXP 	Probe: autoDraw = False
369.9309 	EXP 	Fixation: autoDraw = True
370.0629 	EXP 	Device response: <KeyPress from None: t=369.91589179396397, value=z, duration=0.14441612403606996>
370.9125 	EXP 	Line1: autoDraw = True
370.9125 	EXP 	Line2: autoDraw = True
370.9125 	EXP 	Line3: autoDraw = True
370.9125 	EXP 	Line4: autoDraw = True
370.9289 	EXP 	Fixation: autoDraw = False
371.9124 	INFO 	Keyboard events cleared
371.9121 	EXP 	Probe: autoDraw = True
372.7227 	EXP 	Device response: <KeyPress from None: t=372.72075621096883, value=z, duration=None>
372.7229 	EXP 	New trial (rep=17, index=57): <Trial 57 (57 in rep 17) data={'pos': np.int64(50), 'corr_resp': 'c', 'thisN': 57, 'thisTrialN': 57, 'thisRepN': 17}>
372.7289 	EXP 	Fixation: autoDraw = False
372.7289 	EXP 	Line1: autoDraw = False
372.7289 	EXP 	Line2: autoDraw = False
372.7289 	EXP 	Line3: autoDraw = False
372.7289 	EXP 	Line4: autoDraw = False
372.7289 	EXP 	Probe: autoDraw = False
372.7289 	EXP 	Fixation: autoDraw = True
372.7315 	DATA 	Keypress: z
372.8735 	EXP 	Device response: <KeyPress from None: t=372.72075621096883, value=z, duration=0.1484474550234154>
373.7137 	EXP 	Line1: autoDraw = True
373.7137 	EXP 	Line2: autoDraw = True
373.7137 	EXP 	Line3: autoDraw = True
373.7137 	EXP 	Line4: autoDraw = True
373.7223 	EXP 	Fixation: autoDraw = False
374.7124 	INFO 	Keyboard events cleared
374.7122 	EXP 	Probe: autoDraw = True
375.1965 	EXP 	Device response: <KeyPress from None: t=375.1896227480029, value=c, duration=None>
375.1968 	EXP 	New trial (rep=18, index=58): <Trial 58 (58 in rep 18) data={'pos': np.int64(50), 'corr_resp': 'c', 'thisN': 58, 'thisTrialN': 58, 'thisRepN': 18}>
375.1993 	DATA 	Keypress: c
375.2051 	EXP 	Fixation: autoDraw = False
375.2051 	EXP 	Line1: autoDraw = False
375.2051 	EXP 	Line2: autoDraw = False
375.2051 	EXP 	Line3: autoDraw = False
375.2051 	EXP 	Line4: autoDraw = False
375.2051 	EXP 	Probe: autoDraw = False
375.2051 	EXP 	Fixation: autoDraw = True
375.3562 	EXP 	Device response: <KeyPress from None: t=375.1896227480029, value=c, duration=0.1563007149961777>
376.1956 	EXP 	Fixation: autoDraw = False
376.1956 	EXP 	Line1: autoDraw = True
376.1956 	EXP 	Line2: autoDraw = True
376.1956 	EXP 	Line3: autoDraw = True
376.1956 	EXP 	Line4: autoDraw = True
377.1965 	INFO 	Keyboard events cleared
377.1963 	EXP 	Probe: autoDraw = True
377.5900 	EXP 	Device response: <KeyPress from None: t=377.58861722098663, value=c, duration=None>
377.5902 	EXP 	New trial (rep=19, index=59): <Trial 59 (59 in rep 19) data={'pos': np.int64(50), 'corr_resp': 'c', 'thisN': 59, 'thisTrialN': 59, 'thisRepN': 19}>
377.5961 	EXP 	Fixation: autoDraw = False
377.5961 	EXP 	Line1: autoDraw = False
377.5961 	EXP 	Line2: autoDraw = False
377.5961 	EXP 	Line3: autoDraw = False
377.5961 	EXP 	Line4: autoDraw = False
377.5961 	EXP 	Probe: autoDraw = False
377.5961 	EXP 	Fixation: autoDraw = True
377.5988 	DATA 	Keypress: c
377.7297 	EXP 	Device response: <KeyPress from None: t=377.58861722098663, value=c, duration=0.1362141509889625>
378.5889 	EXP 	Line1: autoDraw = True
378.5889 	EXP 	Line2: autoDraw = True
378.5889 	EXP 	Line3: autoDraw = True
378.5889 	EXP 	Line4: autoDraw = True
378.5954 	EXP 	Fixation: autoDraw = False
379.5890 	INFO 	Keyboard events cleared
379.5887 	EXP 	Probe: autoDraw = True
379.9965 	EXP 	Device response: <KeyPress from None: t=379.99053313198965, value=c, duration=None>
379.9968 	EXP 	New trial (rep=10, index=60): <Trial 60 (60 in rep 10) data={'pos': np.int64(-50), 'corr_resp': 'x', 'thisN': 60, 'thisTrialN': 60, 'thisRepN': 10}>
379.9992 	DATA 	Keypress: c
380.0051 	EXP 	Fixation: autoDraw = False
380.0051 	EXP 	Line1: autoDraw = False
380.0051 	EXP 	Line2: autoDraw = False
380.0051 	EXP 	Line3: autoDraw = False
380.0051 	EXP 	Line4: autoDraw = False
380.0051 	EXP 	Probe: autoDraw = False
380.0051 	EXP 	Fixation: autoDraw = True
380.1466 	EXP 	Device response: <KeyPress from None: t=379.99053313198965, value=c, duration=0.14835076098097488>
380.9955 	EXP 	Fixation: autoDraw = False
380.9955 	EXP 	Line1: autoDraw = True
380.9955 	EXP 	Line2: autoDraw = True
380.9955 	EXP 	Line3: autoDraw = True
380.9955 	EXP 	Line4: autoDraw = True
381.9963 	INFO 	Keyboard events cleared
381.9961 	EXP 	Probe: autoDraw = True
382.4227 	EXP 	Device response: <KeyPress from None: t=382.4146147139836, value=x, duration=None>
382.4230 	EXP 	New trial (rep=19, index=61): <Trial 61 (61 in rep 19) data={'pos': np.int64(-150), 'corr_resp': 'z', 'thisN': 61, 'thisTrialN': 61, 'thisRepN': 19}>
382.4253 	DATA 	Keypress: x
382.4314 	EXP 	Fixation: autoDraw = False
382.4314 	EXP 	Line1: autoDraw = False
382.4314 	EXP 	Line2: autoDraw = False
382.4314 	EXP 	Line3: autoDraw = False
382.4314 	EXP 	Line4: autoDraw = False
382.4314 	EXP 	Probe: autoDraw = False
382.4314 	EXP 	Fixation: autoDraw = True
382.5731 	EXP 	Device response: <KeyPress from None: t=382.4146147139836, value=x, duration=0.1562382950214669>
383.4118 	EXP 	Line1: autoDraw = True
383.4118 	EXP 	Line2: autoDraw = True
383.4118 	EXP 	Line3: autoDraw = True
383.4118 	EXP 	Line4: autoDraw = True
383.4283 	EXP 	Fixation: autoDraw = False
384.4128 	INFO 	Keyboard events cleared
384.4126 	EXP 	Probe: autoDraw = True
384.9136 	EXP 	Device response: <KeyPress from None: t=384.90934932697564, value=z, duration=None>
384.9139 	EXP 	New trial (rep=11, index=62): <Trial 62 (62 in rep 11) data={'pos': np.int64(-50), 'corr_resp': 'x', 'thisN': 62, 'thisTrialN': 62, 'thisRepN': 11}>
384.9163 	DATA 	Keypress: z
384.9221 	EXP 	Fixation: autoDraw = False
384.9221 	EXP 	Line1: autoDraw = False
384.9221 	EXP 	Line2: autoDraw = False
384.9221 	EXP 	Line3: autoDraw = False
384.9221 	EXP 	Line4: autoDraw = False
384.9221 	EXP 	Probe: autoDraw = False
384.9221 	EXP 	Fixation: autoDraw = True
385.0561 	EXP 	Device response: <KeyPress from None: t=384.90934932697564, value=z, duration=0.140375777031295>
385.9122 	EXP 	Fixation: autoDraw = False
385.9122 	EXP 	Line1: autoDraw = True
385.9122 	EXP 	Line2: autoDraw = True
385.9122 	EXP 	Line3: autoDraw = True
385.9122 	EXP 	Line4: autoDraw = True
386.9131 	INFO 	Keyboard events cleared
386.9129 	EXP 	Probe: autoDraw = True
387.4725 	EXP 	Device response: <KeyPress from None: t=387.46530482097296, value=x, duration=None>
387.4728 	EXP 	New trial (rep=11, index=63): <Trial 63 (63 in rep 11) data={'pos': np.int64(150), 'corr_resp': 'v', 'thisN': 63, 'thisTrialN': 63, 'thisRepN': 11}>
387.4751 	DATA 	Keypress: x
387.4806 	EXP 	Fixation: autoDraw = False
387.4806 	EXP 	Line1: autoDraw = False
387.4806 	EXP 	Line2: autoDraw = False
387.4806 	EXP 	Line3: autoDraw = False
387.4806 	EXP 	Line4: autoDraw = False
387.4806 	EXP 	Probe: autoDraw = False
387.4806 	EXP 	Fixation: autoDraw = True
387.6226 	EXP 	Device response: <KeyPress from None: t=387.46530482097296, value=x, duration=0.1522803860134445>
388.4618 	EXP 	Line1: autoDraw = True
388.4618 	EXP 	Line2: autoDraw = True
388.4618 	EXP 	Line3: autoDraw = True
388.4618 	EXP 	Line4: autoDraw = True
388.4787 	EXP 	Fixation: autoDraw = False
389.4624 	INFO 	Keyboard events cleared
389.4622 	EXP 	Probe: autoDraw = True
389.8556 	EXP 	Device response: <KeyPress from None: t=389.84611846896587, value=v, duration=None>
389.8559 	EXP 	New trial (rep=12, index=64): <Trial 64 (64 in rep 12) data={'pos': np.int64(150), 'corr_resp': 'v', 'thisN': 64, 'thisTrialN': 64, 'thisRepN': 12}>
389.8582 	DATA 	Keypress: v
389.8637 	EXP 	Fixation: autoDraw = False
389.8637 	EXP 	Line1: autoDraw = False
389.8637 	EXP 	Line2: autoDraw = False
389.8637 	EXP 	Line3: autoDraw = False
389.8637 	EXP 	Line4: autoDraw = False
389.8637 	EXP 	Probe: autoDraw = False
389.8637 	EXP 	Fixation: autoDraw = True
390.0230 	EXP 	Device response: <KeyPress from None: t=389.84611846896587, value=v, duration=0.17235639004502445>
390.8456 	EXP 	Line1: autoDraw = True
390.8456 	EXP 	Line2: autoDraw = True
390.8456 	EXP 	Line3: autoDraw = True
390.8456 	EXP 	Line4: autoDraw = True
390.8616 	EXP 	Fixation: autoDraw = False
391.8456 	INFO 	Keyboard events cleared
391.8454 	EXP 	Probe: autoDraw = True
392.4804 	EXP 	Device response: <KeyPress from None: t=392.47803835000377, value=v, duration=None>
392.4807 	EXP 	New trial (rep=20, index=65): <Trial 65 (65 in rep 20) data={'pos': np.int64(-150), 'corr_resp': 'z', 'thisN': 65, 'thisTrialN': 65, 'thisRepN': 20}>
392.4884 	EXP 	Fixation: autoDraw = False
392.4884 	EXP 	Line1: autoDraw = False
392.4884 	EXP 	Line2: autoDraw = False
392.4884 	EXP 	Line3: autoDraw = False
392.4884 	EXP 	Line4: autoDraw = False
392.4884 	EXP 	Probe: autoDraw = False
392.4884 	EXP 	Fixation: autoDraw = True
392.4911 	DATA 	Keypress: v
392.6564 	EXP 	Device response: <KeyPress from None: t=392.47803835000377, value=v, duration=0.17618235800182447>
393.4787 	EXP 	Fixation: autoDraw = False
393.4787 	EXP 	Line1: autoDraw = True
393.4787 	EXP 	Line2: autoDraw = True
393.4787 	EXP 	Line3: autoDraw = True
393.4787 	EXP 	Line4: autoDraw = True
394.4788 	INFO 	Keyboard events cleared
394.4786 	EXP 	Probe: autoDraw = True
394.9136 	EXP 	Device response: <KeyPress from None: t=394.90789697598666, value=z, duration=None>
394.9139 	EXP 	New trial (rep=13, index=66): <Trial 66 (66 in rep 13) data={'pos': np.int64(150), 'corr_resp': 'v', 'thisN': 66, 'thisTrialN': 66, 'thisRepN': 13}>
394.9163 	DATA 	Keypress: z
394.9221 	EXP 	Fixation: autoDraw = False
394.9221 	EXP 	Line1: autoDraw = False
394.9221 	EXP 	Line2: autoDraw = False
394.9221 	EXP 	Line3: autoDraw = False
394.9221 	EXP 	Line4: autoDraw = False
394.9221 	EXP 	Probe: autoDraw = False
394.9221 	EXP 	Fixation: autoDraw = True
395.0795 	EXP 	Device response: <KeyPress from None: t=394.90789697598666, value=z, duration=0.16850549902301282>
395.9115 	EXP 	Fixation: autoDraw = False
395.9115 	EXP 	Line1: autoDraw = True
395.9115 	EXP 	Line2: autoDraw = True
395.9115 	EXP 	Line3: autoDraw = True
395.9115 	EXP 	Line4: autoDraw = True
396.9127 	INFO 	Keyboard events cleared
396.9125 	EXP 	Probe: autoDraw = True
397.5058 	EXP 	Device response: <KeyPress from None: t=397.4978386950097, value=v, duration=None>
397.5061 	EXP 	New trial (rep=12, index=67): <Trial 67 (67 in rep 12) data={'pos': np.int64(-50), 'corr_resp': 'x', 'thisN': 67, 'thisTrialN': 67, 'thisRepN': 12}>
397.5084 	DATA 	Keypress: v
397.5139 	EXP 	Fixation: autoDraw = False
397.5139 	EXP 	Line1: autoDraw = False
397.5139 	EXP 	Line2: autoDraw = False
397.5139 	EXP 	Line3: autoDraw = False
397.5139 	EXP 	Line4: autoDraw = False
397.5139 	EXP 	Probe: autoDraw = False
397.5139 	EXP 	Fixation: autoDraw = True
397.6732 	EXP 	Device response: <KeyPress from None: t=397.4978386950097, value=v, duration=0.17220259399618953>
398.4949 	EXP 	Line1: autoDraw = True
398.4949 	EXP 	Line2: autoDraw = True
398.4949 	EXP 	Line3: autoDraw = True
398.4949 	EXP 	Line4: autoDraw = True
398.5119 	EXP 	Fixation: autoDraw = False
399.4962 	INFO 	Keyboard events cleared
399.4960 	EXP 	Probe: autoDraw = True
399.8227 	EXP 	Device response: <KeyPress from None: t=399.8206896769698, value=x, duration=None>
399.8230 	EXP 	New trial (rep=14, index=68): <Trial 68 (68 in rep 14) data={'pos': np.int64(150), 'corr_resp': 'v', 'thisN': 68, 'thisTrialN': 68, 'thisRepN': 14}>
399.8294 	EXP 	Fixation: autoDraw = False
399.8294 	EXP 	Line1: autoDraw = False
399.8294 	EXP 	Line2: autoDraw = False
399.8294 	EXP 	Line3: autoDraw = False
399.8294 	EXP 	Line4: autoDraw = False
399.8294 	EXP 	Probe: autoDraw = False
399.8294 	EXP 	Fixation: autoDraw = True
399.8321 	DATA 	Keypress: x
399.9727 	EXP 	Device response: <KeyPress from None: t=399.8206896769698, value=x, duration=0.1482281840289943>
400.8219 	EXP 	Line1: autoDraw = True
400.8219 	EXP 	Line2: autoDraw = True
400.8219 	EXP 	Line3: autoDraw = True
400.8219 	EXP 	Line4: autoDraw = True
400.8286 	EXP 	Fixation: autoDraw = False
401.8222 	INFO 	Keyboard events cleared
401.8220 	EXP 	Probe: autoDraw = True
402.2562 	EXP 	Device response: <KeyPress from None: t=402.2546888779616, value=v, duration=None>
402.2565 	EXP 	New trial (rep=20, index=69): <Trial 69 (69 in rep 20) data={'pos': np.int64(50), 'corr_resp': 'c', 'thisN': 69, 'thisTrialN': 69, 'thisRepN': 20}>
402.2623 	EXP 	Fixation: autoDraw = False
402.2623 	EXP 	Line1: autoDraw = False
402.2623 	EXP 	Line2: autoDraw = False
402.2623 	EXP 	Line3: autoDraw = False
402.2623 	EXP 	Line4: autoDraw = False
402.2623 	EXP 	Probe: autoDraw = False
402.2623 	EXP 	Fixation: autoDraw = True
402.2651 	DATA 	Keypress: v
402.3962 	EXP 	Device response: <KeyPress from None: t=402.2546888779616, value=v, duration=0.14023037703009322>
403.2552 	EXP 	Line1: autoDraw = True
403.2552 	EXP 	Line2: autoDraw = True
403.2552 	EXP 	Line3: autoDraw = True
403.2552 	EXP 	Line4: autoDraw = True
403.2616 	EXP 	Fixation: autoDraw = False
404.2553 	INFO 	Keyboard events cleared
404.2551 	EXP 	Probe: autoDraw = True
404.8225 	EXP 	Device response: <KeyPress from None: t=404.8205095590092, value=c, duration=None>
404.8228 	EXP 	New trial (rep=13, index=70): <Trial 70 (70 in rep 13) data={'pos': np.int64(-50), 'corr_resp': 'x', 'thisN': 70, 'thisTrialN': 70, 'thisRepN': 13}>
404.8283 	EXP 	Fixation: autoDraw = False
404.8283 	EXP 	Line1: autoDraw = False
404.8283 	EXP 	Line2: autoDraw = False
404.8283 	EXP 	Line3: autoDraw = False
404.8283 	EXP 	Line4: autoDraw = False
404.8283 	EXP 	Probe: autoDraw = False
404.8283 	EXP 	Fixation: autoDraw = True
404.8312 	DATA 	Keypress: c
404.9790 	EXP 	Device response: <KeyPress from None: t=404.8205095590092, value=c, duration=0.1562168639502488>
405.8217 	EXP 	Fixation: autoDraw = False
405.8217 	EXP 	Line1: autoDraw = True
405.8217 	EXP 	Line2: autoDraw = True
405.8217 	EXP 	Line3: autoDraw = True
405.8217 	EXP 	Line4: autoDraw = True
406.8219 	INFO 	Keyboard events cleared
406.8217 	EXP 	Probe: autoDraw = True
407.5557 	EXP 	Device response: <KeyPress from None: t=407.5484670900041, value=x, duration=None>
407.5560 	EXP 	New trial (rep=21, index=71): <Trial 71 (71 in rep 21) data={'pos': np.int64(-150), 'corr_resp': 'z', 'thisN': 71, 'thisTrialN': 71, 'thisRepN': 21}>
407.5583 	DATA 	Keypress: x
407.5638 	EXP 	Fixation: autoDraw = False
407.5638 	EXP 	Line1: autoDraw = False
407.5638 	EXP 	Line2: autoDraw = False
407.5638 	EXP 	Line3: autoDraw = False
407.5638 	EXP 	Line4: autoDraw = False
407.5638 	EXP 	Probe: autoDraw = False
407.5638 	EXP 	Fixation: autoDraw = True
407.7061 	EXP 	Device response: <KeyPress from None: t=407.5484670900041, value=x, duration=0.1562607119558379>
408.5549 	EXP 	Line1: autoDraw = True
408.5549 	EXP 	Line2: autoDraw = True
408.5549 	EXP 	Line3: autoDraw = True
408.5549 	EXP 	Line4: autoDraw = True
408.5616 	EXP 	Fixation: autoDraw = False
409.5451 	INFO 	Keyboard events cleared
409.5449 	EXP 	Probe: autoDraw = True
409.8797 	EXP 	Device response: <KeyPress from None: t=409.87328312697355, value=z, duration=None>
409.8800 	EXP 	New trial (rep=22, index=72): <Trial 72 (72 in rep 22) data={'pos': np.int64(-150), 'corr_resp': 'z', 'thisN': 72, 'thisTrialN': 72, 'thisRepN': 22}>
409.8823 	DATA 	Keypress: z
409.8880 	EXP 	Fixation: autoDraw = False
409.8880 	EXP 	Line1: autoDraw = False
409.8880 	EXP 	Line2: autoDraw = False
409.8880 	EXP 	Line3: autoDraw = False
409.8880 	EXP 	Line4: autoDraw = False
409.8880 	EXP 	Probe: autoDraw = False
409.8880 	EXP 	Fixation: autoDraw = True
410.0387 	EXP 	Device response: <KeyPress from None: t=409.87328312697355, value=z, duration=0.15614763903431594>
410.8782 	EXP 	Fixation: autoDraw = False
410.8782 	EXP 	Line1: autoDraw = True
410.8782 	EXP 	Line2: autoDraw = True
410.8782 	EXP 	Line3: autoDraw = True
410.8782 	EXP 	Line4: autoDraw = True
411.8789 	INFO 	Keyboard events cleared
411.8786 	EXP 	Probe: autoDraw = True
412.2053 	EXP 	Device response: <KeyPress from None: t=412.19519409595523, value=z, duration=None>
412.2056 	EXP 	New trial (rep=14, index=73): <Trial 73 (73 in rep 14) data={'pos': np.int64(-50), 'corr_resp': 'x', 'thisN': 73, 'thisTrialN': 73, 'thisRepN': 14}>
412.2080 	DATA 	Keypress: z
412.2132 	EXP 	Fixation: autoDraw = False
412.2132 	EXP 	Line1: autoDraw = False
412.2132 	EXP 	Line2: autoDraw = False
412.2132 	EXP 	Line3: autoDraw = False
412.2132 	EXP 	Line4: autoDraw = False
412.2132 	EXP 	Probe: autoDraw = False
412.2132 	EXP 	Fixation: autoDraw = True
412.3459 	EXP 	Device response: <KeyPress from None: t=412.19519409595523, value=z, duration=0.1441516830236651>
413.1951 	EXP 	Line1: autoDraw = True
413.1951 	EXP 	Line2: autoDraw = True
413.1951 	EXP 	Line3: autoDraw = True
413.1951 	EXP 	Line4: autoDraw = True
413.2115 	EXP 	Fixation: autoDraw = False
414.1961 	INFO 	Keyboard events cleared
414.1958 	EXP 	Probe: autoDraw = True
414.4892 	EXP 	Device response: <KeyPress from None: t=414.48716036899714, value=x, duration=None>
414.4895 	EXP 	New trial (rep=21, index=74): <Trial 74 (74 in rep 21) data={'pos': np.int64(50), 'corr_resp': 'c', 'thisN': 74, 'thisTrialN': 74, 'thisRepN': 21}>
414.4952 	EXP 	Fixation: autoDraw = False
414.4952 	EXP 	Line1: autoDraw = False
414.4952 	EXP 	Line2: autoDraw = False
414.4952 	EXP 	Line3: autoDraw = False
414.4952 	EXP 	Line4: autoDraw = False
414.4952 	EXP 	Probe: autoDraw = False
414.4952 	EXP 	Fixation: autoDraw = True
414.4979 	DATA 	Keypress: x
414.6389 	EXP 	Device response: <KeyPress from None: t=414.48716036899714, value=x, duration=0.14433563099009916>
415.4883 	EXP 	Fixation: autoDraw = False
415.4883 	EXP 	Line1: autoDraw = True
415.4883 	EXP 	Line2: autoDraw = True
415.4883 	EXP 	Line3: autoDraw = True
415.4883 	EXP 	Line4: autoDraw = True
416.4885 	INFO 	Keyboard events cleared
416.4884 	EXP 	Probe: autoDraw = True
416.9055 	EXP 	Device response: <KeyPress from None: t=416.89803834597114, value=c, duration=None>
416.9058 	EXP 	New trial (rep=15, index=75): <Trial 75 (75 in rep 15) data={'pos': np.int64(150), 'corr_resp': 'v', 'thisN': 75, 'thisTrialN': 75, 'thisRepN': 15}>
416.9083 	DATA 	Keypress: c
416.9138 	EXP 	Fixation: autoDraw = False
416.9138 	EXP 	Line1: autoDraw = False
416.9138 	EXP 	Line2: autoDraw = False
416.9138 	EXP 	Line3: autoDraw = False
416.9138 	EXP 	Line4: autoDraw = False
416.9138 	EXP 	Probe: autoDraw = False
416.9138 	EXP 	Fixation: autoDraw = True
417.0293 	EXP 	Device response: <KeyPress from None: t=416.89803834597114, value=c, duration=0.12419424799736589>
417.8955 	EXP 	Line1: autoDraw = True
417.8955 	EXP 	Line2: autoDraw = True
417.8955 	EXP 	Line3: autoDraw = True
417.8955 	EXP 	Line4: autoDraw = True
417.9118 	EXP 	Fixation: autoDraw = False
418.8954 	INFO 	Keyboard events cleared
418.8952 	EXP 	Probe: autoDraw = True
419.3634 	EXP 	Device response: <KeyPress from None: t=419.3588751939824, value=v, duration=None>
419.3637 	EXP 	New trial (rep=22, index=76): <Trial 76 (76 in rep 22) data={'pos': np.int64(50), 'corr_resp': 'c', 'thisN': 76, 'thisTrialN': 76, 'thisRepN': 22}>
419.3660 	DATA 	Keypress: v
419.3718 	EXP 	Fixation: autoDraw = False
419.3718 	EXP 	Line1: autoDraw = False
419.3718 	EXP 	Line2: autoDraw = False
419.3718 	EXP 	Line3: autoDraw = False
419.3718 	EXP 	Line4: autoDraw = False
419.3718 	EXP 	Probe: autoDraw = False
419.3718 	EXP 	Fixation: autoDraw = True
419.5294 	EXP 	Device response: <KeyPress from None: t=419.3588751939824, value=v, duration=0.16422840201994404>
420.3619 	EXP 	Fixation: autoDraw = False
420.3619 	EXP 	Line1: autoDraw = True
420.3619 	EXP 	Line2: autoDraw = True
420.3619 	EXP 	Line3: autoDraw = True
420.3619 	EXP 	Line4: autoDraw = True
421.3625 	INFO 	Keyboard events cleared
421.3623 	EXP 	Probe: autoDraw = True
421.8461 	EXP 	Device response: <KeyPress from None: t=421.84474275197135, value=c, duration=None>
421.8464 	EXP 	New trial (rep=15, index=77): <Trial 77 (77 in rep 15) data={'pos': np.int64(-50), 'corr_resp': 'x', 'thisN': 77, 'thisTrialN': 77, 'thisRepN': 15}>
421.8547 	EXP 	Fixation: autoDraw = False
421.8547 	EXP 	Line1: autoDraw = False
421.8547 	EXP 	Line2: autoDraw = False
421.8547 	EXP 	Line3: autoDraw = False
421.8547 	EXP 	Line4: autoDraw = False
421.8547 	EXP 	Probe: autoDraw = False
421.8547 	EXP 	Fixation: autoDraw = True
421.8573 	DATA 	Keypress: c
421.9957 	EXP 	Device response: <KeyPress from None: t=421.84474275197135, value=c, duration=0.1442324700183235>
422.8446 	EXP 	Fixation: autoDraw = False
422.8446 	EXP 	Line1: autoDraw = True
422.8446 	EXP 	Line2: autoDraw = True
422.8446 	EXP 	Line3: autoDraw = True
422.8446 	EXP 	Line4: autoDraw = True
423.8455 	INFO 	Keyboard events cleared
423.8452 	EXP 	Probe: autoDraw = True
424.8391 	EXP 	Device response: <KeyPress from None: t=424.83771032700315, value=x, duration=None>
424.8394 	EXP 	New trial (rep=16, index=78): <Trial 78 (78 in rep 16) data={'pos': np.int64(-50), 'corr_resp': 'x', 'thisN': 78, 'thisTrialN': 78, 'thisRepN': 16}>
424.8453 	EXP 	Fixation: autoDraw = False
424.8453 	EXP 	Line1: autoDraw = False
424.8453 	EXP 	Line2: autoDraw = False
424.8453 	EXP 	Line3: autoDraw = False
424.8453 	EXP 	Line4: autoDraw = False
424.8453 	EXP 	Probe: autoDraw = False
424.8453 	EXP 	Fixation: autoDraw = True
424.8481 	DATA 	Keypress: x
425.0124 	EXP 	Device response: <KeyPress from None: t=424.83771032700315, value=x, duration=0.1724014169885777>
425.8382 	EXP 	Line1: autoDraw = True
425.8382 	EXP 	Line2: autoDraw = True
425.8382 	EXP 	Line3: autoDraw = True
425.8382 	EXP 	Line4: autoDraw = True
425.8450 	EXP 	Fixation: autoDraw = False
426.8384 	INFO 	Keyboard events cleared
426.8382 	EXP 	Probe: autoDraw = True
427.1959 	EXP 	Device response: <KeyPress from None: t=427.18955849297345, value=x, duration=None>
427.1962 	EXP 	New trial (rep=17, index=79): <Trial 79 (79 in rep 17) data={'pos': np.int64(-50), 'corr_resp': 'x', 'thisN': 79, 'thisTrialN': 79, 'thisRepN': 17}>
427.1986 	DATA 	Keypress: x
427.2043 	EXP 	Fixation: autoDraw = False
427.2043 	EXP 	Line1: autoDraw = False
427.2043 	EXP 	Line2: autoDraw = False
427.2043 	EXP 	Line3: autoDraw = False
427.2043 	EXP 	Line4: autoDraw = False
427.2043 	EXP 	Probe: autoDraw = False
427.2043 	EXP 	Fixation: autoDraw = True
427.3623 	EXP 	Device response: <KeyPress from None: t=427.18955849297345, value=x, duration=0.16832709999289364>
428.1945 	EXP 	Fixation: autoDraw = False
428.1945 	EXP 	Line1: autoDraw = True
428.1945 	EXP 	Line2: autoDraw = True
428.1945 	EXP 	Line3: autoDraw = True
428.1945 	EXP 	Line4: autoDraw = True
429.1952 	INFO 	Keyboard events cleared
429.1950 	EXP 	Probe: autoDraw = True
429.8225 	EXP 	Device response: <KeyPress from None: t=429.8213449009927, value=x, duration=None>
429.8227 	EXP 	New trial (rep=16, index=80): <Trial 80 (80 in rep 16) data={'pos': np.int64(150), 'corr_resp': 'v', 'thisN': 80, 'thisTrialN': 80, 'thisRepN': 16}>
429.8285 	EXP 	Fixation: autoDraw = False
429.8285 	EXP 	Line1: autoDraw = False
429.8285 	EXP 	Line2: autoDraw = False
429.8285 	EXP 	Line3: autoDraw = False
429.8285 	EXP 	Line4: autoDraw = False
429.8285 	EXP 	Probe: autoDraw = False
429.8285 	EXP 	Fixation: autoDraw = True
429.8311 	DATA 	Keypress: x
429.9885 	EXP 	Device response: <KeyPress from None: t=429.8213449009927, value=x, duration=0.16041948401834816>
430.8214 	EXP 	Line1: autoDraw = True
430.8214 	EXP 	Line2: autoDraw = True
430.8214 	EXP 	Line3: autoDraw = True
430.8214 	EXP 	Line4: autoDraw = True
430.8281 	EXP 	Fixation: autoDraw = False
431.8216 	INFO 	Keyboard events cleared
431.8214 	EXP 	Probe: autoDraw = True
432.1796 	EXP 	Device response: <KeyPress from None: t=432.17531337897526, value=v, duration=None>
432.1799 	EXP 	New trial (rep=17, index=81): <Trial 81 (81 in rep 17) data={'pos': np.int64(150), 'corr_resp': 'v', 'thisN': 81, 'thisTrialN': 81, 'thisRepN': 17}>
432.1822 	DATA 	Keypress: v
432.1880 	EXP 	Fixation: autoDraw = False
432.1880 	EXP 	Line1: autoDraw = False
432.1880 	EXP 	Line2: autoDraw = False
432.1880 	EXP 	Line3: autoDraw = False
432.1880 	EXP 	Line4: autoDraw = False
432.1880 	EXP 	Probe: autoDraw = False
432.1880 	EXP 	Fixation: autoDraw = True
432.3459 	EXP 	Device response: <KeyPress from None: t=432.17531337897526, value=v, duration=0.1642598090111278>
433.1782 	EXP 	Fixation: autoDraw = False
433.1782 	EXP 	Line1: autoDraw = True
433.1782 	EXP 	Line2: autoDraw = True
433.1782 	EXP 	Line3: autoDraw = True
433.1782 	EXP 	Line4: autoDraw = True
434.1784 	INFO 	Keyboard events cleared
434.1782 	EXP 	Probe: autoDraw = True
434.5962 	EXP 	Device response: <KeyPress from None: t=434.5922085449565, value=v, duration=None>
434.5965 	EXP 	New trial (rep=18, index=82): <Trial 82 (82 in rep 18) data={'pos': np.int64(150), 'corr_resp': 'v', 'thisN': 82, 'thisTrialN': 82, 'thisRepN': 18}>
434.5989 	DATA 	Keypress: v
434.6048 	EXP 	Fixation: autoDraw = False
434.6048 	EXP 	Line1: autoDraw = False
434.6048 	EXP 	Line2: autoDraw = False
434.6048 	EXP 	Line3: autoDraw = False
434.6048 	EXP 	Line4: autoDraw = False
434.6048 	EXP 	Probe: autoDraw = False
434.6048 	EXP 	Fixation: autoDraw = True
434.7556 	EXP 	Device response: <KeyPress from None: t=434.5922085449565, value=v, duration=0.16022100602276623>
435.5949 	EXP 	Fixation: autoDraw = False
435.5949 	EXP 	Line1: autoDraw = True
435.5949 	EXP 	Line2: autoDraw = True
435.5949 	EXP 	Line3: autoDraw = True
435.5949 	EXP 	Line4: autoDraw = True
436.5942 	INFO 	Keyboard events cleared
436.5940 	EXP 	Probe: autoDraw = True
436.9889 	EXP 	Device response: <KeyPress from None: t=436.9850977229653, value=v, duration=None>
436.9892 	EXP 	New trial (rep=18, index=83): <Trial 83 (83 in rep 18) data={'pos': np.int64(-50), 'corr_resp': 'x', 'thisN': 83, 'thisTrialN': 83, 'thisRepN': 18}>
436.9915 	DATA 	Keypress: v
436.9970 	EXP 	Fixation: autoDraw = False
436.9970 	EXP 	Line1: autoDraw = False
436.9970 	EXP 	Line2: autoDraw = False
436.9970 	EXP 	Line3: autoDraw = False
436.9970 	EXP 	Line4: autoDraw = False
436.9970 	EXP 	Probe: autoDraw = False
436.9970 	EXP 	Fixation: autoDraw = True
437.1552 	EXP 	Device response: <KeyPress from None: t=436.9850977229653, value=v, duration=0.16039939899928868>
437.9880 	EXP 	Line1: autoDraw = True
437.9880 	EXP 	Line2: autoDraw = True
437.9880 	EXP 	Line3: autoDraw = True
437.9880 	EXP 	Line4: autoDraw = True
437.9946 	EXP 	Fixation: autoDraw = False
438.9882 	INFO 	Keyboard events cleared
438.9880 	EXP 	Probe: autoDraw = True
439.3053 	EXP 	Device response: <KeyPress from None: t=439.3002594789723, value=x, duration=None>
439.3056 	EXP 	New trial (rep=23, index=84): <Trial 84 (84 in rep 23) data={'pos': np.int64(-150), 'corr_resp': 'z', 'thisN': 84, 'thisTrialN': 84, 'thisRepN': 23}>
439.3079 	DATA 	Keypress: x
439.3134 	EXP 	Fixation: autoDraw = False
439.3134 	EXP 	Line1: autoDraw = False
439.3134 	EXP 	Line2: autoDraw = False
439.3134 	EXP 	Line3: autoDraw = False
439.3134 	EXP 	Line4: autoDraw = False
439.3134 	EXP 	Probe: autoDraw = False
439.3134 	EXP 	Fixation: autoDraw = True
439.4388 	EXP 	Device response: <KeyPress from None: t=439.3002594789723, value=x, duration=0.13591568800620735>
440.2950 	EXP 	Line1: autoDraw = True
440.2950 	EXP 	Line2: autoDraw = True
440.2950 	EXP 	Line3: autoDraw = True
440.2950 	EXP 	Line4: autoDraw = True
440.3109 	EXP 	Fixation: autoDraw = False
441.2955 	INFO 	Keyboard events cleared
441.2953 	EXP 	Probe: autoDraw = True
442.7454 	EXP 	Device response: <KeyPress from None: t=442.7408615819877, value=z, duration=None>
442.7457 	EXP 	New trial (rep=19, index=85): <Trial 85 (85 in rep 19) data={'pos': np.int64(-50), 'corr_resp': 'x', 'thisN': 85, 'thisTrialN': 85, 'thisRepN': 19}>
442.7480 	DATA 	Keypress: z
442.7538 	EXP 	Fixation: autoDraw = False
442.7538 	EXP 	Line1: autoDraw = False
442.7538 	EXP 	Line2: autoDraw = False
442.7538 	EXP 	Line3: autoDraw = False
442.7538 	EXP 	Line4: autoDraw = False
442.7538 	EXP 	Probe: autoDraw = False
442.7538 	EXP 	Fixation: autoDraw = True
442.9124 	EXP 	Device response: <KeyPress from None: t=442.7408615819877, value=z, duration=0.1683539489749819>
443.7447 	EXP 	Fixation: autoDraw = False
443.7447 	EXP 	Line1: autoDraw = True
443.7447 	EXP 	Line2: autoDraw = True
443.7447 	EXP 	Line3: autoDraw = True
443.7447 	EXP 	Line4: autoDraw = True
444.7456 	INFO 	Keyboard events cleared
444.7454 	EXP 	Probe: autoDraw = True
445.0385 	EXP 	Device response: <KeyPress from None: t=445.0328404280008, value=x, duration=None>
445.0387 	EXP 	New trial (rep=23, index=86): <Trial 86 (86 in rep 23) data={'pos': np.int64(50), 'corr_resp': 'c', 'thisN': 86, 'thisTrialN': 86, 'thisRepN': 23}>
445.0411 	DATA 	Keypress: x
445.0466 	EXP 	Fixation: autoDraw = False
445.0466 	EXP 	Line1: autoDraw = False
445.0466 	EXP 	Line2: autoDraw = False
445.0466 	EXP 	Line3: autoDraw = False
445.0466 	EXP 	Line4: autoDraw = False
445.0466 	EXP 	Probe: autoDraw = False
445.0466 	EXP 	Fixation: autoDraw = True
445.2050 	EXP 	Device response: <KeyPress from None: t=445.0328404280008, value=x, duration=0.1643406719667837>
446.0282 	EXP 	Line1: autoDraw = True
446.0282 	EXP 	Line2: autoDraw = True
446.0282 	EXP 	Line3: autoDraw = True
446.0282 	EXP 	Line4: autoDraw = True
446.0445 	EXP 	Fixation: autoDraw = False
447.0287 	INFO 	Keyboard events cleared
447.0285 	EXP 	Probe: autoDraw = True
447.6386 	EXP 	Device response: <KeyPress from None: t=447.63679311500164, value=c, duration=None>
447.6389 	EXP 	New trial (rep=24, index=87): <Trial 87 (87 in rep 24) data={'pos': np.int64(50), 'corr_resp': 'c', 'thisN': 87, 'thisTrialN': 87, 'thisRepN': 24}>
447.6453 	EXP 	Fixation: autoDraw = False
447.6453 	EXP 	Line1: autoDraw = False
447.6453 	EXP 	Line2: autoDraw = False
447.6453 	EXP 	Line3: autoDraw = False
447.6453 	EXP 	Line4: autoDraw = False
447.6453 	EXP 	Probe: autoDraw = False
447.6453 	EXP 	Fixation: autoDraw = True
447.6479 	DATA 	Keypress: c
447.7886 	EXP 	Device response: <KeyPress from None: t=447.63679311500164, value=c, duration=0.1442014430067502>
448.6277 	EXP 	Line1: autoDraw = True
448.6277 	EXP 	Line2: autoDraw = True
448.6277 	EXP 	Line3: autoDraw = True
448.6277 	EXP 	Line4: autoDraw = True
448.6378 	EXP 	Fixation: autoDraw = False
449.6287 	INFO 	Keyboard events cleared
449.6285 	EXP 	Probe: autoDraw = True
450.1049 	EXP 	Device response: <KeyPress from None: t=450.09552110999357, value=c, duration=None>
450.1052 	EXP 	New trial (rep=19, index=88): <Trial 88 (88 in rep 19) data={'pos': np.int64(150), 'corr_resp': 'v', 'thisN': 88, 'thisTrialN': 88, 'thisRepN': 19}>
450.1076 	DATA 	Keypress: c
450.1130 	EXP 	Fixation: autoDraw = False
450.1130 	EXP 	Line1: autoDraw = False
450.1130 	EXP 	Line2: autoDraw = False
450.1130 	EXP 	Line3: autoDraw = False
450.1130 	EXP 	Line4: autoDraw = False
450.1130 	EXP 	Probe: autoDraw = False
450.1130 	EXP 	Fixation: autoDraw = True
450.2552 	EXP 	Device response: <KeyPress from None: t=450.09552110999357, value=c, duration=0.15237958199577406>
451.0949 	EXP 	Line1: autoDraw = True
451.0949 	EXP 	Line2: autoDraw = True
451.0949 	EXP 	Line3: autoDraw = True
451.0949 	EXP 	Line4: autoDraw = True
451.1113 	EXP 	Fixation: autoDraw = False
452.0949 	INFO 	Keyboard events cleared
452.0947 	EXP 	Probe: autoDraw = True
452.4720 	EXP 	Device response: <KeyPress from None: t=452.4684219529736, value=v, duration=None>
452.4723 	EXP 	New trial (rep=20, index=89): <Trial 89 (89 in rep 20) data={'pos': np.int64(-50), 'corr_resp': 'x', 'thisN': 89, 'thisTrialN': 89, 'thisRepN': 20}>
452.4746 	DATA 	Keypress: v
452.4802 	EXP 	Fixation: autoDraw = False
452.4802 	EXP 	Line1: autoDraw = False
452.4802 	EXP 	Line2: autoDraw = False
452.4802 	EXP 	Line3: autoDraw = False
452.4802 	EXP 	Line4: autoDraw = False
452.4802 	EXP 	Probe: autoDraw = False
452.4802 	EXP 	Fixation: autoDraw = True
452.5953 	EXP 	Device response: <KeyPress from None: t=452.4684219529736, value=v, duration=0.12408394401427358>
453.4711 	EXP 	Line1: autoDraw = True
453.4711 	EXP 	Line2: autoDraw = True
453.4711 	EXP 	Line3: autoDraw = True
453.4711 	EXP 	Line4: autoDraw = True
453.4779 	EXP 	Fixation: autoDraw = False
454.4710 	INFO 	Keyboard events cleared
454.4708 	EXP 	Probe: autoDraw = True
454.7887 	EXP 	Device response: <KeyPress from None: t=454.78732285497244, value=x, duration=None>
454.7890 	EXP 	New trial (rep=24, index=90): <Trial 90 (90 in rep 24) data={'pos': np.int64(-150), 'corr_resp': 'z', 'thisN': 90, 'thisTrialN': 90, 'thisRepN': 24}>
454.7947 	EXP 	Fixation: autoDraw = False
454.7947 	EXP 	Line1: autoDraw = False
454.7947 	EXP 	Line2: autoDraw = False
454.7947 	EXP 	Line3: autoDraw = False
454.7947 	EXP 	Line4: autoDraw = False
454.7947 	EXP 	Probe: autoDraw = False
454.7947 	EXP 	Fixation: autoDraw = True
454.7975 	DATA 	Keypress: x
454.9551 	EXP 	Device response: <KeyPress from None: t=454.78732285497244, value=x, duration=0.16036893503041938>
455.7878 	EXP 	Fixation: autoDraw = False
455.7878 	EXP 	Line1: autoDraw = True
455.7878 	EXP 	Line2: autoDraw = True
455.7878 	EXP 	Line3: autoDraw = True
455.7878 	EXP 	Line4: autoDraw = True
456.7879 	INFO 	Keyboard events cleared
456.7878 	EXP 	Probe: autoDraw = True
457.1459 	EXP 	Device response: <KeyPress from None: t=457.1392176579684, value=z, duration=None>
457.1462 	EXP 	New trial (rep=20, index=91): <Trial 91 (91 in rep 20) data={'pos': np.int64(150), 'corr_resp': 'v', 'thisN': 91, 'thisTrialN': 91, 'thisRepN': 20}>
457.1486 	DATA 	Keypress: z
457.1548 	EXP 	Fixation: autoDraw = False
457.1548 	EXP 	Line1: autoDraw = False
457.1548 	EXP 	Line2: autoDraw = False
457.1548 	EXP 	Line3: autoDraw = False
457.1548 	EXP 	Line4: autoDraw = False
457.1548 	EXP 	Probe: autoDraw = False
457.1548 	EXP 	Fixation: autoDraw = True
457.3218 	EXP 	Device response: <KeyPress from None: t=457.1392176579684, value=z, duration=0.17654770601075143>
458.1445 	EXP 	Fixation: autoDraw = False
458.1445 	EXP 	Line1: autoDraw = True
458.1445 	EXP 	Line2: autoDraw = True
458.1445 	EXP 	Line3: autoDraw = True
458.1445 	EXP 	Line4: autoDraw = True
459.1451 	INFO 	Keyboard events cleared
459.1449 	EXP 	Probe: autoDraw = True
459.6626 	EXP 	Device response: <KeyPress from None: t=459.6610583679867, value=v, duration=None>
459.6629 	EXP 	New trial (rep=21, index=92): <Trial 92 (92 in rep 21) data={'pos': np.int64(150), 'corr_resp': 'v', 'thisN': 92, 'thisTrialN': 92, 'thisRepN': 21}>
459.6707 	EXP 	Fixation: autoDraw = False
459.6707 	EXP 	Line1: autoDraw = False
459.6707 	EXP 	Line2: autoDraw = False
459.6707 	EXP 	Line3: autoDraw = False
459.6707 	EXP 	Line4: autoDraw = False
459.6707 	EXP 	Probe: autoDraw = False
459.6707 	EXP 	Fixation: autoDraw = True
459.6732 	DATA 	Keypress: v
459.8214 	EXP 	Device response: <KeyPress from None: t=459.6610583679867, value=v, duration=0.1523046739748679>
460.6609 	EXP 	Fixation: autoDraw = False
460.6609 	EXP 	Line1: autoDraw = True
460.6609 	EXP 	Line2: autoDraw = True
460.6609 	EXP 	Line3: autoDraw = True
460.6609 	EXP 	Line4: autoDraw = True
461.6620 	INFO 	Keyboard events cleared
461.6617 	EXP 	Probe: autoDraw = True
462.1214 	EXP 	Device response: <KeyPress from None: t=462.11197618296137, value=v, duration=None>
462.1217 	EXP 	New trial (rep=22, index=93): <Trial 93 (93 in rep 22) data={'pos': np.int64(150), 'corr_resp': 'v', 'thisN': 93, 'thisTrialN': 93, 'thisRepN': 22}>
462.1240 	DATA 	Keypress: v
462.1294 	EXP 	Fixation: autoDraw = False
462.1294 	EXP 	Line1: autoDraw = False
462.1294 	EXP 	Line2: autoDraw = False
462.1294 	EXP 	Line3: autoDraw = False
462.1294 	EXP 	Line4: autoDraw = False
462.1294 	EXP 	Probe: autoDraw = False
462.1294 	EXP 	Fixation: autoDraw = True
462.2553 	EXP 	Device response: <KeyPress from None: t=462.11197618296137, value=v, duration=0.14041015703696758>
463.1114 	EXP 	Line1: autoDraw = True
463.1114 	EXP 	Line2: autoDraw = True
463.1114 	EXP 	Line3: autoDraw = True
463.1114 	EXP 	Line4: autoDraw = True
463.1276 	EXP 	Fixation: autoDraw = False
464.1114 	INFO 	Keyboard events cleared
464.1111 	EXP 	Probe: autoDraw = True
464.6216 	EXP 	Device response: <KeyPress from None: t=464.617891731963, value=v, duration=None>
464.6219 	EXP 	New trial (rep=21, index=94): <Trial 94 (94 in rep 21) data={'pos': np.int64(-50), 'corr_resp': 'x', 'thisN': 94, 'thisTrialN': 94, 'thisRepN': 21}>
464.6242 	DATA 	Keypress: v
464.6296 	EXP 	Fixation: autoDraw = False
464.6296 	EXP 	Line1: autoDraw = False
464.6296 	EXP 	Line2: autoDraw = False
464.6296 	EXP 	Line3: autoDraw = False
464.6296 	EXP 	Line4: autoDraw = False
464.6296 	EXP 	Probe: autoDraw = False
464.6296 	EXP 	Fixation: autoDraw = True
464.7716 	EXP 	Device response: <KeyPress from None: t=464.617891731963, value=v, duration=0.1482365250121802>
465.6106 	EXP 	Line1: autoDraw = True
465.6106 	EXP 	Line2: autoDraw = True
465.6106 	EXP 	Line3: autoDraw = True
465.6106 	EXP 	Line4: autoDraw = True
465.6270 	EXP 	Fixation: autoDraw = False
466.6210 	INFO 	Keyboard events cleared
466.6208 	EXP 	Probe: autoDraw = True
467.5881 	EXP 	Device response: <KeyPress from None: t=467.5797544819652, value=x, duration=None>
467.5884 	EXP 	New trial (rep=22, index=95): <Trial 95 (95 in rep 22) data={'pos': np.int64(-50), 'corr_resp': 'x', 'thisN': 95, 'thisTrialN': 95, 'thisRepN': 22}>
467.5907 	DATA 	Keypress: x
467.5960 	EXP 	Fixation: autoDraw = False
467.5960 	EXP 	Line1: autoDraw = False
467.5960 	EXP 	Line2: autoDraw = False
467.5960 	EXP 	Line3: autoDraw = False
467.5960 	EXP 	Line4: autoDraw = False
467.5960 	EXP 	Probe: autoDraw = False
467.5960 	EXP 	Fixation: autoDraw = True
467.7715 	EXP 	Device response: <KeyPress from None: t=467.5797544819652, value=x, duration=0.18451680603902787>
468.5777 	EXP 	Line1: autoDraw = True
468.5777 	EXP 	Line2: autoDraw = True
468.5777 	EXP 	Line3: autoDraw = True
468.5777 	EXP 	Line4: autoDraw = True
468.5942 	EXP 	Fixation: autoDraw = False
469.5780 	INFO 	Keyboard events cleared
469.5778 	EXP 	Probe: autoDraw = True
469.9220 	EXP 	Device response: <KeyPress from None: t=469.9207024589996, value=x, duration=None>
469.9223 	EXP 	New trial (rep=23, index=96): <Trial 96 (96 in rep 23) data={'pos': np.int64(150), 'corr_resp': 'v', 'thisN': 96, 'thisTrialN': 96, 'thisRepN': 23}>
469.9279 	EXP 	Fixation: autoDraw = False
469.9279 	EXP 	Line1: autoDraw = False
469.9279 	EXP 	Line2: autoDraw = False
469.9279 	EXP 	Line3: autoDraw = False
469.9279 	EXP 	Line4: autoDraw = False
469.9279 	EXP 	Probe: autoDraw = False
469.9279 	EXP 	Fixation: autoDraw = True
469.9306 	DATA 	Keypress: x
470.0878 	EXP 	Device response: <KeyPress from None: t=469.9207024589996, value=x, duration=0.1563383800094016>
470.9207 	EXP 	Line1: autoDraw = True
470.9207 	EXP 	Line2: autoDraw = True
470.9207 	EXP 	Line3: autoDraw = True
470.9207 	EXP 	Line4: autoDraw = True
470.9268 	EXP 	Fixation: autoDraw = False
471.9209 	INFO 	Keyboard events cleared
471.9208 	EXP 	Probe: autoDraw = True
472.5379 	EXP 	Device response: <KeyPress from None: t=472.53054216498276, value=v, duration=None>
472.5382 	EXP 	New trial (rep=23, index=97): <Trial 97 (97 in rep 23) data={'pos': np.int64(-50), 'corr_resp': 'x', 'thisN': 97, 'thisTrialN': 97, 'thisRepN': 23}>
472.5405 	DATA 	Keypress: v
472.5458 	EXP 	Fixation: autoDraw = False
472.5458 	EXP 	Line1: autoDraw = False
472.5458 	EXP 	Line2: autoDraw = False
472.5458 	EXP 	Line3: autoDraw = False
472.5458 	EXP 	Line4: autoDraw = False
472.5458 	EXP 	Probe: autoDraw = False
472.5458 	EXP 	Fixation: autoDraw = True
472.7382 	EXP 	Device response: <KeyPress from None: t=472.53054216498276, value=v, duration=0.20433028700063005>
473.5279 	EXP 	Line1: autoDraw = True
473.5279 	EXP 	Line2: autoDraw = True
473.5279 	EXP 	Line3: autoDraw = True
473.5279 	EXP 	Line4: autoDraw = True
473.5436 	EXP 	Fixation: autoDraw = False
474.5283 	INFO 	Keyboard events cleared
474.5281 	EXP 	Probe: autoDraw = True
474.8546 	EXP 	Device response: <KeyPress from None: t=474.8453860239824, value=x, duration=None>
474.8548 	EXP 	New trial (rep=24, index=98): <Trial 98 (98 in rep 24) data={'pos': np.int64(-50), 'corr_resp': 'x', 'thisN': 98, 'thisTrialN': 98, 'thisRepN': 24}>
474.8571 	DATA 	Keypress: x
474.8632 	EXP 	Fixation: autoDraw = False
474.8632 	EXP 	Line1: autoDraw = False
474.8632 	EXP 	Line2: autoDraw = False
474.8632 	EXP 	Line3: autoDraw = False
474.8632 	EXP 	Line4: autoDraw = False
474.8632 	EXP 	Probe: autoDraw = False
474.8632 	EXP 	Fixation: autoDraw = True
474.9951 	EXP 	Device response: <KeyPress from None: t=474.8453860239824, value=x, duration=0.14824487402802333>
475.8446 	EXP 	Line1: autoDraw = True
475.8446 	EXP 	Line2: autoDraw = True
475.8446 	EXP 	Line3: autoDraw = True
475.8446 	EXP 	Line4: autoDraw = True
475.8604 	EXP 	Fixation: autoDraw = False
476.8451 	INFO 	Keyboard events cleared
476.8448 	EXP 	Probe: autoDraw = True
477.2382 	EXP 	Device response: <KeyPress from None: t=477.2343380979728, value=x, duration=None>
477.2385 	EXP 	New trial (rep=24, index=99): <Trial 99 (99 in rep 24) data={'pos': np.int64(150), 'corr_resp': 'v', 'thisN': 99, 'thisTrialN': 99, 'thisRepN': 24}>
477.2408 	DATA 	Keypress: x
477.2463 	EXP 	Fixation: autoDraw = False
477.2463 	EXP 	Line1: autoDraw = False
477.2463 	EXP 	Line2: autoDraw = False
477.2463 	EXP 	Line3: autoDraw = False
477.2463 	EXP 	Line4: autoDraw = False
477.2463 	EXP 	Probe: autoDraw = False
477.2463 	EXP 	Fixation: autoDraw = True
477.3880 	EXP 	Device response: <KeyPress from None: t=477.2343380979728, value=x, duration=0.14852742000948638>
478.2277 	EXP 	Line1: autoDraw = True
478.2277 	EXP 	Line2: autoDraw = True
478.2277 	EXP 	Line3: autoDraw = True
478.2277 	EXP 	Line4: autoDraw = True
478.2441 	EXP 	Fixation: autoDraw = False
479.2279 	INFO 	Keyboard events cleared
479.2277 	EXP 	Probe: autoDraw = True
479.7215 	EXP 	Device response: <KeyPress from None: t=479.7164684020099, value=v, duration=None>
479.7236 	DATA 	Keypress: v
479.7290 	EXP 	Fixation: autoDraw = False
479.7290 	EXP 	Line1: autoDraw = False
479.7290 	EXP 	Line2: autoDraw = False
479.7290 	EXP 	Line3: autoDraw = False
479.7290 	EXP 	Line4: autoDraw = False
479.7290 	EXP 	Probe: autoDraw = False
479.7291 	EXP 	Motor Sequence Learning: status = STOPPED
479.8019 	INFO 	saved data to '/Users/ayk-j/Desktop/data/05_Motor Sequence Learning_2025-10-02_18h00.45.680.csv'
479.8042 	INFO 	saved data to /Users/ayk-j/Desktop/data/05_Motor Sequence Learning_2025-10-02_18h00.45.680.psydat
480.6462 	WARNING 	Stopping key buffers but this could be dangerous ifother keyboards rely on the same.
480.6464 	WARNING 	Stopping key buffers but this could be dangerous ifother keyboards rely on the same.
480.6464 	WARNING 	Stopping key buffers but this could be dangerous ifother keyboards rely on the same.
