11.1369 	WARNING 	Font Manager failed to load file /System/Library/PrivateFrameworks/FontServices.framework/Resources/Reserved/PingFangUI.ttc
11.1840 	WARNING 	Font Manager failed to load file /System/Library/PrivateFrameworks/FontServices.framework/Resources/Reserved/PingFangUI.ttc
19.5009 	INFO 	Loaded monitor calibration from ['2025_08_12 09:40']
19.6004 	INFO 	Using renderer 'Apple M4' for graphics
19.6004 	INFO 	OpenGL version supported by driver is 2..
19.6215 	EXP 	Created window1 = Window(allowGUI=False, allowStencil=False, autoLog=True, backendConf=UNKNOWN, backgroundFit=<method-wrapper '__getattribute__' of attributeSetter object at 0x15ae0bd90>, backgroundImage=<method-wrapper '__getattribute__' of attributeSetter object at 0x15ae0bd30>, bitsMode=UNKNOWN, blendMode='avg', bpc=(8, 8, 8), color=array([0, 0, 0]), colorSpace='rgb', depthBits=8, fullscr=True, gamma=None, gammaErrorPolicy='raise', infoMsg=UNKNOWN, lms=UNKNOWN, monitor=<psychopy.monitors.calibTools.Monitor object at 0x15ade6ec0>, multiSample=False, name='window1', numSamples=2, pos=[np.float64(0.0), np.float64(0.0)], screen=0, size=array([2940, 1912]), stencilBits=0, stereo=False, title='PsychoPy', units='height', useFBO=True, useRetina=True, viewOri=0.0, viewPos=None, viewScale=None, waitBlanking=True, winType='pyglet')
19.6215 	EXP 	window1: backgroundImage = ''
19.6215 	EXP 	window1: backgroundFit = 'none'
19.8356 	EXP 	window1: Attempting to measure frame rate of screen (0) ...
19.8357 	EXP 	window1: recordFrameIntervals = False
20.0024 	EXP 	window1: recordFrameIntervals = True
20.4353 	EXP 	Screen (0) actual frame rate measured at 121.13Hz
20.4353 	EXP 	window1: recordFrameIntervals = False
21.3112 	INFO 	keyboard.Keyboard is using ptb backend.
21.4927 	INFO 	keyboard.Keyboard is using ptb backend.
21.6742 	INFO 	keyboard.Keyboard is using ptb backend.
21.8543 	INFO 	keyboard.Keyboard is using ptb backend.
21.8543 	EXP 	solo project: status = STARTED
21.8850 	EXP 	Created instr_text = TextStim(__class__=<class 'psychopy.visual.text.TextStim'>, alignHoriz=method-wrapper(...), alignText='center', alignVert=method-wrapper(...), anchorHoriz='center', anchorVert='center', antialias=True, autoDraw=False, autoLog=True, bold=False, color=array([1., 1., 1.]), colorSpace='rgb', contrast=1.0, depth=0.0, draggable=False, flipHoriz=False, flipVert=False, font='Arial', fontFiles=[], height=np.float64(0.05), italic=False, languageStyle='LTR', name='instr_text', opacity=1, ori=0.0, pos=array([0., 0.]), rgb=UNKNOWN, text=str(...), units='height', win=Window(...), wrapWidth=1)
21.8871 	EXP 	Created fixation1 = ShapeStim(__class__=<class 'psychopy.visual.shape.ShapeStim'>, anchor=('center', 'center'), autoDraw=False, autoLog=True, closeShape=True, color=method-wrapper(...), colorSpace='rgb', contrast=None, depth=0.0, draggable=False, fillColor=array([1, 1, 1]), fillColorSpace='rgb', fillRGB=array([1, 1, 1]), interpolate=True, lineColor=array([1., 1., 1.]), lineColorSpace='rgb', lineRGB=array([1, 1, 1]), lineWidth=1.0, name='fixation1', opacity=1, ori=0.0, pos=array([0., 0.]), size=array([0.5, 0.5]), units='pix', vertices=ndarray(...), win=Window(...), windingRule=None)
21.8874 	EXP 	Created prime_text = TextStim(__class__=<class 'psychopy.visual.text.TextStim'>, alignHoriz=method-wrapper(...), alignText='center', alignVert=method-wrapper(...), anchorHoriz='center', anchorVert='center', antialias=True, autoDraw=False, autoLog=True, bold=False, color=array([1., 1., 1.]), colorSpace='rgb', contrast=1.0, depth=0.0, draggable=False, flipHoriz=False, flipVert=False, font='Arial', fontFiles=[], height=0.05, italic=False, languageStyle='LTR', name='prime_text', opacity=1, ori=0.0, pos=array([0., 0.]), rgb=UNKNOWN, text='', units='height', win=Window(...), wrapWidth=1)
21.8879 	EXP 	Created gap1 = TextStim(__class__=<class 'psychopy.visual.text.TextStim'>, alignHoriz=method-wrapper(...), alignText='center', alignVert=method-wrapper(...), anchorHoriz='center', anchorVert='center', antialias=True, autoDraw=False, autoLog=True, bold=False, color=array([1., 1., 1.]), colorSpace='rgb', contrast=1.0, depth=0.0, draggable=False, flipHoriz=False, flipVert=False, font='Arial', fontFiles=[], height=np.float64(0.05), italic=False, languageStyle='LTR', name='gap1', opacity=1, ori=0.0, pos=array([0., 0.]), rgb=UNKNOWN, text='', units='height', win=Window(...), wrapWidth=1)
21.8881 	EXP 	Created target_text = TextStim(__class__=<class 'psychopy.visual.text.TextStim'>, alignHoriz=method-wrapper(...), alignText='center', alignVert=method-wrapper(...), anchorHoriz='center', anchorVert='center', antialias=True, autoDraw=False, autoLog=True, bold=False, color=array([1., 1., 1.]), colorSpace='rgb', contrast=1.0, depth=0.0, draggable=False, flipHoriz=False, flipVert=False, font='Arial', fontFiles=[], height=0.05, italic=False, languageStyle='LTR', name='target_text', opacity=1, ori=0.0, pos=array([0., 0.]), rgb=UNKNOWN, text='', units='height', win=Window(...), wrapWidth=1)
21.8885 	EXP 	Created text = TextStim(__class__=<class 'psychopy.visual.text.TextStim'>, alignHoriz=method-wrapper(...), alignText='center', alignVert=method-wrapper(...), anchorHoriz='center', anchorVert='center', antialias=True, autoDraw=False, autoLog=True, bold=False, color=array([1., 1., 1.]), colorSpace='rgb', contrast=1.0, depth=0.0, draggable=False, flipHoriz=False, flipVert=False, font='Arial', fontFiles=[], height=np.float64(0.05), italic=False, languageStyle='LTR', name='text', opacity=1, ori=0.0, pos=array([0., 0.]), rgb=UNKNOWN, text='', units='height', win=Window(...), wrapWidth=1)
21.8902 	EXP 	Created end_text = TextStim(__class__=<class 'psychopy.visual.text.TextStim'>, alignHoriz=method-wrapper(...), alignText='center', alignVert=method-wrapper(...), anchorHoriz='center', anchorVert='center', antialias=True, autoDraw=False, autoLog=True, bold=False, color=array([1., 1., 1.]), colorSpace='rgb', contrast=1.0, depth=0.0, draggable=False, flipHoriz=False, flipVert=False, font='Arial', fontFiles=[], height=np.float64(0.05), italic=False, languageStyle='LTR', name='end_text', opacity=1, ori=0.0, pos=array([0., 0.]), rgb=UNKNOWN, text=str(...), units='height', win=Window(...), wrapWidth=1)
0.0143 	INFO 	Keyboard events cleared
0.0143 	EXP 	instr_text: autoDraw = True
9.8851 	EXP 	Device response: <KeyPress from None: t=9.73831620800047, value=space, duration=None>
9.8885 	DATA 	Keypress: space
9.8931 	EXP 	instr_text: autoDraw = False
9.8931 	EXP 	fixation1: autoDraw = True
10.0620 	EXP 	Device response: <KeyPress from None: t=9.73831620800047, value=space, duration=0.3182907919981517>
10.4076 	EXP 	Imported /Users/ayk-j/Downloads/solo project_conditions-2.xlsx as conditions, 100 conditions, 5 params
10.4090 	EXP 	New trial (rep=0, index=0): <Trial 0 (0 in rep 0) data={'prime': 'flower', 'target': 'petaln', 'relation': 'related', 'target_type': 'nonword', 'correct_key': 'z', 'thisN': 0, 'thisTrialN': 0, 'thisRepN': 0}>
10.4174 	EXP 	fixation1: autoDraw = False
10.4174 	EXP 	fixation1: autoDraw = False
10.4174 	EXP 	prime_text: height = np.float64(0.05)
10.4174 	EXP 	prime_text: height = np.float64(0.05)
10.4174 	EXP 	prime_text: height = np.float64(0.05)
10.4174 	EXP 	prime_text: text = ' prime'
10.4174 	EXP 	prime_text: autoDraw = True
10.5456 	EXP 	prime_text: autoDraw = False
10.5456 	EXP 	gap1: autoDraw = True
10.5917 	INFO 	Keyboard events cleared
10.5915 	EXP 	gap1: autoDraw = False
10.5915 	EXP 	gap1: autoDraw = False
10.5915 	EXP 	target_text: height = np.float64(0.05)
10.5915 	EXP 	target_text: height = np.float64(0.05)
10.5915 	EXP 	target_text: height = np.float64(0.05)
10.5915 	EXP 	target_text: text = 'petaln'
10.5915 	EXP 	target_text: autoDraw = True
12.0859 	EXP 	target_text: autoDraw = False
12.7475 	EXP 	Device response: <KeyPress from None: t=12.745218999996723, value=z, duration=None>
12.7480 	EXP 	New trial (rep=0, index=1): <Trial 1 (1 in rep 0) data={'prime': 'car', 'target': 'windoww', 'relation': 'unrelated', 'target_type': 'nonword', 'correct_key': 'z', 'thisN': 1, 'thisTrialN': 1, 'thisRepN': 0}>
12.7524 	DATA 	Keypress: z
12.7582 	EXP 	target_text: autoDraw = False
12.7582 	EXP 	prime_text: text = ' prime'
12.7582 	EXP 	prime_text: autoDraw = True
12.8877 	EXP 	Device response: <KeyPress from None: t=12.745218999996723, value=z, duration=0.14032633299939334>
12.9033 	EXP 	prime_text: autoDraw = False
12.9033 	EXP 	prime_text: autoDraw = False
12.9033 	EXP 	gap1: autoDraw = True
12.9476 	INFO 	Keyboard events cleared
12.9474 	EXP 	gap1: autoDraw = False
12.9474 	EXP 	gap1: autoDraw = False
12.9474 	EXP 	target_text: height = np.float64(0.05)
12.9474 	EXP 	target_text: height = np.float64(0.05)
12.9474 	EXP 	target_text: height = np.float64(0.05)
12.9474 	EXP 	target_text: text = 'windoww'
12.9474 	EXP 	target_text: autoDraw = True
14.1540 	EXP 	Device response: <KeyPress from None: t=14.152211082997383, value=m, duration=None>
14.1545 	EXP 	New trial (rep=0, index=2): <Trial 2 (2 in rep 0) data={'prime': 'flower', 'target': 'bottle', 'relation': 'unrelated', 'target_type': 'word', 'correct_key': 'm', 'thisN': 2, 'thisTrialN': 2, 'thisRepN': 0}>
14.1584 	DATA 	Keypress: m
14.1648 	EXP 	target_text: autoDraw = False
14.1648 	EXP 	prime_text: text = ' prime'
14.1648 	EXP 	prime_text: autoDraw = True
14.2814 	EXP 	Device response: <KeyPress from None: t=14.152211082997383, value=m, duration=0.12434508400474442>
14.3116 	EXP 	prime_text: autoDraw = False
14.3116 	EXP 	prime_text: autoDraw = False
14.3116 	EXP 	gap1: autoDraw = True
14.3570 	INFO 	Keyboard events cleared
14.3569 	EXP 	gap1: autoDraw = False
14.3569 	EXP 	gap1: autoDraw = False
14.3569 	EXP 	target_text: height = np.float64(0.05)
14.3569 	EXP 	target_text: height = np.float64(0.05)
14.3569 	EXP 	target_text: height = np.float64(0.05)
14.3569 	EXP 	target_text: text = 'bottle'
14.3569 	EXP 	target_text: autoDraw = True
15.5982 	EXP 	Device response: <KeyPress from None: t=15.586187000000791, value=z, duration=None>
15.5988 	EXP 	New trial (rep=0, index=3): <Trial 3 (3 in rep 0) data={'prime': 'fire', 'target': 'heat', 'relation': 'related', 'target_type': 'word', 'correct_key': 'm', 'thisN': 3, 'thisTrialN': 3, 'thisRepN': 0}>
15.6033 	DATA 	Keypress: z
15.6091 	EXP 	target_text: autoDraw = False
15.6091 	EXP 	prime_text: text = ' prime'
15.6091 	EXP 	prime_text: autoDraw = True
15.6972 	EXP 	Device response: <KeyPress from None: t=15.586187000000791, value=z, duration=0.10830245800025295>
15.7523 	EXP 	prime_text: autoDraw = False
15.7523 	EXP 	prime_text: autoDraw = False
15.7523 	EXP 	gap1: autoDraw = True
15.7973 	INFO 	Keyboard events cleared
15.7971 	EXP 	gap1: autoDraw = False
15.7971 	EXP 	gap1: autoDraw = False
15.7971 	EXP 	target_text: height = np.float64(0.05)
15.7971 	EXP 	target_text: height = np.float64(0.05)
15.7971 	EXP 	target_text: height = np.float64(0.05)
15.7971 	EXP 	target_text: text = 'heat'
15.7971 	EXP 	target_text: autoDraw = True
17.2954 	EXP 	target_text: autoDraw = False
17.4974 	EXP 	Device response: <KeyPress from None: t=17.49020466699585, value=m, duration=None>
17.4979 	EXP 	New trial (rep=0, index=4): <Trial 4 (4 in rep 0) data={'prime': 'bread', 'target': 'musicq', 'relation': 'unrelated', 'target_type': 'nonword', 'correct_key': 'z', 'thisN': 4, 'thisTrialN': 4, 'thisRepN': 0}>
17.5024 	DATA 	Keypress: m
17.5082 	EXP 	target_text: autoDraw = False
17.5082 	EXP 	prime_text: text = ' prime'
17.5082 	EXP 	prime_text: autoDraw = True
17.5962 	EXP 	Device response: <KeyPress from None: t=17.49020466699585, value=m, duration=0.09648466600629035>
17.6522 	EXP 	prime_text: autoDraw = False
17.6522 	EXP 	prime_text: autoDraw = False
17.6522 	EXP 	gap1: autoDraw = True
17.7120 	INFO 	Keyboard events cleared
17.7118 	EXP 	gap1: autoDraw = False
17.7118 	EXP 	gap1: autoDraw = False
17.7118 	EXP 	target_text: height = np.float64(0.05)
17.7118 	EXP 	target_text: height = np.float64(0.05)
17.7118 	EXP 	target_text: height = np.float64(0.05)
17.7118 	EXP 	target_text: text = 'musicq'
17.7118 	EXP 	target_text: autoDraw = True
18.4713 	EXP 	Device response: <KeyPress from None: t=18.469074291999277, value=z, duration=None>
18.4718 	EXP 	New trial (rep=0, index=5): <Trial 5 (5 in rep 0) data={'prime': 'ball', 'target': 'mirror', 'relation': 'unrelated', 'target_type': 'word', 'correct_key': 'm', 'thisN': 5, 'thisTrialN': 5, 'thisRepN': 0}>
18.4762 	DATA 	Keypress: z
18.4813 	EXP 	target_text: autoDraw = False
18.4813 	EXP 	prime_text: text = ' prime'
18.4813 	EXP 	prime_text: autoDraw = True
18.6284 	EXP 	prime_text: autoDraw = False
18.6284 	EXP 	prime_text: autoDraw = False
18.6284 	EXP 	gap1: autoDraw = True
18.6677 	EXP 	Device response: <KeyPress from None: t=18.469074291999277, value=z, duration=0.1963272080029128>
18.6736 	INFO 	Keyboard events cleared
18.6734 	EXP 	gap1: autoDraw = False
18.6734 	EXP 	gap1: autoDraw = False
18.6734 	EXP 	target_text: height = np.float64(0.05)
18.6734 	EXP 	target_text: height = np.float64(0.05)
18.6734 	EXP 	target_text: height = np.float64(0.05)
18.6734 	EXP 	target_text: text = 'mirror'
18.6734 	EXP 	target_text: autoDraw = True
19.2468 	EXP 	Device response: <KeyPress from None: t=19.2361152079975, value=m, duration=None>
19.2473 	EXP 	New trial (rep=0, index=6): <Trial 6 (6 in rep 0) data={'prime': 'book', 'target': 'hammerr', 'relation': 'unrelated', 'target_type': 'nonword', 'correct_key': 'z', 'thisN': 6, 'thisTrialN': 6, 'thisRepN': 0}>
19.2518 	DATA 	Keypress: m
19.2575 	EXP 	target_text: autoDraw = False
19.2575 	EXP 	prime_text: text = ' prime'
19.2575 	EXP 	prime_text: autoDraw = True
19.3636 	EXP 	Device response: <KeyPress from None: t=19.2361152079975, value=m, duration=0.12432875000376953>
19.4023 	EXP 	prime_text: autoDraw = False
19.4023 	EXP 	prime_text: autoDraw = False
19.4023 	EXP 	gap1: autoDraw = True
19.4458 	INFO 	Keyboard events cleared
19.4456 	EXP 	gap1: autoDraw = False
19.4456 	EXP 	gap1: autoDraw = False
19.4456 	EXP 	target_text: height = np.float64(0.05)
19.4456 	EXP 	target_text: height = np.float64(0.05)
19.4456 	EXP 	target_text: height = np.float64(0.05)
19.4456 	EXP 	target_text: text = 'hammerr'
19.4456 	EXP 	target_text: autoDraw = True
20.5374 	EXP 	Device response: <KeyPress from None: t=20.53211066700169, value=m, duration=None>
20.5380 	EXP 	New trial (rep=0, index=7): <Trial 7 (7 in rep 0) data={'prime': 'cat', 'target': 'dogt', 'relation': 'related', 'target_type': 'nonword', 'correct_key': 'z', 'thisN': 7, 'thisTrialN': 7, 'thisRepN': 0}>
20.5507 	DATA 	Keypress: m
20.5567 	EXP 	target_text: autoDraw = False
20.5567 	EXP 	prime_text: text = ' prime'
20.5567 	EXP 	prime_text: autoDraw = True
20.6640 	EXP 	Device response: <KeyPress from None: t=20.53211066700169, value=m, duration=0.12427179099904606>
20.7022 	EXP 	prime_text: autoDraw = False
20.7022 	EXP 	gap1: autoDraw = True
20.7473 	INFO 	Keyboard events cleared
20.7471 	EXP 	gap1: autoDraw = False
20.7471 	EXP 	gap1: autoDraw = False
20.7471 	EXP 	target_text: height = np.float64(0.05)
20.7471 	EXP 	target_text: height = np.float64(0.05)
20.7471 	EXP 	target_text: height = np.float64(0.05)
20.7471 	EXP 	target_text: text = 'dogt'
20.7471 	EXP 	target_text: autoDraw = True
21.8698 	EXP 	Device response: <KeyPress from None: t=21.863029667001683, value=z, duration=None>
21.8701 	EXP 	New trial (rep=0, index=8): <Trial 8 (8 in rep 0) data={'prime': 'teacher', 'target': 'banana', 'relation': 'unrelated', 'target_type': 'word', 'correct_key': 'm', 'thisN': 8, 'thisTrialN': 8, 'thisRepN': 0}>
21.8742 	DATA 	Keypress: z
21.8806 	EXP 	target_text: autoDraw = False
21.8806 	EXP 	prime_text: text = ' prime'
21.8806 	EXP 	prime_text: autoDraw = True
22.0136 	EXP 	Device response: <KeyPress from None: t=21.863029667001683, value=z, duration=0.1411390829962329>
22.0279 	EXP 	prime_text: autoDraw = False
22.0279 	EXP 	gap1: autoDraw = True
22.0735 	INFO 	Keyboard events cleared
22.0733 	EXP 	gap1: autoDraw = False
22.0733 	EXP 	gap1: autoDraw = False
22.0733 	EXP 	target_text: height = np.float64(0.05)
22.0733 	EXP 	target_text: height = np.float64(0.05)
22.0733 	EXP 	target_text: height = np.float64(0.05)
22.0733 	EXP 	target_text: text = 'banana'
22.0733 	EXP 	target_text: autoDraw = True
22.9545 	EXP 	Device response: <KeyPress from None: t=22.949030999996467, value=m, duration=None>
22.9550 	EXP 	New trial (rep=0, index=9): <Trial 9 (9 in rep 0) data={'prime': 'pen', 'target': 'shoe', 'relation': 'unrelated', 'target_type': 'word', 'correct_key': 'm', 'thisN': 9, 'thisTrialN': 9, 'thisRepN': 0}>
22.9594 	DATA 	Keypress: m
22.9646 	EXP 	target_text: autoDraw = False
22.9646 	EXP 	prime_text: text = ' prime'
22.9646 	EXP 	prime_text: autoDraw = True
23.0808 	EXP 	Device response: <KeyPress from None: t=22.949030999996467, value=m, duration=0.12427266700251494>
23.1122 	EXP 	prime_text: autoDraw = False
23.1122 	EXP 	prime_text: autoDraw = False
23.1122 	EXP 	gap1: autoDraw = True
23.1568 	INFO 	Keyboard events cleared
23.1566 	EXP 	gap1: autoDraw = False
23.1566 	EXP 	gap1: autoDraw = False
23.1566 	EXP 	target_text: height = np.float64(0.05)
23.1566 	EXP 	target_text: height = np.float64(0.05)
23.1566 	EXP 	target_text: height = np.float64(0.05)
23.1566 	EXP 	target_text: text = 'shoe'
23.1566 	EXP 	target_text: autoDraw = True
23.8137 	EXP 	Device response: <KeyPress from None: t=23.811006707997876, value=z, duration=None>
23.8143 	EXP 	New trial (rep=0, index=10): <Trial 10 (10 in rep 0) data={'prime': 'cup', 'target': 'tea', 'relation': 'related', 'target_type': 'word', 'correct_key': 'm', 'thisN': 10, 'thisTrialN': 10, 'thisRepN': 0}>
23.8186 	DATA 	Keypress: z
23.8229 	EXP 	target_text: autoDraw = False
23.8229 	EXP 	prime_text: text = ' prime'
23.8229 	EXP 	prime_text: autoDraw = True
23.9637 	EXP 	Device response: <KeyPress from None: t=23.811006707997876, value=z, duration=0.14834116699785227>
23.9713 	EXP 	prime_text: autoDraw = False
23.9713 	EXP 	prime_text: autoDraw = False
23.9713 	EXP 	gap1: autoDraw = True
24.0308 	INFO 	Keyboard events cleared
24.0306 	EXP 	gap1: autoDraw = False
24.0306 	EXP 	gap1: autoDraw = False
24.0306 	EXP 	target_text: height = np.float64(0.05)
24.0306 	EXP 	target_text: height = np.float64(0.05)
24.0306 	EXP 	target_text: height = np.float64(0.05)
24.0306 	EXP 	target_text: text = 'tea'
24.0306 	EXP 	target_text: autoDraw = True
24.6969 	EXP 	Device response: <KeyPress from None: t=24.690998958001728, value=m, duration=None>
24.6975 	EXP 	New trial (rep=0, index=11): <Trial 11 (11 in rep 0) data={'prime': 'rain', 'target': 'engine', 'relation': 'unrelated', 'target_type': 'word', 'correct_key': 'm', 'thisN': 11, 'thisTrialN': 11, 'thisRepN': 0}>
24.7018 	DATA 	Keypress: m
24.7075 	EXP 	target_text: autoDraw = False
24.7075 	EXP 	prime_text: text = ' prime'
24.7075 	EXP 	prime_text: autoDraw = True
24.8307 	EXP 	Device response: <KeyPress from None: t=24.690998958001728, value=m, duration=0.1363171249977313>
24.8522 	EXP 	prime_text: autoDraw = False
24.8522 	EXP 	prime_text: autoDraw = False
24.8522 	EXP 	gap1: autoDraw = True
24.9119 	INFO 	Keyboard events cleared
24.9116 	EXP 	gap1: autoDraw = False
24.9116 	EXP 	gap1: autoDraw = False
24.9116 	EXP 	target_text: height = np.float64(0.05)
24.9116 	EXP 	target_text: height = np.float64(0.05)
24.9116 	EXP 	target_text: height = np.float64(0.05)
24.9116 	EXP 	target_text: text = 'engine'
24.9116 	EXP 	target_text: autoDraw = True
25.4146 	EXP 	Device response: <KeyPress from None: t=25.404999082995346, value=m, duration=None>
25.4152 	EXP 	New trial (rep=0, index=12): <Trial 12 (12 in rep 0) data={'prime': 'king', 'target': 'marker', 'relation': 'unrelated', 'target_type': 'word', 'correct_key': 'm', 'thisN': 12, 'thisTrialN': 12, 'thisRepN': 0}>
25.4195 	DATA 	Keypress: m
25.4251 	EXP 	target_text: autoDraw = False
25.4251 	EXP 	prime_text: text = ' prime'
25.4251 	EXP 	prime_text: autoDraw = True
25.5639 	EXP 	Device response: <KeyPress from None: t=25.404999082995346, value=m, duration=0.1522981250018347>
25.5716 	EXP 	prime_text: autoDraw = False
25.5716 	EXP 	prime_text: autoDraw = False
25.5716 	EXP 	gap1: autoDraw = True
25.6233 	INFO 	Keyboard events cleared
25.6232 	EXP 	gap1: autoDraw = False
25.6232 	EXP 	gap1: autoDraw = False
25.6232 	EXP 	target_text: height = np.float64(0.05)
25.6232 	EXP 	target_text: height = np.float64(0.05)
25.6232 	EXP 	target_text: height = np.float64(0.05)
25.6232 	EXP 	target_text: text = 'marker'
25.6232 	EXP 	target_text: autoDraw = True
26.1803 	EXP 	Device response: <KeyPress from None: t=26.173917207997874, value=m, duration=None>
26.1809 	EXP 	New trial (rep=0, index=13): <Trial 13 (13 in rep 0) data={'prime': 'fire', 'target': 'blanket', 'relation': 'unrelated', 'target_type': 'word', 'correct_key': 'm', 'thisN': 13, 'thisTrialN': 13, 'thisRepN': 0}>
26.1851 	DATA 	Keypress: m
26.1908 	EXP 	target_text: autoDraw = False
26.1908 	EXP 	prime_text: text = ' prime'
26.1908 	EXP 	prime_text: autoDraw = True
26.3357 	EXP 	prime_text: autoDraw = False
26.3357 	EXP 	prime_text: autoDraw = False
26.3357 	EXP 	gap1: autoDraw = True
26.3475 	EXP 	Device response: <KeyPress from None: t=26.173917207997874, value=m, duration=0.16436704200168606>
26.3904 	INFO 	Keyboard events cleared
26.3903 	EXP 	gap1: autoDraw = False
26.3903 	EXP 	gap1: autoDraw = False
26.3903 	EXP 	target_text: height = np.float64(0.05)
26.3903 	EXP 	target_text: height = np.float64(0.05)
26.3903 	EXP 	target_text: height = np.float64(0.05)
26.3903 	EXP 	target_text: text = 'blanket'
26.3903 	EXP 	target_text: autoDraw = True
27.0142 	EXP 	Device response: <KeyPress from None: t=27.005900916999963, value=m, duration=None>
27.0148 	EXP 	New trial (rep=0, index=14): <Trial 14 (14 in rep 0) data={'prime': 'shirt', 'target': 'cloth', 'relation': 'related', 'target_type': 'word', 'correct_key': 'm', 'thisN': 14, 'thisTrialN': 14, 'thisRepN': 0}>
27.0193 	DATA 	Keypress: m
27.0249 	EXP 	target_text: autoDraw = False
27.0249 	EXP 	prime_text: text = ' prime'
27.0249 	EXP 	prime_text: autoDraw = True
27.1642 	EXP 	Device response: <KeyPress from None: t=27.005900916999963, value=m, duration=0.15631991600093897>
27.1703 	EXP 	prime_text: autoDraw = False
27.1703 	EXP 	prime_text: autoDraw = False
27.1703 	EXP 	gap1: autoDraw = True
27.2237 	INFO 	Keyboard events cleared
27.2235 	EXP 	gap1: autoDraw = False
27.2235 	EXP 	gap1: autoDraw = False
27.2235 	EXP 	target_text: height = np.float64(0.05)
27.2235 	EXP 	target_text: height = np.float64(0.05)
27.2235 	EXP 	target_text: height = np.float64(0.05)
27.2235 	EXP 	target_text: text = 'cloth'
27.2235 	EXP 	target_text: autoDraw = True
28.4138 	EXP 	Device response: <KeyPress from None: t=28.405925291997846, value=m, duration=None>
28.4143 	EXP 	New trial (rep=0, index=15): <Trial 15 (15 in rep 0) data={'prime': 'shoe', 'target': 'sockp', 'relation': 'related', 'target_type': 'nonword', 'correct_key': 'z', 'thisN': 15, 'thisTrialN': 15, 'thisRepN': 0}>
28.4168 	DATA 	Keypress: m
28.4211 	EXP 	target_text: autoDraw = False
28.4211 	EXP 	prime_text: text = ' prime'
28.4211 	EXP 	prime_text: autoDraw = True
28.5640 	EXP 	Device response: <KeyPress from None: t=28.405925291997846, value=m, duration=0.14830295799765736>
28.5714 	EXP 	prime_text: autoDraw = False
28.5714 	EXP 	prime_text: autoDraw = False
28.5714 	EXP 	gap1: autoDraw = True
28.6234 	INFO 	Keyboard events cleared
28.6232 	EXP 	gap1: autoDraw = False
28.6232 	EXP 	gap1: autoDraw = False
28.6232 	EXP 	target_text: height = np.float64(0.05)
28.6232 	EXP 	target_text: height = np.float64(0.05)
28.6232 	EXP 	target_text: height = np.float64(0.05)
28.6232 	EXP 	target_text: text = 'sockp'
28.6232 	EXP 	target_text: autoDraw = True
29.4473 	EXP 	Device response: <KeyPress from None: t=29.44491674999881, value=z, duration=None>
29.4479 	EXP 	New trial (rep=0, index=16): <Trial 16 (16 in rep 0) data={'prime': 'rain', 'target': 'enginez', 'relation': 'unrelated', 'target_type': 'nonword', 'correct_key': 'z', 'thisN': 16, 'thisTrialN': 16, 'thisRepN': 0}>
29.4522 	DATA 	Keypress: z
29.4581 	EXP 	target_text: autoDraw = False
29.4581 	EXP 	prime_text: text = ' prime'
29.4581 	EXP 	prime_text: autoDraw = True
29.5803 	EXP 	Device response: <KeyPress from None: t=29.44491674999881, value=z, duration=0.13222112500079675>
29.6011 	EXP 	prime_text: autoDraw = False
29.6011 	EXP 	prime_text: autoDraw = False
29.6011 	EXP 	gap1: autoDraw = True
29.6463 	INFO 	Keyboard events cleared
29.6461 	EXP 	gap1: autoDraw = False
29.6461 	EXP 	gap1: autoDraw = False
29.6461 	EXP 	target_text: height = np.float64(0.05)
29.6461 	EXP 	target_text: height = np.float64(0.05)
29.6461 	EXP 	target_text: height = np.float64(0.05)
29.6461 	EXP 	target_text: text = 'enginez'
29.6461 	EXP 	target_text: autoDraw = True
30.3642 	EXP 	Device response: <KeyPress from None: t=30.3549090000015, value=z, duration=None>
30.3648 	EXP 	New trial (rep=0, index=17): <Trial 17 (17 in rep 0) data={'prime': 'king', 'target': 'queenm', 'relation': 'related', 'target_type': 'nonword', 'correct_key': 'z', 'thisN': 17, 'thisTrialN': 17, 'thisRepN': 0}>
30.3683 	DATA 	Keypress: z
30.3723 	EXP 	target_text: autoDraw = False
30.3723 	EXP 	prime_text: text = ' prime'
30.3723 	EXP 	prime_text: autoDraw = True
30.4803 	EXP 	Device response: <KeyPress from None: t=30.3549090000015, value=z, duration=0.12030062499979977>
30.5192 	EXP 	prime_text: autoDraw = False
30.5192 	EXP 	prime_text: autoDraw = False
30.5192 	EXP 	gap1: autoDraw = True
30.5630 	INFO 	Keyboard events cleared
30.5629 	EXP 	gap1: autoDraw = False
30.5629 	EXP 	gap1: autoDraw = False
30.5629 	EXP 	target_text: height = np.float64(0.05)
30.5629 	EXP 	target_text: height = np.float64(0.05)
30.5629 	EXP 	target_text: height = np.float64(0.05)
30.5629 	EXP 	target_text: text = 'queenm'
30.5629 	EXP 	target_text: autoDraw = True
31.3640 	EXP 	Device response: <KeyPress from None: t=31.356859125000483, value=z, duration=None>
31.3647 	EXP 	New trial (rep=0, index=18): <Trial 18 (18 in rep 0) data={'prime': 'road', 'target': 'street', 'relation': 'related', 'target_type': 'word', 'correct_key': 'm', 'thisN': 18, 'thisTrialN': 18, 'thisRepN': 0}>
31.3690 	DATA 	Keypress: z
31.3748 	EXP 	target_text: autoDraw = False
31.3748 	EXP 	prime_text: text = ' prime'
31.3748 	EXP 	prime_text: autoDraw = True
31.4808 	EXP 	Device response: <KeyPress from None: t=31.356859125000483, value=z, duration=0.12031320799724199>
31.5184 	EXP 	prime_text: autoDraw = False
31.5184 	EXP 	prime_text: autoDraw = False
31.5184 	EXP 	gap1: autoDraw = True
31.5785 	INFO 	Keyboard events cleared
31.5783 	EXP 	gap1: autoDraw = False
31.5783 	EXP 	gap1: autoDraw = False
31.5783 	EXP 	target_text: height = np.float64(0.05)
31.5783 	EXP 	target_text: height = np.float64(0.05)
31.5783 	EXP 	target_text: height = np.float64(0.05)
31.5783 	EXP 	target_text: text = 'street'
31.5783 	EXP 	target_text: autoDraw = True
32.1202 	EXP 	Device response: <KeyPress from None: t=32.11278479199973, value=m, duration=None>
32.1206 	EXP 	New trial (rep=0, index=19): <Trial 19 (19 in rep 0) data={'prime': 'shirt', 'target': 'clothp', 'relation': 'related', 'target_type': 'nonword', 'correct_key': 'z', 'thisN': 19, 'thisTrialN': 19, 'thisRepN': 0}>
32.1233 	DATA 	Keypress: m
32.1294 	EXP 	target_text: autoDraw = False
32.1294 	EXP 	prime_text: text = ' prime'
32.1294 	EXP 	prime_text: autoDraw = True
32.2640 	EXP 	Device response: <KeyPress from None: t=32.11278479199973, value=m, duration=0.144303957997181>
32.2719 	EXP 	prime_text: autoDraw = False
32.2719 	EXP 	prime_text: autoDraw = False
32.2719 	EXP 	gap1: autoDraw = True
32.3254 	INFO 	Keyboard events cleared
32.3253 	EXP 	gap1: autoDraw = False
32.3253 	EXP 	gap1: autoDraw = False
32.3253 	EXP 	target_text: height = np.float64(0.05)
32.3253 	EXP 	target_text: height = np.float64(0.05)
32.3253 	EXP 	target_text: height = np.float64(0.05)
32.3253 	EXP 	target_text: text = 'clothp'
32.3253 	EXP 	target_text: autoDraw = True
33.0314 	EXP 	Device response: <KeyPress from None: t=33.01981183300086, value=z, duration=None>
33.0321 	EXP 	New trial (rep=0, index=20): <Trial 20 (20 in rep 0) data={'prime': 'pen', 'target': 'shoep', 'relation': 'unrelated', 'target_type': 'nonword', 'correct_key': 'z', 'thisN': 20, 'thisTrialN': 20, 'thisRepN': 0}>
33.0365 	DATA 	Keypress: z
33.0422 	EXP 	target_text: autoDraw = False
33.0422 	EXP 	prime_text: text = ' prime'
33.0422 	EXP 	prime_text: autoDraw = True
33.1857 	EXP 	prime_text: autoDraw = False
33.1857 	EXP 	prime_text: autoDraw = False
33.1857 	EXP 	gap1: autoDraw = True
33.1867 	EXP 	Device response: <KeyPress from None: t=33.01981183300086, value=z, duration=0.1603095839964226>
33.2452 	INFO 	Keyboard events cleared
33.2450 	EXP 	gap1: autoDraw = False
33.2450 	EXP 	gap1: autoDraw = False
33.2450 	EXP 	target_text: height = np.float64(0.05)
33.2450 	EXP 	target_text: height = np.float64(0.05)
33.2450 	EXP 	target_text: height = np.float64(0.05)
33.2450 	EXP 	target_text: text = 'shoep'
33.2450 	EXP 	target_text: autoDraw = True
33.7979 	EXP 	Device response: <KeyPress from None: t=33.79576999999699, value=m, duration=None>
33.7984 	EXP 	New trial (rep=0, index=21): <Trial 21 (21 in rep 0) data={'prime': 'tree', 'target': 'leaf', 'relation': 'related', 'target_type': 'word', 'correct_key': 'm', 'thisN': 21, 'thisTrialN': 21, 'thisRepN': 0}>
33.8029 	DATA 	Keypress: m
33.8089 	EXP 	target_text: autoDraw = False
33.8089 	EXP 	prime_text: text = ' prime'
33.8089 	EXP 	prime_text: autoDraw = True
33.9522 	EXP 	prime_text: autoDraw = False
33.9522 	EXP 	prime_text: autoDraw = False
33.9522 	EXP 	gap1: autoDraw = True
33.9970 	INFO 	Keyboard events cleared
33.9969 	EXP 	gap1: autoDraw = False
33.9969 	EXP 	gap1: autoDraw = False
33.9969 	EXP 	target_text: height = np.float64(0.05)
33.9969 	EXP 	target_text: height = np.float64(0.05)
33.9969 	EXP 	target_text: height = np.float64(0.05)
33.9969 	EXP 	target_text: text = 'leaf'
33.9969 	EXP 	target_text: autoDraw = True
34.0139 	EXP 	Device response: <KeyPress from None: t=33.79576999999699, value=m, duration=0.2084251249980298>
34.7307 	EXP 	Device response: <KeyPress from None: t=34.72173520799697, value=m, duration=None>
34.7312 	EXP 	New trial (rep=0, index=22): <Trial 22 (22 in rep 0) data={'prime': 'mother', 'target': 'bottlex', 'relation': 'unrelated', 'target_type': 'nonword', 'correct_key': 'z', 'thisN': 22, 'thisTrialN': 22, 'thisRepN': 0}>
34.7354 	DATA 	Keypress: m
34.7412 	EXP 	target_text: autoDraw = False
34.7412 	EXP 	prime_text: text = ' prime'
34.7412 	EXP 	prime_text: autoDraw = True
34.8473 	EXP 	Device response: <KeyPress from None: t=34.72173520799697, value=m, duration=0.11636416699911933>
34.8861 	EXP 	prime_text: autoDraw = False
34.8861 	EXP 	prime_text: autoDraw = False
34.8861 	EXP 	gap1: autoDraw = True
34.9450 	INFO 	Keyboard events cleared
34.9448 	EXP 	gap1: autoDraw = False
34.9448 	EXP 	gap1: autoDraw = False
34.9448 	EXP 	target_text: height = np.float64(0.05)
34.9448 	EXP 	target_text: height = np.float64(0.05)
34.9448 	EXP 	target_text: height = np.float64(0.05)
34.9448 	EXP 	target_text: text = 'bottlex'
34.9448 	EXP 	target_text: autoDraw = True
35.7303 	EXP 	Device response: <KeyPress from None: t=35.724706041997706, value=z, duration=None>
35.7308 	EXP 	New trial (rep=0, index=23): <Trial 23 (23 in rep 0) data={'prime': 'river', 'target': 'chairy', 'relation': 'unrelated', 'target_type': 'nonword', 'correct_key': 'z', 'thisN': 23, 'thisTrialN': 23, 'thisRepN': 0}>
35.7350 	DATA 	Keypress: z
35.7407 	EXP 	target_text: autoDraw = False
35.7407 	EXP 	prime_text: text = ' prime'
35.7407 	EXP 	prime_text: autoDraw = True
35.8859 	EXP 	prime_text: autoDraw = False
35.8859 	EXP 	prime_text: autoDraw = False
35.8859 	EXP 	gap1: autoDraw = True
35.9202 	EXP 	Device response: <KeyPress from None: t=35.724706041997706, value=z, duration=0.18830933300341712>
35.9316 	INFO 	Keyboard events cleared
35.9315 	EXP 	gap1: autoDraw = False
35.9315 	EXP 	gap1: autoDraw = False
35.9315 	EXP 	target_text: height = np.float64(0.05)
35.9315 	EXP 	target_text: height = np.float64(0.05)
35.9315 	EXP 	target_text: height = np.float64(0.05)
35.9315 	EXP 	target_text: text = 'chairy'
35.9315 	EXP 	target_text: autoDraw = True
36.5038 	EXP 	Device response: <KeyPress from None: t=36.497726832996705, value=z, duration=None>
36.5044 	EXP 	New trial (rep=0, index=24): <Trial 24 (24 in rep 0) data={'prime': 'doctor', 'target': 'nurse', 'relation': 'related', 'target_type': 'word', 'correct_key': 'm', 'thisN': 24, 'thisTrialN': 24, 'thisRepN': 0}>
36.5089 	DATA 	Keypress: z
36.5147 	EXP 	target_text: autoDraw = False
36.5147 	EXP 	prime_text: text = ' prime'
36.5147 	EXP 	prime_text: autoDraw = True
36.6462 	EXP 	Device response: <KeyPress from None: t=36.497726832996705, value=z, duration=0.1443379170013941>
36.6619 	EXP 	prime_text: autoDraw = False
36.6619 	EXP 	prime_text: autoDraw = False
36.6619 	EXP 	gap1: autoDraw = True
36.7066 	INFO 	Keyboard events cleared
36.7065 	EXP 	gap1: autoDraw = False
36.7065 	EXP 	gap1: autoDraw = False
36.7065 	EXP 	target_text: height = np.float64(0.05)
36.7065 	EXP 	target_text: height = np.float64(0.05)
36.7065 	EXP 	target_text: height = np.float64(0.05)
36.7065 	EXP 	target_text: text = 'nurse'
36.7065 	EXP 	target_text: autoDraw = True
37.3470 	EXP 	Device response: <KeyPress from None: t=37.34472758299671, value=m, duration=None>
37.3475 	EXP 	New trial (rep=0, index=25): <Trial 25 (25 in rep 0) data={'prime': 'salt', 'target': 'pepper', 'relation': 'related', 'target_type': 'word', 'correct_key': 'm', 'thisN': 25, 'thisTrialN': 25, 'thisRepN': 0}>
37.3517 	DATA 	Keypress: m
37.3575 	EXP 	target_text: autoDraw = False
37.3575 	EXP 	prime_text: text = ' prime'
37.3575 	EXP 	prime_text: autoDraw = True
37.4976 	EXP 	Device response: <KeyPress from None: t=37.34472758299671, value=m, duration=0.1443054170013056>
37.5051 	EXP 	prime_text: autoDraw = False
37.5051 	EXP 	prime_text: autoDraw = False
37.5051 	EXP 	gap1: autoDraw = True
37.5576 	INFO 	Keyboard events cleared
37.5574 	EXP 	gap1: autoDraw = False
37.5574 	EXP 	gap1: autoDraw = False
37.5574 	EXP 	target_text: height = np.float64(0.05)
37.5574 	EXP 	target_text: height = np.float64(0.05)
37.5574 	EXP 	target_text: height = np.float64(0.05)
37.5574 	EXP 	target_text: text = 'pepper'
37.5574 	EXP 	target_text: autoDraw = True
38.1379 	EXP 	Device response: <KeyPress from None: t=38.133664499997394, value=m, duration=None>
38.1385 	EXP 	New trial (rep=0, index=26): <Trial 26 (26 in rep 0) data={'prime': 'phone', 'target': 'forestt', 'relation': 'unrelated', 'target_type': 'nonword', 'correct_key': 'z', 'thisN': 26, 'thisTrialN': 26, 'thisRepN': 0}>
38.1432 	DATA 	Keypress: m
38.1488 	EXP 	target_text: autoDraw = False
38.1488 	EXP 	prime_text: text = ' prime'
38.1488 	EXP 	prime_text: autoDraw = True
38.2808 	EXP 	Device response: <KeyPress from None: t=38.133664499997394, value=m, duration=0.14438162500300677>
38.2954 	EXP 	prime_text: autoDraw = False
38.2954 	EXP 	gap1: autoDraw = True
38.3398 	INFO 	Keyboard events cleared
38.3397 	EXP 	gap1: autoDraw = False
38.3397 	EXP 	gap1: autoDraw = False
38.3397 	EXP 	target_text: height = np.float64(0.05)
38.3397 	EXP 	target_text: height = np.float64(0.05)
38.3397 	EXP 	target_text: height = np.float64(0.05)
38.3397 	EXP 	target_text: text = 'forestt'
38.3397 	EXP 	target_text: autoDraw = True
39.0710 	EXP 	Device response: <KeyPress from None: t=39.06765020799503, value=z, duration=None>
39.0716 	EXP 	New trial (rep=0, index=27): <Trial 27 (27 in rep 0) data={'prime': 'mother', 'target': 'childo', 'relation': 'related', 'target_type': 'nonword', 'correct_key': 'z', 'thisN': 27, 'thisTrialN': 27, 'thisRepN': 0}>
39.0761 	DATA 	Keypress: z
39.0815 	EXP 	target_text: autoDraw = False
39.0815 	EXP 	prime_text: text = ' prime'
39.0815 	EXP 	prime_text: autoDraw = True
39.1975 	EXP 	Device response: <KeyPress from None: t=39.06765020799503, value=z, duration=0.1203536670000176>
39.2289 	EXP 	prime_text: autoDraw = False
39.2289 	EXP 	prime_text: autoDraw = False
39.2289 	EXP 	gap1: autoDraw = True
39.2725 	INFO 	Keyboard events cleared
39.2724 	EXP 	gap1: autoDraw = False
39.2724 	EXP 	gap1: autoDraw = False
39.2724 	EXP 	target_text: height = np.float64(0.05)
39.2724 	EXP 	target_text: height = np.float64(0.05)
39.2724 	EXP 	target_text: height = np.float64(0.05)
39.2724 	EXP 	target_text: text = 'childo'
39.2724 	EXP 	target_text: autoDraw = True
40.1308 	EXP 	Device response: <KeyPress from None: t=40.12867037500109, value=z, duration=None>
40.1314 	EXP 	New trial (rep=0, index=28): <Trial 28 (28 in rep 0) data={'prime': 'bird', 'target': 'wingl', 'relation': 'related', 'target_type': 'nonword', 'correct_key': 'z', 'thisN': 28, 'thisTrialN': 28, 'thisRepN': 0}>
40.1356 	DATA 	Keypress: z
40.1413 	EXP 	target_text: autoDraw = False
40.1413 	EXP 	prime_text: text = ' prime'
40.1413 	EXP 	prime_text: autoDraw = True
40.2859 	EXP 	prime_text: autoDraw = False
40.2859 	EXP 	prime_text: autoDraw = False
40.2859 	EXP 	gap1: autoDraw = True
40.3030 	EXP 	Device response: <KeyPress from None: t=40.12867037500109, value=z, duration=0.16831095799716422>
40.3393 	INFO 	Keyboard events cleared
40.3392 	EXP 	gap1: autoDraw = False
40.3392 	EXP 	gap1: autoDraw = False
40.3392 	EXP 	target_text: height = np.float64(0.05)
40.3392 	EXP 	target_text: height = np.float64(0.05)
40.3392 	EXP 	target_text: height = np.float64(0.05)
40.3392 	EXP 	target_text: text = 'wingl'
40.3392 	EXP 	target_text: autoDraw = True
40.9975 	EXP 	Device response: <KeyPress from None: t=40.985625374996744, value=z, duration=None>
40.9981 	EXP 	New trial (rep=0, index=29): <Trial 29 (29 in rep 0) data={'prime': 'phone', 'target': 'callz', 'relation': 'related', 'target_type': 'nonword', 'correct_key': 'z', 'thisN': 29, 'thisTrialN': 29, 'thisRepN': 0}>
41.0025 	DATA 	Keypress: z
41.0081 	EXP 	target_text: autoDraw = False
41.0081 	EXP 	prime_text: text = ' prime'
41.0081 	EXP 	prime_text: autoDraw = True
41.1305 	EXP 	Device response: <KeyPress from None: t=40.985625374996744, value=z, duration=0.13633170800312655>
41.1514 	EXP 	prime_text: autoDraw = False
41.1514 	EXP 	prime_text: autoDraw = False
41.1514 	EXP 	gap1: autoDraw = True
41.1961 	INFO 	Keyboard events cleared
41.1959 	EXP 	gap1: autoDraw = False
41.1959 	EXP 	gap1: autoDraw = False
41.1959 	EXP 	target_text: height = np.float64(0.05)
41.1959 	EXP 	target_text: height = np.float64(0.05)
41.1959 	EXP 	target_text: height = np.float64(0.05)
41.1959 	EXP 	target_text: text = 'callz'
41.1959 	EXP 	target_text: autoDraw = True
42.0707 	EXP 	Device response: <KeyPress from None: t=42.06561349999538, value=z, duration=None>
42.0713 	EXP 	New trial (rep=0, index=30): <Trial 30 (30 in rep 0) data={'prime': 'tree', 'target': 'leafw', 'relation': 'related', 'target_type': 'nonword', 'correct_key': 'z', 'thisN': 30, 'thisTrialN': 30, 'thisRepN': 0}>
42.0758 	DATA 	Keypress: z
42.0812 	EXP 	target_text: autoDraw = False
42.0812 	EXP 	prime_text: text = ' prime'
42.0812 	EXP 	prime_text: autoDraw = True
42.2199 	EXP 	Device response: <KeyPress from None: t=42.06561349999538, value=z, duration=0.15228179200494196>
42.2282 	EXP 	prime_text: autoDraw = False
42.2282 	EXP 	prime_text: autoDraw = False
42.2282 	EXP 	gap1: autoDraw = True
42.2733 	INFO 	Keyboard events cleared
42.2731 	EXP 	gap1: autoDraw = False
42.2731 	EXP 	gap1: autoDraw = False
42.2731 	EXP 	target_text: height = np.float64(0.05)
42.2731 	EXP 	target_text: height = np.float64(0.05)
42.2731 	EXP 	target_text: height = np.float64(0.05)
42.2731 	EXP 	target_text: text = 'leafw'
42.2731 	EXP 	target_text: autoDraw = True
42.7968 	EXP 	Device response: <KeyPress from None: t=42.79059399999824, value=z, duration=None>
42.7973 	EXP 	New trial (rep=0, index=31): <Trial 31 (31 in rep 0) data={'prime': 'cat', 'target': 'dog', 'relation': 'related', 'target_type': 'word', 'correct_key': 'm', 'thisN': 31, 'thisTrialN': 31, 'thisRepN': 0}>
42.8016 	DATA 	Keypress: z
42.8073 	EXP 	target_text: autoDraw = False
42.8073 	EXP 	prime_text: text = ' prime'
42.8073 	EXP 	prime_text: autoDraw = True
42.9520 	EXP 	prime_text: autoDraw = False
42.9520 	EXP 	prime_text: autoDraw = False
42.9520 	EXP 	gap1: autoDraw = True
42.9872 	EXP 	Device response: <KeyPress from None: t=42.79059399999824, value=z, duration=0.18830249999882653>
43.0035 	INFO 	Keyboard events cleared
43.0033 	EXP 	gap1: autoDraw = False
43.0033 	EXP 	gap1: autoDraw = False
43.0033 	EXP 	target_text: height = np.float64(0.05)
43.0033 	EXP 	target_text: height = np.float64(0.05)
43.0033 	EXP 	target_text: height = np.float64(0.05)
43.0033 	EXP 	target_text: text = 'dog'
43.0033 	EXP 	target_text: autoDraw = True
43.5968 	EXP 	Device response: <KeyPress from None: t=43.593591124998056, value=m, duration=None>
43.5973 	EXP 	New trial (rep=0, index=32): <Trial 32 (32 in rep 0) data={'prime': 'sun', 'target': 'glass', 'relation': 'unrelated', 'target_type': 'word', 'correct_key': 'm', 'thisN': 32, 'thisTrialN': 32, 'thisRepN': 0}>
43.6015 	DATA 	Keypress: m
43.6072 	EXP 	target_text: autoDraw = False
43.6072 	EXP 	prime_text: text = ' prime'
43.6072 	EXP 	prime_text: autoDraw = True
43.7521 	EXP 	prime_text: autoDraw = False
43.7521 	EXP 	prime_text: autoDraw = False
43.7521 	EXP 	gap1: autoDraw = True
43.7538 	EXP 	Device response: <KeyPress from None: t=43.593591124998056, value=m, duration=0.15230629200232215>
43.8117 	INFO 	Keyboard events cleared
43.8115 	EXP 	gap1: autoDraw = False
43.8115 	EXP 	gap1: autoDraw = False
43.8115 	EXP 	target_text: height = np.float64(0.05)
43.8115 	EXP 	target_text: height = np.float64(0.05)
43.8115 	EXP 	target_text: height = np.float64(0.05)
43.8115 	EXP 	target_text: text = 'glass'
43.8115 	EXP 	target_text: autoDraw = True
44.3361 	EXP 	Device response: <KeyPress from None: t=44.32957987499685, value=m, duration=None>
44.3364 	EXP 	New trial (rep=0, index=33): <Trial 33 (33 in rep 0) data={'prime': 'shirt', 'target': 'riverl', 'relation': 'unrelated', 'target_type': 'nonword', 'correct_key': 'z', 'thisN': 33, 'thisTrialN': 33, 'thisRepN': 0}>
44.3410 	DATA 	Keypress: m
44.3472 	EXP 	target_text: autoDraw = False
44.3472 	EXP 	prime_text: text = ' prime'
44.3472 	EXP 	prime_text: autoDraw = True
44.4532 	EXP 	Device response: <KeyPress from None: t=44.32957987499685, value=m, duration=0.11629304200323531>
44.4951 	EXP 	prime_text: autoDraw = False
44.4951 	EXP 	prime_text: autoDraw = False
44.4951 	EXP 	gap1: autoDraw = True
44.5416 	INFO 	Keyboard events cleared
44.5414 	EXP 	gap1: autoDraw = False
44.5414 	EXP 	gap1: autoDraw = False
44.5414 	EXP 	target_text: height = np.float64(0.05)
44.5414 	EXP 	target_text: height = np.float64(0.05)
44.5414 	EXP 	target_text: height = np.float64(0.05)
44.5414 	EXP 	target_text: text = 'riverl'
44.5414 	EXP 	target_text: autoDraw = True
45.1804 	EXP 	Device response: <KeyPress from None: t=45.17848070799664, value=z, duration=None>
45.1809 	EXP 	New trial (rep=0, index=34): <Trial 34 (34 in rep 0) data={'prime': 'ball', 'target': 'game', 'relation': 'related', 'target_type': 'word', 'correct_key': 'm', 'thisN': 34, 'thisTrialN': 34, 'thisRepN': 0}>
45.1852 	DATA 	Keypress: z
45.1909 	EXP 	target_text: autoDraw = False
45.1909 	EXP 	prime_text: text = ' prime'
45.1909 	EXP 	prime_text: autoDraw = True
45.3352 	EXP 	prime_text: autoDraw = False
45.3352 	EXP 	prime_text: autoDraw = False
45.3352 	EXP 	gap1: autoDraw = True
45.3471 	EXP 	Device response: <KeyPress from None: t=45.17848070799664, value=z, duration=0.16434445900085848>
45.3791 	INFO 	Keyboard events cleared
45.3789 	EXP 	gap1: autoDraw = False
45.3789 	EXP 	gap1: autoDraw = False
45.3789 	EXP 	target_text: height = np.float64(0.05)
45.3789 	EXP 	target_text: height = np.float64(0.05)
45.3789 	EXP 	target_text: height = np.float64(0.05)
45.3789 	EXP 	target_text: text = 'game'
45.3789 	EXP 	target_text: autoDraw = True
45.9304 	EXP 	Device response: <KeyPress from None: t=45.919510667001305, value=m, duration=None>
45.9310 	EXP 	New trial (rep=0, index=35): <Trial 35 (35 in rep 0) data={'prime': 'flower', 'target': 'petal', 'relation': 'related', 'target_type': 'word', 'correct_key': 'm', 'thisN': 35, 'thisTrialN': 35, 'thisRepN': 0}>
45.9355 	DATA 	Keypress: m
45.9412 	EXP 	target_text: autoDraw = False
45.9412 	EXP 	prime_text: text = ' prime'
45.9412 	EXP 	prime_text: autoDraw = True
46.0859 	EXP 	prime_text: autoDraw = False
46.0859 	EXP 	prime_text: autoDraw = False
46.0859 	EXP 	gap1: autoDraw = True
46.1138 	EXP 	Device response: <KeyPress from None: t=45.919510667001305, value=m, duration=0.1843472499967902>
46.1313 	INFO 	Keyboard events cleared
46.1312 	EXP 	gap1: autoDraw = False
46.1312 	EXP 	gap1: autoDraw = False
46.1312 	EXP 	target_text: height = np.float64(0.05)
46.1312 	EXP 	target_text: height = np.float64(0.05)
46.1312 	EXP 	target_text: height = np.float64(0.05)
46.1312 	EXP 	target_text: text = 'petal'
46.1312 	EXP 	target_text: autoDraw = True
46.8536 	EXP 	Device response: <KeyPress from None: t=46.848479000000225, value=m, duration=None>
46.8541 	EXP 	New trial (rep=0, index=36): <Trial 36 (36 in rep 0) data={'prime': 'rain', 'target': 'cloudx', 'relation': 'related', 'target_type': 'nonword', 'correct_key': 'z', 'thisN': 36, 'thisTrialN': 36, 'thisRepN': 0}>
46.8587 	DATA 	Keypress: m
46.8649 	EXP 	target_text: autoDraw = False
46.8649 	EXP 	prime_text: text = ' prime'
46.8649 	EXP 	prime_text: autoDraw = True
46.9812 	EXP 	Device response: <KeyPress from None: t=46.848479000000225, value=m, duration=0.12442058300075587>
47.0122 	EXP 	prime_text: autoDraw = False
47.0122 	EXP 	prime_text: autoDraw = False
47.0122 	EXP 	gap1: autoDraw = True
47.0566 	INFO 	Keyboard events cleared
47.0564 	EXP 	gap1: autoDraw = False
47.0564 	EXP 	gap1: autoDraw = False
47.0564 	EXP 	target_text: height = np.float64(0.05)
47.0564 	EXP 	target_text: height = np.float64(0.05)
47.0564 	EXP 	target_text: height = np.float64(0.05)
47.0564 	EXP 	target_text: text = 'cloudx'
47.0564 	EXP 	target_text: autoDraw = True
47.7540 	EXP 	Device response: <KeyPress from None: t=47.74647758300125, value=z, duration=None>
47.7545 	EXP 	New trial (rep=0, index=37): <Trial 37 (37 in rep 0) data={'prime': 'car', 'target': 'engine', 'relation': 'related', 'target_type': 'word', 'correct_key': 'm', 'thisN': 37, 'thisTrialN': 37, 'thisRepN': 0}>
47.7587 	DATA 	Keypress: z
47.7644 	EXP 	target_text: autoDraw = False
47.7644 	EXP 	prime_text: text = ' prime'
47.7644 	EXP 	prime_text: autoDraw = True
47.8807 	EXP 	Device response: <KeyPress from None: t=47.74647758300125, value=z, duration=0.13228108399925986>
47.9109 	EXP 	prime_text: autoDraw = False
47.9109 	EXP 	prime_text: autoDraw = False
47.9109 	EXP 	gap1: autoDraw = True
47.9572 	INFO 	Keyboard events cleared
47.9570 	EXP 	gap1: autoDraw = False
47.9570 	EXP 	gap1: autoDraw = False
47.9570 	EXP 	target_text: height = np.float64(0.05)
47.9570 	EXP 	target_text: height = np.float64(0.05)
47.9570 	EXP 	target_text: height = np.float64(0.05)
47.9570 	EXP 	target_text: text = 'engine'
47.9570 	EXP 	target_text: autoDraw = True
48.8306 	EXP 	Device response: <KeyPress from None: t=48.82346116699773, value=z, duration=None>
48.8312 	EXP 	New trial (rep=0, index=38): <Trial 38 (38 in rep 0) data={'prime': 'doctor', 'target': 'table', 'relation': 'unrelated', 'target_type': 'word', 'correct_key': 'm', 'thisN': 38, 'thisTrialN': 38, 'thisRepN': 0}>
48.8358 	DATA 	Keypress: z
48.8415 	EXP 	target_text: autoDraw = False
48.8415 	EXP 	prime_text: text = ' prime'
48.8415 	EXP 	prime_text: autoDraw = True
48.9634 	EXP 	Device response: <KeyPress from None: t=48.82346116699773, value=z, duration=0.12823275000118883>
48.9858 	EXP 	prime_text: autoDraw = False
48.9858 	EXP 	prime_text: autoDraw = False
48.9858 	EXP 	gap1: autoDraw = True
49.0297 	INFO 	Keyboard events cleared
49.0295 	EXP 	gap1: autoDraw = False
49.0295 	EXP 	gap1: autoDraw = False
49.0295 	EXP 	target_text: height = np.float64(0.05)
49.0295 	EXP 	target_text: height = np.float64(0.05)
49.0295 	EXP 	target_text: height = np.float64(0.05)
49.0295 	EXP 	target_text: text = 'table'
49.0295 	EXP 	target_text: autoDraw = True
49.5202 	EXP 	Device response: <KeyPress from None: t=49.51846029199805, value=m, duration=None>
49.5208 	EXP 	New trial (rep=0, index=39): <Trial 39 (39 in rep 0) data={'prime': 'fire', 'target': 'heatt', 'relation': 'related', 'target_type': 'nonword', 'correct_key': 'z', 'thisN': 39, 'thisTrialN': 39, 'thisRepN': 0}>
49.5250 	DATA 	Keypress: m
49.5315 	EXP 	target_text: autoDraw = False
49.5315 	EXP 	prime_text: text = ' prime'
49.5315 	EXP 	prime_text: autoDraw = True
49.6703 	EXP 	Device response: <KeyPress from None: t=49.51846029199805, value=m, duration=0.144257166000898>
49.6785 	EXP 	prime_text: autoDraw = False
49.6785 	EXP 	prime_text: autoDraw = False
49.6785 	EXP 	gap1: autoDraw = True
49.7233 	INFO 	Keyboard events cleared
49.7231 	EXP 	gap1: autoDraw = False
49.7231 	EXP 	gap1: autoDraw = False
49.7231 	EXP 	target_text: height = np.float64(0.05)
49.7231 	EXP 	target_text: height = np.float64(0.05)
49.7231 	EXP 	target_text: height = np.float64(0.05)
49.7231 	EXP 	target_text: text = 'heatt'
49.7231 	EXP 	target_text: autoDraw = True
50.4373 	EXP 	Device response: <KeyPress from None: t=50.43238179200125, value=m, duration=None>
50.4379 	EXP 	New trial (rep=0, index=40): <Trial 40 (40 in rep 0) data={'prime': 'road', 'target': 'streetq', 'relation': 'related', 'target_type': 'nonword', 'correct_key': 'z', 'thisN': 40, 'thisTrialN': 40, 'thisRepN': 0}>
50.4424 	DATA 	Keypress: m
50.4479 	EXP 	target_text: autoDraw = False
50.4479 	EXP 	prime_text: text = ' prime'
50.4479 	EXP 	prime_text: autoDraw = True
50.5375 	EXP 	Device response: <KeyPress from None: t=50.43238179200125, value=m, duration=0.10026058299990837>
50.5950 	EXP 	prime_text: autoDraw = False
50.5950 	EXP 	prime_text: autoDraw = False
50.5950 	EXP 	gap1: autoDraw = True
50.6399 	INFO 	Keyboard events cleared
50.6397 	EXP 	gap1: autoDraw = False
50.6397 	EXP 	gap1: autoDraw = False
50.6397 	EXP 	target_text: height = np.float64(0.05)
50.6397 	EXP 	target_text: height = np.float64(0.05)
50.6397 	EXP 	target_text: height = np.float64(0.05)
50.6397 	EXP 	target_text: text = 'streetq'
50.6397 	EXP 	target_text: autoDraw = True
51.2307 	EXP 	Device response: <KeyPress from None: t=51.22241420800128, value=m, duration=None>
51.2312 	EXP 	New trial (rep=0, index=41): <Trial 41 (41 in rep 0) data={'prime': 'tree', 'target': 'speaker', 'relation': 'unrelated', 'target_type': 'word', 'correct_key': 'm', 'thisN': 41, 'thisTrialN': 41, 'thisRepN': 0}>
51.2355 	DATA 	Keypress: m
51.2413 	EXP 	target_text: autoDraw = False
51.2413 	EXP 	prime_text: text = ' prime'
51.2413 	EXP 	prime_text: autoDraw = True
51.3852 	EXP 	prime_text: autoDraw = False
51.3852 	EXP 	prime_text: autoDraw = False
51.3852 	EXP 	gap1: autoDraw = True
51.3867 	EXP 	Device response: <KeyPress from None: t=51.22241420800128, value=m, duration=0.16026687499834225>
51.4290 	INFO 	Keyboard events cleared
51.4289 	EXP 	gap1: autoDraw = False
51.4289 	EXP 	gap1: autoDraw = False
51.4289 	EXP 	target_text: height = np.float64(0.05)
51.4289 	EXP 	target_text: height = np.float64(0.05)
51.4289 	EXP 	target_text: height = np.float64(0.05)
51.4289 	EXP 	target_text: text = 'speaker'
51.4289 	EXP 	target_text: autoDraw = True
52.2204 	EXP 	Device response: <KeyPress from None: t=52.2123495420019, value=m, duration=None>
52.2209 	EXP 	New trial (rep=0, index=42): <Trial 42 (42 in rep 0) data={'prime': 'teacher', 'target': 'studenth', 'relation': 'related', 'target_type': 'nonword', 'correct_key': 'z', 'thisN': 42, 'thisTrialN': 42, 'thisRepN': 0}>
52.2252 	DATA 	Keypress: m
52.2315 	EXP 	target_text: autoDraw = False
52.2315 	EXP 	prime_text: text = ' prime'
52.2315 	EXP 	prime_text: autoDraw = True
52.3303 	EXP 	Device response: <KeyPress from None: t=52.2123495420019, value=m, duration=0.1083674159963266>
52.3788 	EXP 	prime_text: autoDraw = False
52.3788 	EXP 	prime_text: autoDraw = False
52.3788 	EXP 	gap1: autoDraw = True
52.4247 	INFO 	Keyboard events cleared
52.4246 	EXP 	gap1: autoDraw = False
52.4246 	EXP 	gap1: autoDraw = False
52.4246 	EXP 	target_text: height = np.float64(0.05)
52.4246 	EXP 	target_text: height = np.float64(0.05)
52.4246 	EXP 	target_text: height = np.float64(0.05)
52.4246 	EXP 	target_text: text = 'studenth'
52.4246 	EXP 	target_text: autoDraw = True
52.9034 	EXP 	Device response: <KeyPress from None: t=52.89934891699522, value=z, duration=None>
52.9040 	EXP 	New trial (rep=0, index=43): <Trial 43 (43 in rep 0) data={'prime': 'river', 'target': 'water', 'relation': 'related', 'target_type': 'word', 'correct_key': 'm', 'thisN': 43, 'thisTrialN': 43, 'thisRepN': 0}>
52.9085 	DATA 	Keypress: z
52.9144 	EXP 	target_text: autoDraw = False
52.9144 	EXP 	prime_text: text = ' prime'
52.9144 	EXP 	prime_text: autoDraw = True
53.0374 	EXP 	Device response: <KeyPress from None: t=52.89934891699522, value=z, duration=0.13234125000599306>
53.0616 	EXP 	prime_text: autoDraw = False
53.0616 	EXP 	prime_text: autoDraw = False
53.0616 	EXP 	gap1: autoDraw = True
53.1069 	INFO 	Keyboard events cleared
53.1067 	EXP 	gap1: autoDraw = False
53.1067 	EXP 	gap1: autoDraw = False
53.1067 	EXP 	target_text: height = np.float64(0.05)
53.1067 	EXP 	target_text: height = np.float64(0.05)
53.1067 	EXP 	target_text: height = np.float64(0.05)
53.1067 	EXP 	target_text: text = 'water'
53.1067 	EXP 	target_text: autoDraw = True
53.7644 	EXP 	Device response: <KeyPress from None: t=53.75331483299669, value=m, duration=None>
53.7650 	EXP 	New trial (rep=0, index=44): <Trial 44 (44 in rep 0) data={'prime': 'king', 'target': 'markerv', 'relation': 'unrelated', 'target_type': 'nonword', 'correct_key': 'z', 'thisN': 44, 'thisTrialN': 44, 'thisRepN': 0}>
53.7692 	DATA 	Keypress: m
53.7749 	EXP 	target_text: autoDraw = False
53.7749 	EXP 	prime_text: text = ' prime'
53.7749 	EXP 	prime_text: autoDraw = True
53.8876 	EXP 	Device response: <KeyPress from None: t=53.75331483299669, value=m, duration=0.13231029199960176>
53.9181 	EXP 	prime_text: autoDraw = False
53.9181 	EXP 	prime_text: autoDraw = False
53.9181 	EXP 	gap1: autoDraw = True
53.9629 	INFO 	Keyboard events cleared
53.9627 	EXP 	gap1: autoDraw = False
53.9627 	EXP 	gap1: autoDraw = False
53.9627 	EXP 	target_text: height = np.float64(0.05)
53.9627 	EXP 	target_text: height = np.float64(0.05)
53.9627 	EXP 	target_text: height = np.float64(0.05)
53.9627 	EXP 	target_text: text = 'markerv'
53.9627 	EXP 	target_text: autoDraw = True
54.4540 	EXP 	Device response: <KeyPress from None: t=54.449306333001005, value=z, duration=None>
54.4545 	EXP 	New trial (rep=0, index=45): <Trial 45 (45 in rep 0) data={'prime': 'cup', 'target': 'teaf', 'relation': 'related', 'target_type': 'nonword', 'correct_key': 'z', 'thisN': 45, 'thisTrialN': 45, 'thisRepN': 0}>
54.4590 	DATA 	Keypress: z
54.4644 	EXP 	target_text: autoDraw = False
54.4644 	EXP 	prime_text: text = ' prime'
54.4644 	EXP 	prime_text: autoDraw = True
54.5798 	EXP 	Device response: <KeyPress from None: t=54.449306333001005, value=z, duration=0.12431716699938988>
54.6122 	EXP 	prime_text: autoDraw = False
54.6122 	EXP 	prime_text: autoDraw = False
54.6122 	EXP 	gap1: autoDraw = True
54.6563 	INFO 	Keyboard events cleared
54.6561 	EXP 	gap1: autoDraw = False
54.6561 	EXP 	gap1: autoDraw = False
54.6561 	EXP 	target_text: height = np.float64(0.05)
54.6561 	EXP 	target_text: height = np.float64(0.05)
54.6561 	EXP 	target_text: height = np.float64(0.05)
54.6561 	EXP 	target_text: text = 'teaf'
54.6561 	EXP 	target_text: autoDraw = True
55.5873 	EXP 	Device response: <KeyPress from None: t=55.58390362499631, value=z, duration=None>
55.5879 	EXP 	New trial (rep=0, index=46): <Trial 46 (46 in rep 0) data={'prime': 'heart', 'target': 'beat', 'relation': 'related', 'target_type': 'word', 'correct_key': 'm', 'thisN': 46, 'thisTrialN': 46, 'thisRepN': 0}>
55.5921 	DATA 	Keypress: z
55.5977 	EXP 	target_text: autoDraw = False
55.5977 	EXP 	prime_text: text = ' prime'
55.5977 	EXP 	prime_text: autoDraw = True
55.6701 	EXP 	Device response: <KeyPress from None: t=55.58390362499631, value=z, duration=0.07971070799976587>
55.7452 	EXP 	prime_text: autoDraw = False
55.7452 	EXP 	prime_text: autoDraw = False
55.7452 	EXP 	gap1: autoDraw = True
55.7896 	INFO 	Keyboard events cleared
55.7895 	EXP 	gap1: autoDraw = False
55.7895 	EXP 	gap1: autoDraw = False
55.7895 	EXP 	target_text: height = np.float64(0.05)
55.7895 	EXP 	target_text: height = np.float64(0.05)
55.7895 	EXP 	target_text: height = np.float64(0.05)
55.7895 	EXP 	target_text: text = 'beat'
55.7895 	EXP 	target_text: autoDraw = True
56.5140 	EXP 	Device response: <KeyPress from None: t=56.503239874997234, value=m, duration=None>
56.5147 	EXP 	New trial (rep=0, index=47): <Trial 47 (47 in rep 0) data={'prime': 'doctor', 'target': 'tabler', 'relation': 'unrelated', 'target_type': 'nonword', 'correct_key': 'z', 'thisN': 47, 'thisTrialN': 47, 'thisRepN': 0}>
56.5190 	DATA 	Keypress: m
56.5247 	EXP 	target_text: autoDraw = False
56.5247 	EXP 	prime_text: text = ' prime'
56.5247 	EXP 	prime_text: autoDraw = True
56.6290 	EXP 	Device response: <KeyPress from None: t=56.503239874997234, value=m, duration=0.11634941700322088>
56.6691 	EXP 	prime_text: autoDraw = False
56.6691 	EXP 	prime_text: autoDraw = False
56.6691 	EXP 	gap1: autoDraw = True
56.7129 	INFO 	Keyboard events cleared
56.7127 	EXP 	gap1: autoDraw = False
56.7127 	EXP 	gap1: autoDraw = False
56.7127 	EXP 	target_text: height = np.float64(0.05)
56.7127 	EXP 	target_text: height = np.float64(0.05)
56.7127 	EXP 	target_text: height = np.float64(0.05)
56.7127 	EXP 	target_text: text = 'tabler'
56.7127 	EXP 	target_text: autoDraw = True
57.2641 	EXP 	Device response: <KeyPress from None: t=57.26132654200046, value=m, duration=None>
57.2647 	EXP 	New trial (rep=0, index=48): <Trial 48 (48 in rep 0) data={'prime': 'car', 'target': 'window', 'relation': 'unrelated', 'target_type': 'word', 'correct_key': 'm', 'thisN': 48, 'thisTrialN': 48, 'thisRepN': 0}>
57.2694 	DATA 	Keypress: m
57.2750 	EXP 	target_text: autoDraw = False
57.2750 	EXP 	prime_text: text = ' prime'
57.2750 	EXP 	prime_text: autoDraw = True
57.4182 	EXP 	prime_text: autoDraw = False
57.4182 	EXP 	prime_text: autoDraw = False
57.4182 	EXP 	gap1: autoDraw = True
57.4534 	EXP 	Device response: <KeyPress from None: t=57.26132654200046, value=m, duration=0.18819299999449868>
57.4653 	INFO 	Keyboard events cleared
57.4651 	EXP 	gap1: autoDraw = False
57.4651 	EXP 	gap1: autoDraw = False
57.4651 	EXP 	target_text: height = np.float64(0.05)
57.4651 	EXP 	target_text: height = np.float64(0.05)
57.4651 	EXP 	target_text: height = np.float64(0.05)
57.4651 	EXP 	target_text: text = 'window'
57.4651 	EXP 	target_text: autoDraw = True
58.0211 	EXP 	Device response: <KeyPress from None: t=58.019235791995015, value=m, duration=None>
58.0216 	EXP 	New trial (rep=0, index=49): <Trial 49 (49 in rep 0) data={'prime': 'king', 'target': 'queen', 'relation': 'related', 'target_type': 'word', 'correct_key': 'm', 'thisN': 49, 'thisTrialN': 49, 'thisRepN': 0}>
58.0260 	DATA 	Keypress: m
58.0318 	EXP 	target_text: autoDraw = False
58.0318 	EXP 	prime_text: text = ' prime'
58.0318 	EXP 	prime_text: autoDraw = True
58.1635 	EXP 	Device response: <KeyPress from None: t=58.019235791995015, value=m, duration=0.1363095830020029>
58.1782 	EXP 	prime_text: autoDraw = False
58.1782 	EXP 	prime_text: autoDraw = False
58.1782 	EXP 	gap1: autoDraw = True
58.2230 	INFO 	Keyboard events cleared
58.2228 	EXP 	gap1: autoDraw = False
58.2228 	EXP 	gap1: autoDraw = False
58.2228 	EXP 	target_text: height = np.float64(0.05)
58.2228 	EXP 	target_text: height = np.float64(0.05)
58.2228 	EXP 	target_text: height = np.float64(0.05)
58.2228 	EXP 	target_text: text = 'queen'
58.2228 	EXP 	target_text: autoDraw = True
58.9369 	EXP 	Device response: <KeyPress from None: t=58.92924900000071, value=m, duration=None>
58.9374 	EXP 	New trial (rep=0, index=50): <Trial 50 (50 in rep 0) data={'prime': 'music', 'target': 'plate', 'relation': 'unrelated', 'target_type': 'word', 'correct_key': 'm', 'thisN': 50, 'thisTrialN': 50, 'thisRepN': 0}>
58.9417 	DATA 	Keypress: m
58.9479 	EXP 	target_text: autoDraw = False
58.9479 	EXP 	prime_text: text = ' prime'
58.9479 	EXP 	prime_text: autoDraw = True
59.0473 	EXP 	Device response: <KeyPress from None: t=58.92924900000071, value=m, duration=0.1122907499957364>
59.0952 	EXP 	prime_text: autoDraw = False
59.0952 	EXP 	prime_text: autoDraw = False
59.0952 	EXP 	gap1: autoDraw = True
59.1398 	INFO 	Keyboard events cleared
59.1396 	EXP 	gap1: autoDraw = False
59.1396 	EXP 	gap1: autoDraw = False
59.1396 	EXP 	target_text: height = np.float64(0.05)
59.1396 	EXP 	target_text: height = np.float64(0.05)
59.1396 	EXP 	target_text: height = np.float64(0.05)
59.1396 	EXP 	target_text: text = 'plate'
59.1396 	EXP 	target_text: autoDraw = True
59.7970 	EXP 	Device response: <KeyPress from None: t=59.790205958001025, value=m, duration=None>
59.7975 	EXP 	New trial (rep=0, index=51): <Trial 51 (51 in rep 0) data={'prime': 'phone', 'target': 'forest', 'relation': 'unrelated', 'target_type': 'word', 'correct_key': 'm', 'thisN': 51, 'thisTrialN': 51, 'thisRepN': 0}>
59.8017 	DATA 	Keypress: m
59.8074 	EXP 	target_text: autoDraw = False
59.8074 	EXP 	prime_text: text = ' prime'
59.8074 	EXP 	prime_text: autoDraw = True
59.9136 	EXP 	Device response: <KeyPress from None: t=59.790205958001025, value=m, duration=0.12031270899751689>
59.9515 	EXP 	prime_text: autoDraw = False
59.9515 	EXP 	prime_text: autoDraw = False
59.9515 	EXP 	gap1: autoDraw = True
59.9973 	INFO 	Keyboard events cleared
59.9971 	EXP 	gap1: autoDraw = False
59.9971 	EXP 	gap1: autoDraw = False
59.9971 	EXP 	target_text: height = np.float64(0.05)
59.9971 	EXP 	target_text: height = np.float64(0.05)
59.9971 	EXP 	target_text: height = np.float64(0.05)
59.9971 	EXP 	target_text: text = 'forest'
59.9971 	EXP 	target_text: autoDraw = True
60.7643 	EXP 	Device response: <KeyPress from None: t=60.76211366699863, value=z, duration=None>
60.7649 	EXP 	New trial (rep=0, index=52): <Trial 52 (52 in rep 0) data={'prime': 'tree', 'target': 'speakert', 'relation': 'unrelated', 'target_type': 'nonword', 'correct_key': 'z', 'thisN': 52, 'thisTrialN': 52, 'thisRepN': 0}>
60.7694 	DATA 	Keypress: z
60.7750 	EXP 	target_text: autoDraw = False
60.7750 	EXP 	prime_text: text = ' prime'
60.7750 	EXP 	prime_text: autoDraw = True
60.8809 	EXP 	Device response: <KeyPress from None: t=60.76211366699863, value=z, duration=0.10859399999753805>
60.9191 	EXP 	prime_text: autoDraw = False
60.9191 	EXP 	prime_text: autoDraw = False
60.9191 	EXP 	gap1: autoDraw = True
60.9783 	INFO 	Keyboard events cleared
60.9781 	EXP 	gap1: autoDraw = False
60.9781 	EXP 	gap1: autoDraw = False
60.9781 	EXP 	target_text: height = np.float64(0.05)
60.9781 	EXP 	target_text: height = np.float64(0.05)
60.9781 	EXP 	target_text: height = np.float64(0.05)
60.9781 	EXP 	target_text: text = 'speakert'
60.9781 	EXP 	target_text: autoDraw = True
62.1044 	EXP 	Device response: <KeyPress from None: t=62.102122582997254, value=z, duration=None>
62.1048 	EXP 	New trial (rep=0, index=53): <Trial 53 (53 in rep 0) data={'prime': 'bread', 'target': 'butter', 'relation': 'related', 'target_type': 'word', 'correct_key': 'm', 'thisN': 53, 'thisTrialN': 53, 'thisRepN': 0}>
62.1094 	DATA 	Keypress: z
62.1151 	EXP 	target_text: autoDraw = False
62.1151 	EXP 	prime_text: text = ' prime'
62.1151 	EXP 	prime_text: autoDraw = True
62.2472 	EXP 	Device response: <KeyPress from None: t=62.102122582997254, value=z, duration=0.1363184590009041>
62.2623 	EXP 	prime_text: autoDraw = False
62.2623 	EXP 	gap1: autoDraw = True
62.3064 	INFO 	Keyboard events cleared
62.3063 	EXP 	gap1: autoDraw = False
62.3063 	EXP 	gap1: autoDraw = False
62.3063 	EXP 	target_text: height = np.float64(0.05)
62.3063 	EXP 	target_text: height = np.float64(0.05)
62.3063 	EXP 	target_text: height = np.float64(0.05)
62.3063 	EXP 	target_text: text = 'butter'
62.3063 	EXP 	target_text: autoDraw = True
62.9202 	EXP 	Device response: <KeyPress from None: t=62.914143249996414, value=m, duration=None>
62.9208 	EXP 	New trial (rep=0, index=54): <Trial 54 (54 in rep 0) data={'prime': 'bird', 'target': 'cup', 'relation': 'unrelated', 'target_type': 'word', 'correct_key': 'm', 'thisN': 54, 'thisTrialN': 54, 'thisRepN': 0}>
62.9252 	DATA 	Keypress: m
62.9311 	EXP 	target_text: autoDraw = False
62.9311 	EXP 	prime_text: text = ' prime'
62.9311 	EXP 	prime_text: autoDraw = True
63.0466 	EXP 	Device response: <KeyPress from None: t=62.914143249996414, value=m, duration=0.12825395799882244>
63.0784 	EXP 	prime_text: autoDraw = False
63.0784 	EXP 	prime_text: autoDraw = False
63.0784 	EXP 	gap1: autoDraw = True
63.1290 	INFO 	Keyboard events cleared
63.1288 	EXP 	gap1: autoDraw = False
63.1288 	EXP 	gap1: autoDraw = False
63.1288 	EXP 	target_text: height = np.float64(0.05)
63.1288 	EXP 	target_text: height = np.float64(0.05)
63.1288 	EXP 	target_text: height = np.float64(0.05)
63.1288 	EXP 	target_text: text = 'cup'
63.1288 	EXP 	target_text: autoDraw = True
63.9134 	EXP 	Device response: <KeyPress from None: t=63.90509495799779, value=m, duration=None>
63.9139 	EXP 	New trial (rep=0, index=55): <Trial 55 (55 in rep 0) data={'prime': 'road', 'target': 'candley', 'relation': 'unrelated', 'target_type': 'nonword', 'correct_key': 'z', 'thisN': 55, 'thisTrialN': 55, 'thisRepN': 0}>
63.9185 	DATA 	Keypress: m
63.9241 	EXP 	target_text: autoDraw = False
63.9241 	EXP 	prime_text: text = ' prime'
63.9241 	EXP 	prime_text: autoDraw = True
64.0537 	EXP 	Device response: <KeyPress from None: t=63.90509495799779, value=m, duration=0.14427925000200048>
64.0685 	EXP 	prime_text: autoDraw = False
64.0685 	EXP 	prime_text: autoDraw = False
64.0685 	EXP 	gap1: autoDraw = True
64.1129 	INFO 	Keyboard events cleared
64.1127 	EXP 	gap1: autoDraw = False
64.1127 	EXP 	gap1: autoDraw = False
64.1127 	EXP 	target_text: height = np.float64(0.05)
64.1127 	EXP 	target_text: height = np.float64(0.05)
64.1127 	EXP 	target_text: height = np.float64(0.05)
64.1127 	EXP 	target_text: text = 'candley'
64.1127 	EXP 	target_text: autoDraw = True
64.7802 	EXP 	Device response: <KeyPress from None: t=64.77009374999761, value=z, duration=None>
64.7807 	EXP 	New trial (rep=0, index=56): <Trial 56 (56 in rep 0) data={'prime': 'music', 'target': 'platek', 'relation': 'unrelated', 'target_type': 'nonword', 'correct_key': 'z', 'thisN': 56, 'thisTrialN': 56, 'thisRepN': 0}>
64.7850 	DATA 	Keypress: z
64.7907 	EXP 	target_text: autoDraw = False
64.7907 	EXP 	prime_text: text = ' prime'
64.7907 	EXP 	prime_text: autoDraw = True
64.9352 	EXP 	prime_text: autoDraw = False
64.9352 	EXP 	prime_text: autoDraw = False
64.9352 	EXP 	gap1: autoDraw = True
64.9533 	EXP 	Device response: <KeyPress from None: t=64.77009374999761, value=z, duration=0.17633029200078454>
64.9781 	INFO 	Keyboard events cleared
64.9779 	EXP 	gap1: autoDraw = False
64.9779 	EXP 	gap1: autoDraw = False
64.9779 	EXP 	target_text: height = np.float64(0.05)
64.9779 	EXP 	target_text: height = np.float64(0.05)
64.9779 	EXP 	target_text: height = np.float64(0.05)
64.9779 	EXP 	target_text: text = 'platek'
64.9779 	EXP 	target_text: autoDraw = True
65.7306 	EXP 	Device response: <KeyPress from None: t=65.72003716699692, value=z, duration=None>
65.7311 	EXP 	New trial (rep=0, index=57): <Trial 57 (57 in rep 0) data={'prime': 'bird', 'target': 'wing', 'relation': 'related', 'target_type': 'word', 'correct_key': 'm', 'thisN': 57, 'thisTrialN': 57, 'thisRepN': 0}>
65.7355 	DATA 	Keypress: z
65.7413 	EXP 	target_text: autoDraw = False
65.7413 	EXP 	prime_text: text = ' prime'
65.7413 	EXP 	prime_text: autoDraw = True
65.8848 	EXP 	prime_text: autoDraw = False
65.8848 	EXP 	prime_text: autoDraw = False
65.8848 	EXP 	gap1: autoDraw = True
65.9142 	EXP 	Device response: <KeyPress from None: t=65.72003716699692, value=z, duration=0.1843408749991795>
65.9314 	INFO 	Keyboard events cleared
65.9312 	EXP 	gap1: autoDraw = False
65.9312 	EXP 	gap1: autoDraw = False
65.9312 	EXP 	target_text: height = np.float64(0.05)
65.9312 	EXP 	target_text: height = np.float64(0.05)
65.9312 	EXP 	target_text: height = np.float64(0.05)
65.9312 	EXP 	target_text: text = 'wing'
65.9312 	EXP 	target_text: autoDraw = True
66.6038 	EXP 	Device response: <KeyPress from None: t=66.59800570800144, value=m, duration=None>
66.6042 	EXP 	New trial (rep=0, index=58): <Trial 58 (58 in rep 0) data={'prime': 'shoe', 'target': 'keyboardm', 'relation': 'unrelated', 'target_type': 'nonword', 'correct_key': 'z', 'thisN': 58, 'thisTrialN': 58, 'thisRepN': 0}>
66.6086 	DATA 	Keypress: m
66.6146 	EXP 	target_text: autoDraw = False
66.6146 	EXP 	prime_text: text = ' prime'
66.6146 	EXP 	prime_text: autoDraw = True
66.7474 	EXP 	Device response: <KeyPress from None: t=66.59800570800144, value=m, duration=0.1443949589956901>
66.7624 	EXP 	prime_text: autoDraw = False
66.7624 	EXP 	gap1: autoDraw = True
66.8067 	INFO 	Keyboard events cleared
66.8066 	EXP 	gap1: autoDraw = False
66.8066 	EXP 	gap1: autoDraw = False
66.8066 	EXP 	target_text: height = np.float64(0.05)
66.8066 	EXP 	target_text: height = np.float64(0.05)
66.8066 	EXP 	target_text: height = np.float64(0.05)
66.8066 	EXP 	target_text: text = 'keyboardm'
66.8066 	EXP 	target_text: autoDraw = True
67.9469 	EXP 	Device response: <KeyPress from None: t=67.9410429999989, value=z, duration=None>
67.9475 	EXP 	New trial (rep=0, index=59): <Trial 59 (59 in rep 0) data={'prime': 'salt', 'target': 'camera', 'relation': 'unrelated', 'target_type': 'word', 'correct_key': 'm', 'thisN': 59, 'thisTrialN': 59, 'thisRepN': 0}>
67.9518 	DATA 	Keypress: z
67.9575 	EXP 	target_text: autoDraw = False
67.9575 	EXP 	prime_text: text = ' prime'
67.9575 	EXP 	prime_text: autoDraw = True
68.0634 	EXP 	Device response: <KeyPress from None: t=67.9410429999989, value=z, duration=0.12022450000222307>
68.1022 	EXP 	prime_text: autoDraw = False
68.1022 	EXP 	prime_text: autoDraw = False
68.1022 	EXP 	gap1: autoDraw = True
68.1616 	INFO 	Keyboard events cleared
68.1614 	EXP 	gap1: autoDraw = False
68.1614 	EXP 	gap1: autoDraw = False
68.1614 	EXP 	target_text: height = np.float64(0.05)
68.1614 	EXP 	target_text: height = np.float64(0.05)
68.1614 	EXP 	target_text: height = np.float64(0.05)
68.1614 	EXP 	target_text: text = 'camera'
68.1614 	EXP 	target_text: autoDraw = True
68.7870 	EXP 	Device response: <KeyPress from None: t=68.7829542920008, value=m, duration=None>
68.7875 	EXP 	New trial (rep=0, index=60): <Trial 60 (60 in rep 0) data={'prime': 'shoe', 'target': 'keyboard', 'relation': 'unrelated', 'target_type': 'word', 'correct_key': 'm', 'thisN': 60, 'thisTrialN': 60, 'thisRepN': 0}>
68.7920 	DATA 	Keypress: m
68.7976 	EXP 	target_text: autoDraw = False
68.7976 	EXP 	prime_text: text = ' prime'
68.7976 	EXP 	prime_text: autoDraw = True
68.9368 	EXP 	Device response: <KeyPress from None: t=68.7829542920008, value=m, duration=0.15229949999775272>
68.9441 	EXP 	prime_text: autoDraw = False
68.9441 	EXP 	prime_text: autoDraw = False
68.9441 	EXP 	gap1: autoDraw = True
68.9904 	INFO 	Keyboard events cleared
68.9902 	EXP 	gap1: autoDraw = False
68.9902 	EXP 	gap1: autoDraw = False
68.9902 	EXP 	target_text: height = np.float64(0.05)
68.9902 	EXP 	target_text: height = np.float64(0.05)
68.9902 	EXP 	target_text: height = np.float64(0.05)
68.9902 	EXP 	target_text: text = 'keyboard'
68.9902 	EXP 	target_text: autoDraw = True
69.5201 	EXP 	Device response: <KeyPress from None: t=69.51296316699882, value=z, duration=None>
69.5206 	EXP 	New trial (rep=0, index=61): <Trial 61 (61 in rep 0) data={'prime': 'cup', 'target': 'brick', 'relation': 'unrelated', 'target_type': 'word', 'correct_key': 'm', 'thisN': 61, 'thisTrialN': 61, 'thisRepN': 0}>
69.5251 	DATA 	Keypress: z
69.5310 	EXP 	target_text: autoDraw = False
69.5310 	EXP 	prime_text: text = ' prime'
69.5310 	EXP 	prime_text: autoDraw = True
69.6196 	EXP 	Device response: <KeyPress from None: t=69.51296316699882, value=z, duration=0.10428758300258778>
69.6782 	EXP 	prime_text: autoDraw = False
69.6782 	EXP 	prime_text: autoDraw = False
69.6782 	EXP 	gap1: autoDraw = True
69.7232 	INFO 	Keyboard events cleared
69.7230 	EXP 	gap1: autoDraw = False
69.7230 	EXP 	gap1: autoDraw = False
69.7230 	EXP 	target_text: height = np.float64(0.05)
69.7230 	EXP 	target_text: height = np.float64(0.05)
69.7230 	EXP 	target_text: height = np.float64(0.05)
69.7230 	EXP 	target_text: text = 'brick'
69.7230 	EXP 	target_text: autoDraw = True
70.4368 	EXP 	Device response: <KeyPress from None: t=70.43196229200112, value=m, duration=None>
70.4374 	EXP 	New trial (rep=0, index=62): <Trial 62 (62 in rep 0) data={'prime': 'salt', 'target': 'peppero', 'relation': 'related', 'target_type': 'nonword', 'correct_key': 'z', 'thisN': 62, 'thisTrialN': 62, 'thisRepN': 0}>
70.4418 	DATA 	Keypress: m
70.4478 	EXP 	target_text: autoDraw = False
70.4478 	EXP 	prime_text: text = ' prime'
70.4478 	EXP 	prime_text: autoDraw = True
70.5805 	EXP 	Device response: <KeyPress from None: t=70.43196229200112, value=m, duration=0.1402895829960471>
70.5952 	EXP 	prime_text: autoDraw = False
70.5952 	EXP 	gap1: autoDraw = True
70.6397 	INFO 	Keyboard events cleared
70.6396 	EXP 	gap1: autoDraw = False
70.6396 	EXP 	gap1: autoDraw = False
70.6396 	EXP 	target_text: height = np.float64(0.05)
70.6396 	EXP 	target_text: height = np.float64(0.05)
70.6396 	EXP 	target_text: height = np.float64(0.05)
70.6396 	EXP 	target_text: text = 'peppero'
70.6396 	EXP 	target_text: autoDraw = True
71.4131 	EXP 	Device response: <KeyPress from None: t=71.40397141699941, value=z, duration=None>
71.4134 	EXP 	New trial (rep=0, index=63): <Trial 63 (63 in rep 0) data={'prime': 'book', 'target': 'page', 'relation': 'related', 'target_type': 'word', 'correct_key': 'm', 'thisN': 63, 'thisTrialN': 63, 'thisRepN': 0}>
71.4165 	DATA 	Keypress: z
71.4221 	EXP 	target_text: autoDraw = False
71.4221 	EXP 	prime_text: text = ' prime'
71.4221 	EXP 	prime_text: autoDraw = True
71.5205 	EXP 	Device response: <KeyPress from None: t=71.40397141699941, value=z, duration=0.1082754160015611>
71.5684 	EXP 	prime_text: autoDraw = False
71.5684 	EXP 	prime_text: autoDraw = False
71.5684 	EXP 	gap1: autoDraw = True
71.6282 	INFO 	Keyboard events cleared
71.6280 	EXP 	gap1: autoDraw = False
71.6280 	EXP 	gap1: autoDraw = False
71.6280 	EXP 	target_text: height = np.float64(0.05)
71.6280 	EXP 	target_text: height = np.float64(0.05)
71.6280 	EXP 	target_text: height = np.float64(0.05)
71.6280 	EXP 	target_text: text = 'page'
71.6280 	EXP 	target_text: autoDraw = True
72.1471 	EXP 	Device response: <KeyPress from None: t=72.1439125830002, value=m, duration=None>
72.1477 	EXP 	New trial (rep=0, index=64): <Trial 64 (64 in rep 0) data={'prime': 'sun', 'target': 'light', 'relation': 'related', 'target_type': 'word', 'correct_key': 'm', 'thisN': 64, 'thisTrialN': 64, 'thisRepN': 0}>
72.1524 	DATA 	Keypress: m
72.1581 	EXP 	target_text: autoDraw = False
72.1581 	EXP 	prime_text: text = ' prime'
72.1581 	EXP 	prime_text: autoDraw = True
72.3023 	EXP 	prime_text: autoDraw = False
72.3023 	EXP 	prime_text: autoDraw = False
72.3023 	EXP 	gap1: autoDraw = True
72.3139 	EXP 	Device response: <KeyPress from None: t=72.1439125830002, value=m, duration=0.16032216700114077>
72.3571 	INFO 	Keyboard events cleared
72.3569 	EXP 	gap1: autoDraw = False
72.3569 	EXP 	gap1: autoDraw = False
72.3569 	EXP 	target_text: height = np.float64(0.05)
72.3569 	EXP 	target_text: height = np.float64(0.05)
72.3569 	EXP 	target_text: height = np.float64(0.05)
72.3569 	EXP 	target_text: text = 'light'
72.3569 	EXP 	target_text: autoDraw = True
72.8798 	EXP 	Device response: <KeyPress from None: t=72.8738308749962, value=m, duration=None>
72.8802 	EXP 	New trial (rep=0, index=65): <Trial 65 (65 in rep 0) data={'prime': 'music', 'target': 'songy', 'relation': 'related', 'target_type': 'nonword', 'correct_key': 'z', 'thisN': 65, 'thisTrialN': 65, 'thisRepN': 0}>
72.8844 	DATA 	Keypress: m
72.8901 	EXP 	target_text: autoDraw = False
72.8901 	EXP 	prime_text: text = ' prime'
72.8901 	EXP 	prime_text: autoDraw = True
73.0134 	EXP 	Device response: <KeyPress from None: t=72.8738308749962, value=m, duration=0.13632904200494522>
73.0351 	EXP 	prime_text: autoDraw = False
73.0351 	EXP 	prime_text: autoDraw = False
73.0351 	EXP 	gap1: autoDraw = True
73.0949 	INFO 	Keyboard events cleared
73.0947 	EXP 	gap1: autoDraw = False
73.0947 	EXP 	gap1: autoDraw = False
73.0947 	EXP 	target_text: height = np.float64(0.05)
73.0947 	EXP 	target_text: height = np.float64(0.05)
73.0947 	EXP 	target_text: height = np.float64(0.05)
73.0947 	EXP 	target_text: text = 'songy'
73.0947 	EXP 	target_text: autoDraw = True
73.7868 	EXP 	Device response: <KeyPress from None: t=73.78231574999518, value=z, duration=None>
73.7873 	EXP 	New trial (rep=0, index=66): <Trial 66 (66 in rep 0) data={'prime': 'ball', 'target': 'mirrord', 'relation': 'unrelated', 'target_type': 'nonword', 'correct_key': 'z', 'thisN': 66, 'thisTrialN': 66, 'thisRepN': 0}>
73.7916 	DATA 	Keypress: z
73.7976 	EXP 	target_text: autoDraw = False
73.7976 	EXP 	prime_text: text = ' prime'
73.7976 	EXP 	prime_text: autoDraw = True
73.9136 	EXP 	Device response: <KeyPress from None: t=73.78231574999518, value=z, duration=0.12382475000049453>
73.9451 	EXP 	prime_text: autoDraw = False
73.9451 	EXP 	prime_text: autoDraw = False
73.9451 	EXP 	gap1: autoDraw = True
73.9905 	INFO 	Keyboard events cleared
73.9904 	EXP 	gap1: autoDraw = False
73.9904 	EXP 	gap1: autoDraw = False
73.9904 	EXP 	target_text: height = np.float64(0.05)
73.9904 	EXP 	target_text: height = np.float64(0.05)
73.9904 	EXP 	target_text: height = np.float64(0.05)
73.9904 	EXP 	target_text: text = 'mirrord'
73.9904 	EXP 	target_text: autoDraw = True
74.7708 	EXP 	Device response: <KeyPress from None: t=74.76387116700062, value=z, duration=None>
74.7714 	EXP 	New trial (rep=0, index=67): <Trial 67 (67 in rep 0) data={'prime': 'mother', 'target': 'child', 'relation': 'related', 'target_type': 'word', 'correct_key': 'm', 'thisN': 67, 'thisTrialN': 67, 'thisRepN': 0}>
74.7759 	DATA 	Keypress: z
74.7811 	EXP 	target_text: autoDraw = False
74.7811 	EXP 	prime_text: text = ' prime'
74.7811 	EXP 	prime_text: autoDraw = True
74.9283 	EXP 	prime_text: autoDraw = False
74.9283 	EXP 	prime_text: autoDraw = False
74.9283 	EXP 	gap1: autoDraw = True
74.9644 	EXP 	Device response: <KeyPress from None: t=74.76387116700062, value=z, duration=0.18906120799510973>
74.9758 	INFO 	Keyboard events cleared
74.9757 	EXP 	gap1: autoDraw = False
74.9757 	EXP 	gap1: autoDraw = False
74.9757 	EXP 	target_text: height = np.float64(0.05)
74.9757 	EXP 	target_text: height = np.float64(0.05)
74.9757 	EXP 	target_text: height = np.float64(0.05)
74.9757 	EXP 	target_text: text = 'child'
74.9757 	EXP 	target_text: autoDraw = True
75.5209 	EXP 	Device response: <KeyPress from None: t=75.51484379199974, value=m, duration=None>
75.5214 	EXP 	New trial (rep=0, index=68): <Trial 68 (68 in rep 0) data={'prime': 'road', 'target': 'candle', 'relation': 'unrelated', 'target_type': 'word', 'correct_key': 'm', 'thisN': 68, 'thisTrialN': 68, 'thisRepN': 0}>
75.5257 	DATA 	Keypress: m
75.5311 	EXP 	target_text: autoDraw = False
75.5311 	EXP 	prime_text: text = ' prime'
75.5311 	EXP 	prime_text: autoDraw = True
75.6702 	EXP 	Device response: <KeyPress from None: t=75.51484379199974, value=m, duration=0.15227737499662908>
75.6783 	EXP 	prime_text: autoDraw = False
75.6783 	EXP 	prime_text: autoDraw = False
75.6783 	EXP 	gap1: autoDraw = True
75.7231 	INFO 	Keyboard events cleared
75.7229 	EXP 	gap1: autoDraw = False
75.7229 	EXP 	gap1: autoDraw = False
75.7229 	EXP 	target_text: height = np.float64(0.05)
75.7229 	EXP 	target_text: height = np.float64(0.05)
75.7229 	EXP 	target_text: height = np.float64(0.05)
75.7229 	EXP 	target_text: text = 'candle'
75.7229 	EXP 	target_text: autoDraw = True
76.3707 	EXP 	Device response: <KeyPress from None: t=76.36485008299496, value=m, duration=None>
76.3712 	EXP 	New trial (rep=0, index=69): <Trial 69 (69 in rep 0) data={'prime': 'bread', 'target': 'buttera', 'relation': 'related', 'target_type': 'nonword', 'correct_key': 'z', 'thisN': 69, 'thisTrialN': 69, 'thisRepN': 0}>
76.3756 	DATA 	Keypress: m
76.3813 	EXP 	target_text: autoDraw = False
76.3813 	EXP 	prime_text: text = ' prime'
76.3813 	EXP 	prime_text: autoDraw = True
76.5207 	EXP 	Device response: <KeyPress from None: t=76.36485008299496, value=m, duration=0.14895125000475673>
76.5289 	EXP 	prime_text: autoDraw = False
76.5289 	EXP 	prime_text: autoDraw = False
76.5289 	EXP 	gap1: autoDraw = True
76.5733 	INFO 	Keyboard events cleared
76.5731 	EXP 	gap1: autoDraw = False
76.5731 	EXP 	gap1: autoDraw = False
76.5731 	EXP 	target_text: height = np.float64(0.05)
76.5731 	EXP 	target_text: height = np.float64(0.05)
76.5731 	EXP 	target_text: height = np.float64(0.05)
76.5731 	EXP 	target_text: text = 'buttera'
76.5731 	EXP 	target_text: autoDraw = True
77.1808 	EXP 	Device response: <KeyPress from None: t=77.17171504200087, value=z, duration=None>
77.1813 	EXP 	New trial (rep=0, index=70): <Trial 70 (70 in rep 0) data={'prime': 'shoe', 'target': 'sock', 'relation': 'related', 'target_type': 'word', 'correct_key': 'm', 'thisN': 70, 'thisTrialN': 70, 'thisRepN': 0}>
77.1856 	DATA 	Keypress: z
77.1913 	EXP 	target_text: autoDraw = False
77.1913 	EXP 	prime_text: text = ' prime'
77.1913 	EXP 	prime_text: autoDraw = True
77.2873 	EXP 	Device response: <KeyPress from None: t=77.17171504200087, value=z, duration=0.11136208300013095>
77.3357 	EXP 	prime_text: autoDraw = False
77.3357 	EXP 	prime_text: autoDraw = False
77.3357 	EXP 	gap1: autoDraw = True
77.3948 	INFO 	Keyboard events cleared
77.3946 	EXP 	gap1: autoDraw = False
77.3946 	EXP 	gap1: autoDraw = False
77.3946 	EXP 	target_text: height = np.float64(0.05)
77.3946 	EXP 	target_text: height = np.float64(0.05)
77.3946 	EXP 	target_text: height = np.float64(0.05)
77.3946 	EXP 	target_text: text = 'sock'
77.3946 	EXP 	target_text: autoDraw = True
77.9470 	EXP 	Device response: <KeyPress from None: t=77.93881104199681, value=m, duration=None>
77.9473 	EXP 	New trial (rep=0, index=71): <Trial 71 (71 in rep 0) data={'prime': 'bird', 'target': 'cupq', 'relation': 'unrelated', 'target_type': 'nonword', 'correct_key': 'z', 'thisN': 71, 'thisTrialN': 71, 'thisRepN': 0}>
77.9497 	DATA 	Keypress: m
77.9548 	EXP 	target_text: autoDraw = False
77.9548 	EXP 	prime_text: text = ' prime'
77.9548 	EXP 	prime_text: autoDraw = True
78.0707 	EXP 	Device response: <KeyPress from None: t=77.93881104199681, value=m, duration=0.1283106660048361>
78.1024 	EXP 	prime_text: autoDraw = False
78.1024 	EXP 	prime_text: autoDraw = False
78.1024 	EXP 	gap1: autoDraw = True
78.1615 	INFO 	Keyboard events cleared
78.1612 	EXP 	gap1: autoDraw = False
78.1612 	EXP 	gap1: autoDraw = False
78.1612 	EXP 	target_text: height = np.float64(0.05)
78.1612 	EXP 	target_text: height = np.float64(0.05)
78.1612 	EXP 	target_text: height = np.float64(0.05)
78.1612 	EXP 	target_text: text = 'cupq'
78.1612 	EXP 	target_text: autoDraw = True
78.7875 	EXP 	Device response: <KeyPress from None: t=78.77978470800008, value=z, duration=None>
78.7880 	EXP 	New trial (rep=0, index=72): <Trial 72 (72 in rep 0) data={'prime': 'cat', 'target': 'pencilu', 'relation': 'unrelated', 'target_type': 'nonword', 'correct_key': 'z', 'thisN': 72, 'thisTrialN': 72, 'thisRepN': 0}>
78.7926 	DATA 	Keypress: z
78.7983 	EXP 	target_text: autoDraw = False
78.7983 	EXP 	prime_text: text = ' prime'
78.7983 	EXP 	prime_text: autoDraw = True
78.9140 	EXP 	Device response: <KeyPress from None: t=78.77978470800008, value=z, duration=0.12438279199704994>
78.9450 	EXP 	prime_text: autoDraw = False
78.9450 	EXP 	prime_text: autoDraw = False
78.9450 	EXP 	gap1: autoDraw = True
78.9901 	INFO 	Keyboard events cleared
78.9899 	EXP 	gap1: autoDraw = False
78.9899 	EXP 	gap1: autoDraw = False
78.9899 	EXP 	target_text: height = np.float64(0.05)
78.9899 	EXP 	target_text: height = np.float64(0.05)
78.9899 	EXP 	target_text: height = np.float64(0.05)
78.9899 	EXP 	target_text: text = 'pencilu'
78.9899 	EXP 	target_text: autoDraw = True
79.5202 	EXP 	Device response: <KeyPress from None: t=79.51273779199983, value=z, duration=None>
79.5205 	EXP 	New trial (rep=0, index=73): <Trial 73 (73 in rep 0) data={'prime': 'heart', 'target': 'mountain', 'relation': 'unrelated', 'target_type': 'word', 'correct_key': 'm', 'thisN': 73, 'thisTrialN': 73, 'thisRepN': 0}>
79.5247 	DATA 	Keypress: z
79.5308 	EXP 	target_text: autoDraw = False
79.5308 	EXP 	prime_text: text = ' prime'
79.5308 	EXP 	prime_text: autoDraw = True
79.6473 	EXP 	Device response: <KeyPress from None: t=79.51273779199983, value=z, duration=0.1323641659982968>
79.6781 	EXP 	prime_text: autoDraw = False
79.6781 	EXP 	prime_text: autoDraw = False
79.6781 	EXP 	gap1: autoDraw = True
79.7228 	INFO 	Keyboard events cleared
79.7227 	EXP 	gap1: autoDraw = False
79.7227 	EXP 	gap1: autoDraw = False
79.7227 	EXP 	target_text: height = np.float64(0.05)
79.7227 	EXP 	target_text: height = np.float64(0.05)
79.7227 	EXP 	target_text: height = np.float64(0.05)
79.7227 	EXP 	target_text: text = 'mountain'
79.7227 	EXP 	target_text: autoDraw = True
80.3040 	EXP 	Device response: <KeyPress from None: t=80.30071058299654, value=m, duration=None>
80.3045 	EXP 	New trial (rep=0, index=74): <Trial 74 (74 in rep 0) data={'prime': 'teacher', 'target': 'student', 'relation': 'related', 'target_type': 'word', 'correct_key': 'm', 'thisN': 74, 'thisTrialN': 74, 'thisRepN': 0}>
80.3086 	DATA 	Keypress: m
80.3146 	EXP 	target_text: autoDraw = False
80.3146 	EXP 	prime_text: text = ' prime'
80.3146 	EXP 	prime_text: autoDraw = True
80.4612 	EXP 	prime_text: autoDraw = False
80.4612 	EXP 	prime_text: autoDraw = False
80.4612 	EXP 	gap1: autoDraw = True
80.4633 	EXP 	Device response: <KeyPress from None: t=80.30071058299654, value=m, duration=0.16035487499902956>
80.5061 	INFO 	Keyboard events cleared
80.5059 	EXP 	gap1: autoDraw = False
80.5059 	EXP 	gap1: autoDraw = False
80.5059 	EXP 	target_text: height = np.float64(0.05)
80.5059 	EXP 	target_text: height = np.float64(0.05)
80.5059 	EXP 	target_text: height = np.float64(0.05)
80.5059 	EXP 	target_text: text = 'student'
80.5059 	EXP 	target_text: autoDraw = True
81.3135 	EXP 	Device response: <KeyPress from None: t=81.30671858300047, value=m, duration=None>
81.3141 	EXP 	New trial (rep=0, index=75): <Trial 75 (75 in rep 0) data={'prime': 'rain', 'target': 'cloud', 'relation': 'related', 'target_type': 'word', 'correct_key': 'm', 'thisN': 75, 'thisTrialN': 75, 'thisRepN': 0}>
81.3187 	DATA 	Keypress: m
81.3245 	EXP 	target_text: autoDraw = False
81.3245 	EXP 	prime_text: text = ' prime'
81.3245 	EXP 	prime_text: autoDraw = True
81.4301 	EXP 	Device response: <KeyPress from None: t=81.30671858300047, value=m, duration=0.11627191699517425>
81.4690 	EXP 	prime_text: autoDraw = False
81.4690 	EXP 	prime_text: autoDraw = False
81.4690 	EXP 	gap1: autoDraw = True
81.5135 	INFO 	Keyboard events cleared
81.5133 	EXP 	gap1: autoDraw = False
81.5133 	EXP 	gap1: autoDraw = False
81.5133 	EXP 	target_text: height = np.float64(0.05)
81.5133 	EXP 	target_text: height = np.float64(0.05)
81.5133 	EXP 	target_text: height = np.float64(0.05)
81.5133 	EXP 	target_text: text = 'cloud'
81.5133 	EXP 	target_text: autoDraw = True
82.4803 	EXP 	Device response: <KeyPress from None: t=82.47265625, value=m, duration=None>
82.4808 	EXP 	New trial (rep=0, index=76): <Trial 76 (76 in rep 0) data={'prime': 'pen', 'target': 'paperz', 'relation': 'related', 'target_type': 'nonword', 'correct_key': 'z', 'thisN': 76, 'thisTrialN': 76, 'thisRepN': 0}>
82.4852 	DATA 	Keypress: m
82.4912 	EXP 	target_text: autoDraw = False
82.4912 	EXP 	prime_text: text = ' prime'
82.4912 	EXP 	prime_text: autoDraw = True
82.5969 	EXP 	Device response: <KeyPress from None: t=82.47265625, value=m, duration=0.1203198329967563>
82.6354 	EXP 	prime_text: autoDraw = False
82.6354 	EXP 	prime_text: autoDraw = False
82.6354 	EXP 	gap1: autoDraw = True
82.6794 	INFO 	Keyboard events cleared
82.6792 	EXP 	gap1: autoDraw = False
82.6792 	EXP 	gap1: autoDraw = False
82.6792 	EXP 	target_text: height = np.float64(0.05)
82.6792 	EXP 	target_text: height = np.float64(0.05)
82.6792 	EXP 	target_text: height = np.float64(0.05)
82.6792 	EXP 	target_text: text = 'paperz'
82.6792 	EXP 	target_text: autoDraw = True
83.5132 	EXP 	Device response: <KeyPress from None: t=83.5086924579955, value=z, duration=None>
83.5138 	EXP 	New trial (rep=0, index=77): <Trial 77 (77 in rep 0) data={'prime': 'doctor', 'target': 'nursep', 'relation': 'related', 'target_type': 'nonword', 'correct_key': 'z', 'thisN': 77, 'thisTrialN': 77, 'thisRepN': 0}>
83.5184 	DATA 	Keypress: z
83.5240 	EXP 	target_text: autoDraw = False
83.5240 	EXP 	prime_text: text = ' prime'
83.5240 	EXP 	prime_text: autoDraw = True
83.6472 	EXP 	Device response: <KeyPress from None: t=83.5086924579955, value=z, duration=0.1283138750004582>
83.6683 	EXP 	prime_text: autoDraw = False
83.6683 	EXP 	prime_text: autoDraw = False
83.6683 	EXP 	gap1: autoDraw = True
83.7127 	INFO 	Keyboard events cleared
83.7126 	EXP 	gap1: autoDraw = False
83.7126 	EXP 	gap1: autoDraw = False
83.7126 	EXP 	target_text: height = np.float64(0.05)
83.7126 	EXP 	target_text: height = np.float64(0.05)
83.7126 	EXP 	target_text: height = np.float64(0.05)
83.7126 	EXP 	target_text: text = 'nursep'
83.7126 	EXP 	target_text: autoDraw = True
84.3044 	EXP 	Device response: <KeyPress from None: t=84.29965149999771, value=z, duration=None>
84.3049 	EXP 	New trial (rep=0, index=78): <Trial 78 (78 in rep 0) data={'prime': 'flower', 'target': 'bottlev', 'relation': 'unrelated', 'target_type': 'nonword', 'correct_key': 'z', 'thisN': 78, 'thisTrialN': 78, 'thisRepN': 0}>
84.3097 	DATA 	Keypress: z
84.3154 	EXP 	target_text: autoDraw = False
84.3154 	EXP 	prime_text: text = ' prime'
84.3154 	EXP 	prime_text: autoDraw = True
84.4364 	EXP 	Device response: <KeyPress from None: t=84.29965149999771, value=z, duration=0.13230587499856483>
84.4616 	EXP 	prime_text: autoDraw = False
84.4616 	EXP 	prime_text: autoDraw = False
84.4616 	EXP 	gap1: autoDraw = True
84.5070 	INFO 	Keyboard events cleared
84.5068 	EXP 	gap1: autoDraw = False
84.5068 	EXP 	gap1: autoDraw = False
84.5068 	EXP 	target_text: height = np.float64(0.05)
84.5068 	EXP 	target_text: height = np.float64(0.05)
84.5068 	EXP 	target_text: height = np.float64(0.05)
84.5068 	EXP 	target_text: text = 'bottlev'
84.5068 	EXP 	target_text: autoDraw = True
84.9368 	EXP 	Device response: <KeyPress from None: t=84.93461450000177, value=z, duration=None>
84.9373 	EXP 	New trial (rep=0, index=79): <Trial 79 (79 in rep 0) data={'prime': 'river', 'target': 'waterr', 'relation': 'related', 'target_type': 'nonword', 'correct_key': 'z', 'thisN': 79, 'thisTrialN': 79, 'thisRepN': 0}>
84.9412 	DATA 	Keypress: z
84.9476 	EXP 	target_text: autoDraw = False
84.9476 	EXP 	prime_text: text = ' prime'
84.9476 	EXP 	prime_text: autoDraw = True
85.0949 	EXP 	prime_text: autoDraw = False
85.0949 	EXP 	prime_text: autoDraw = False
85.0949 	EXP 	gap1: autoDraw = True
85.1137 	EXP 	Device response: <KeyPress from None: t=84.93461450000177, value=z, duration=0.17639216699899407>
85.1380 	INFO 	Keyboard events cleared
85.1378 	EXP 	gap1: autoDraw = False
85.1378 	EXP 	gap1: autoDraw = False
85.1378 	EXP 	target_text: height = np.float64(0.05)
85.1378 	EXP 	target_text: height = np.float64(0.05)
85.1378 	EXP 	target_text: height = np.float64(0.05)
85.1378 	EXP 	target_text: text = 'waterr'
85.1378 	EXP 	target_text: autoDraw = True
85.7468 	EXP 	Device response: <KeyPress from None: t=85.7396416670017, value=z, duration=None>
85.7474 	EXP 	New trial (rep=0, index=80): <Trial 80 (80 in rep 0) data={'prime': 'music', 'target': 'song', 'relation': 'related', 'target_type': 'word', 'correct_key': 'm', 'thisN': 80, 'thisTrialN': 80, 'thisRepN': 0}>
85.7519 	DATA 	Keypress: z
85.7578 	EXP 	target_text: autoDraw = False
85.7578 	EXP 	prime_text: text = ' prime'
85.7578 	EXP 	prime_text: autoDraw = True
85.8975 	EXP 	Device response: <KeyPress from None: t=85.7396416670017, value=z, duration=0.1483116249946761>
85.9050 	EXP 	prime_text: autoDraw = False
85.9050 	EXP 	prime_text: autoDraw = False
85.9050 	EXP 	gap1: autoDraw = True
85.9551 	INFO 	Keyboard events cleared
85.9550 	EXP 	gap1: autoDraw = False
85.9550 	EXP 	gap1: autoDraw = False
85.9550 	EXP 	target_text: height = np.float64(0.05)
85.9550 	EXP 	target_text: height = np.float64(0.05)
85.9550 	EXP 	target_text: height = np.float64(0.05)
85.9550 	EXP 	target_text: text = 'song'
85.9550 	EXP 	target_text: autoDraw = True
86.5704 	EXP 	Device response: <KeyPress from None: t=86.56464270799916, value=m, duration=None>
86.5709 	EXP 	New trial (rep=0, index=81): <Trial 81 (81 in rep 0) data={'prime': 'heart', 'target': 'beatu', 'relation': 'related', 'target_type': 'nonword', 'correct_key': 'z', 'thisN': 81, 'thisTrialN': 81, 'thisRepN': 0}>
86.5756 	DATA 	Keypress: m
86.5808 	EXP 	target_text: autoDraw = False
86.5808 	EXP 	prime_text: text = ' prime'
86.5808 	EXP 	prime_text: autoDraw = True
86.6866 	EXP 	Device response: <KeyPress from None: t=86.56464270799916, value=m, duration=0.1162782499959576>
86.7282 	EXP 	prime_text: autoDraw = False
86.7282 	EXP 	prime_text: autoDraw = False
86.7282 	EXP 	gap1: autoDraw = True
86.7731 	INFO 	Keyboard events cleared
86.7730 	EXP 	gap1: autoDraw = False
86.7730 	EXP 	gap1: autoDraw = False
86.7730 	EXP 	target_text: height = np.float64(0.05)
86.7730 	EXP 	target_text: height = np.float64(0.05)
86.7730 	EXP 	target_text: height = np.float64(0.05)
86.7730 	EXP 	target_text: text = 'beatu'
86.7730 	EXP 	target_text: autoDraw = True
87.3470 	EXP 	Device response: <KeyPress from None: t=87.33784141700016, value=z, duration=None>
87.3475 	EXP 	New trial (rep=0, index=82): <Trial 82 (82 in rep 0) data={'prime': 'car', 'target': 'enginek', 'relation': 'related', 'target_type': 'nonword', 'correct_key': 'z', 'thisN': 82, 'thisTrialN': 82, 'thisRepN': 0}>
87.3518 	DATA 	Keypress: z
87.3574 	EXP 	target_text: autoDraw = False
87.3574 	EXP 	prime_text: text = ' prime'
87.3574 	EXP 	prime_text: autoDraw = True
87.4799 	EXP 	Device response: <KeyPress from None: t=87.33784141700016, value=z, duration=0.1320396660012193>
87.5008 	EXP 	prime_text: autoDraw = False
87.5008 	EXP 	prime_text: autoDraw = False
87.5008 	EXP 	gap1: autoDraw = True
87.5614 	INFO 	Keyboard events cleared
87.5611 	EXP 	gap1: autoDraw = False
87.5611 	EXP 	gap1: autoDraw = False
87.5611 	EXP 	target_text: height = np.float64(0.05)
87.5611 	EXP 	target_text: height = np.float64(0.05)
87.5611 	EXP 	target_text: height = np.float64(0.05)
87.5611 	EXP 	target_text: text = 'enginek'
87.5611 	EXP 	target_text: autoDraw = True
88.1803 	EXP 	Device response: <KeyPress from None: t=88.17253433299629, value=z, duration=None>
88.1808 	EXP 	New trial (rep=0, index=83): <Trial 83 (83 in rep 0) data={'prime': 'cat', 'target': 'pencil', 'relation': 'unrelated', 'target_type': 'word', 'correct_key': 'm', 'thisN': 83, 'thisTrialN': 83, 'thisRepN': 0}>
88.1851 	DATA 	Keypress: z
88.1910 	EXP 	target_text: autoDraw = False
88.1910 	EXP 	prime_text: text = ' prime'
88.1910 	EXP 	prime_text: autoDraw = True
88.3198 	EXP 	Device response: <KeyPress from None: t=88.17253433299629, value=z, duration=0.1403182089998154>
88.3350 	EXP 	prime_text: autoDraw = False
88.3350 	EXP 	prime_text: autoDraw = False
88.3350 	EXP 	gap1: autoDraw = True
88.3948 	INFO 	Keyboard events cleared
88.3946 	EXP 	gap1: autoDraw = False
88.3946 	EXP 	gap1: autoDraw = False
88.3946 	EXP 	target_text: height = np.float64(0.05)
88.3946 	EXP 	target_text: height = np.float64(0.05)
88.3946 	EXP 	target_text: height = np.float64(0.05)
88.3946 	EXP 	target_text: text = 'pencil'
88.3946 	EXP 	target_text: autoDraw = True
89.0966 	EXP 	Device response: <KeyPress from None: t=89.09458162499504, value=m, duration=None>
89.0973 	EXP 	New trial (rep=0, index=84): <Trial 84 (84 in rep 0) data={'prime': 'cup', 'target': 'bricku', 'relation': 'unrelated', 'target_type': 'nonword', 'correct_key': 'z', 'thisN': 84, 'thisTrialN': 84, 'thisRepN': 0}>
89.1015 	DATA 	Keypress: m
89.1059 	EXP 	target_text: autoDraw = False
89.1059 	EXP 	prime_text: text = ' prime'
89.1059 	EXP 	prime_text: autoDraw = True
89.2366 	EXP 	Device response: <KeyPress from None: t=89.09458162499504, value=m, duration=0.14026558300247416>
89.2532 	EXP 	prime_text: autoDraw = False
89.2532 	EXP 	prime_text: autoDraw = False
89.2532 	EXP 	gap1: autoDraw = True
89.3068 	INFO 	Keyboard events cleared
89.3066 	EXP 	gap1: autoDraw = False
89.3066 	EXP 	gap1: autoDraw = False
89.3066 	EXP 	target_text: height = np.float64(0.05)
89.3066 	EXP 	target_text: height = np.float64(0.05)
89.3066 	EXP 	target_text: height = np.float64(0.05)
89.3066 	EXP 	target_text: text = 'bricku'
89.3066 	EXP 	target_text: autoDraw = True
89.9035 	EXP 	Device response: <KeyPress from None: t=89.89849241699994, value=z, duration=None>
89.9040 	EXP 	New trial (rep=0, index=85): <Trial 85 (85 in rep 0) data={'prime': 'bread', 'target': 'music', 'relation': 'unrelated', 'target_type': 'word', 'correct_key': 'm', 'thisN': 85, 'thisTrialN': 85, 'thisRepN': 0}>
89.9085 	DATA 	Keypress: z
89.9142 	EXP 	target_text: autoDraw = False
89.9142 	EXP 	prime_text: text = ' prime'
89.9142 	EXP 	prime_text: autoDraw = True
90.0129 	EXP 	Device response: <KeyPress from None: t=89.89849241699994, value=z, duration=0.11231887499889126>
90.0617 	EXP 	prime_text: autoDraw = False
90.0617 	EXP 	prime_text: autoDraw = False
90.0617 	EXP 	gap1: autoDraw = True
90.1064 	INFO 	Keyboard events cleared
90.1062 	EXP 	gap1: autoDraw = False
90.1062 	EXP 	gap1: autoDraw = False
90.1062 	EXP 	target_text: height = np.float64(0.05)
90.1062 	EXP 	target_text: height = np.float64(0.05)
90.1062 	EXP 	target_text: height = np.float64(0.05)
90.1062 	EXP 	target_text: text = 'music'
90.1062 	EXP 	target_text: autoDraw = True
91.4620 	EXP 	Device response: <KeyPress from None: t=91.45266862499557, value=m, duration=None>
91.4623 	EXP 	New trial (rep=0, index=86): <Trial 86 (86 in rep 0) data={'prime': 'shirt', 'target': 'river', 'relation': 'unrelated', 'target_type': 'word', 'correct_key': 'm', 'thisN': 86, 'thisTrialN': 86, 'thisRepN': 0}>
91.4658 	DATA 	Keypress: m
91.4716 	EXP 	target_text: autoDraw = False
91.4716 	EXP 	prime_text: text = ' prime'
91.4716 	EXP 	prime_text: autoDraw = True
91.5637 	EXP 	Device response: <KeyPress from None: t=91.45266862499557, value=m, duration=0.10806979200424394>
91.6190 	EXP 	prime_text: autoDraw = False
91.6190 	EXP 	prime_text: autoDraw = False
91.6190 	EXP 	gap1: autoDraw = True
91.6640 	INFO 	Keyboard events cleared
91.6639 	EXP 	gap1: autoDraw = False
91.6639 	EXP 	gap1: autoDraw = False
91.6639 	EXP 	target_text: height = np.float64(0.05)
91.6639 	EXP 	target_text: height = np.float64(0.05)
91.6639 	EXP 	target_text: height = np.float64(0.05)
91.6639 	EXP 	target_text: text = 'river'
91.6639 	EXP 	target_text: autoDraw = True
92.4798 	EXP 	Device response: <KeyPress from None: t=92.47553808299563, value=m, duration=None>
92.4804 	EXP 	New trial (rep=0, index=87): <Trial 87 (87 in rep 0) data={'prime': 'book', 'target': 'hammer', 'relation': 'unrelated', 'target_type': 'word', 'correct_key': 'm', 'thisN': 87, 'thisTrialN': 87, 'thisRepN': 0}>
92.4849 	DATA 	Keypress: m
92.4906 	EXP 	target_text: autoDraw = False
92.4906 	EXP 	prime_text: text = ' prime'
92.4906 	EXP 	prime_text: autoDraw = True
92.5971 	EXP 	Device response: <KeyPress from None: t=92.47553808299563, value=m, duration=0.11225516700505977>
92.6351 	EXP 	prime_text: autoDraw = False
92.6351 	EXP 	prime_text: autoDraw = False
92.6351 	EXP 	gap1: autoDraw = True
92.6947 	INFO 	Keyboard events cleared
92.6945 	EXP 	gap1: autoDraw = False
92.6945 	EXP 	gap1: autoDraw = False
92.6945 	EXP 	target_text: height = np.float64(0.05)
92.6945 	EXP 	target_text: height = np.float64(0.05)
92.6945 	EXP 	target_text: height = np.float64(0.05)
92.6945 	EXP 	target_text: text = 'hammer'
92.6945 	EXP 	target_text: autoDraw = True
93.1709 	EXP 	Device response: <KeyPress from None: t=93.16742849999719, value=z, duration=None>
93.1715 	EXP 	New trial (rep=0, index=88): <Trial 88 (88 in rep 0) data={'prime': 'sun', 'target': 'lighta', 'relation': 'related', 'target_type': 'nonword', 'correct_key': 'z', 'thisN': 88, 'thisTrialN': 88, 'thisRepN': 0}>
93.1760 	DATA 	Keypress: z
93.1819 	EXP 	target_text: autoDraw = False
93.1819 	EXP 	prime_text: text = ' prime'
93.1819 	EXP 	prime_text: autoDraw = True
93.3279 	EXP 	prime_text: autoDraw = False
93.3279 	EXP 	prime_text: autoDraw = False
93.3279 	EXP 	gap1: autoDraw = True
93.3298 	EXP 	Device response: <KeyPress from None: t=93.16742849999719, value=z, duration=0.1562869170011254>
93.3728 	INFO 	Keyboard events cleared
93.3726 	EXP 	gap1: autoDraw = False
93.3726 	EXP 	gap1: autoDraw = False
93.3726 	EXP 	target_text: height = np.float64(0.05)
93.3726 	EXP 	target_text: height = np.float64(0.05)
93.3726 	EXP 	target_text: height = np.float64(0.05)
93.3726 	EXP 	target_text: text = 'lighta'
93.3726 	EXP 	target_text: autoDraw = True
94.0368 	EXP 	Device response: <KeyPress from None: t=94.02941450000071, value=z, duration=None>
94.0370 	EXP 	New trial (rep=0, index=89): <Trial 89 (89 in rep 0) data={'prime': 'heart', 'target': 'mountainp', 'relation': 'unrelated', 'target_type': 'nonword', 'correct_key': 'z', 'thisN': 89, 'thisTrialN': 89, 'thisRepN': 0}>
94.0393 	DATA 	Keypress: z
94.0451 	EXP 	target_text: autoDraw = False
94.0451 	EXP 	prime_text: text = ' prime'
94.0451 	EXP 	prime_text: autoDraw = True
94.1466 	EXP 	Device response: <KeyPress from None: t=94.02941450000071, value=z, duration=0.10831895799492486>
94.1857 	EXP 	prime_text: autoDraw = False
94.1857 	EXP 	prime_text: autoDraw = False
94.1857 	EXP 	gap1: autoDraw = True
94.2307 	EXP 	gap1: autoDraw = False
94.2307 	EXP 	gap1: autoDraw = False
94.2307 	EXP 	target_text: height = np.float64(0.05)
94.2307 	EXP 	target_text: height = np.float64(0.05)
94.2307 	EXP 	target_text: height = np.float64(0.05)
94.2307 	EXP 	target_text: text = 'mountainp'
94.2454 	INFO 	Keyboard events cleared
94.2452 	EXP 	target_text: autoDraw = True
94.7300 	EXP 	Device response: <KeyPress from None: t=94.72638495799765, value=z, duration=None>
94.7305 	EXP 	New trial (rep=0, index=90): <Trial 90 (90 in rep 0) data={'prime': 'pen', 'target': 'paper', 'relation': 'related', 'target_type': 'word', 'correct_key': 'm', 'thisN': 90, 'thisTrialN': 90, 'thisRepN': 0}>
94.7348 	DATA 	Keypress: z
94.7405 	EXP 	target_text: autoDraw = False
94.7405 	EXP 	prime_text: text = ' prime'
94.7405 	EXP 	prime_text: autoDraw = True
94.8642 	EXP 	Device response: <KeyPress from None: t=94.72638495799765, value=z, duration=0.1283563340039109>
94.8857 	EXP 	prime_text: autoDraw = False
94.8857 	EXP 	prime_text: autoDraw = False
94.8857 	EXP 	gap1: autoDraw = True
94.9448 	INFO 	Keyboard events cleared
94.9446 	EXP 	gap1: autoDraw = False
94.9446 	EXP 	gap1: autoDraw = False
94.9446 	EXP 	target_text: height = np.float64(0.05)
94.9446 	EXP 	target_text: height = np.float64(0.05)
94.9446 	EXP 	target_text: height = np.float64(0.05)
94.9446 	EXP 	target_text: text = 'paper'
94.9446 	EXP 	target_text: autoDraw = True
95.5705 	EXP 	Device response: <KeyPress from None: t=95.56634287499764, value=m, duration=None>
95.5712 	EXP 	New trial (rep=0, index=91): <Trial 91 (91 in rep 0) data={'prime': 'phone', 'target': 'call', 'relation': 'related', 'target_type': 'word', 'correct_key': 'm', 'thisN': 91, 'thisTrialN': 91, 'thisRepN': 0}>
95.5758 	DATA 	Keypress: m
95.5811 	EXP 	target_text: autoDraw = False
95.5811 	EXP 	prime_text: text = ' prime'
95.5811 	EXP 	prime_text: autoDraw = True
95.7134 	EXP 	Device response: <KeyPress from None: t=95.56634287499764, value=m, duration=0.14031879200047115>
95.7280 	EXP 	prime_text: autoDraw = False
95.7280 	EXP 	gap1: autoDraw = True
95.7726 	INFO 	Keyboard events cleared
95.7724 	EXP 	gap1: autoDraw = False
95.7724 	EXP 	gap1: autoDraw = False
95.7724 	EXP 	target_text: height = np.float64(0.05)
95.7724 	EXP 	target_text: height = np.float64(0.05)
95.7724 	EXP 	target_text: height = np.float64(0.05)
95.7724 	EXP 	target_text: text = 'call'
95.7724 	EXP 	target_text: autoDraw = True
96.5035 	EXP 	Device response: <KeyPress from None: t=96.49938249999832, value=m, duration=None>
96.5041 	EXP 	New trial (rep=0, index=92): <Trial 92 (92 in rep 0) data={'prime': 'salt', 'target': 'camerao', 'relation': 'unrelated', 'target_type': 'nonword', 'correct_key': 'z', 'thisN': 92, 'thisTrialN': 92, 'thisRepN': 0}>
96.5085 	DATA 	Keypress: m
96.5141 	EXP 	target_text: autoDraw = False
96.5141 	EXP 	prime_text: text = ' prime'
96.5141 	EXP 	prime_text: autoDraw = True
96.6300 	EXP 	Device response: <KeyPress from None: t=96.49938249999832, value=m, duration=0.12828054199781036>
96.6615 	EXP 	prime_text: autoDraw = False
96.6615 	EXP 	prime_text: autoDraw = False
96.6615 	EXP 	gap1: autoDraw = True
96.7065 	INFO 	Keyboard events cleared
96.7063 	EXP 	gap1: autoDraw = False
96.7063 	EXP 	gap1: autoDraw = False
96.7063 	EXP 	target_text: height = np.float64(0.05)
96.7063 	EXP 	target_text: height = np.float64(0.05)
96.7063 	EXP 	target_text: height = np.float64(0.05)
96.7063 	EXP 	target_text: text = 'camerao'
96.7063 	EXP 	target_text: autoDraw = True
97.4641 	EXP 	Device response: <KeyPress from None: t=97.45439454200095, value=m, duration=None>
97.4646 	EXP 	New trial (rep=0, index=93): <Trial 93 (93 in rep 0) data={'prime': 'book', 'target': 'pageq', 'relation': 'related', 'target_type': 'nonword', 'correct_key': 'z', 'thisN': 93, 'thisTrialN': 93, 'thisRepN': 0}>
97.4689 	DATA 	Keypress: m
97.4745 	EXP 	target_text: autoDraw = False
97.4745 	EXP 	prime_text: text = ' prime'
97.4745 	EXP 	prime_text: autoDraw = True
97.5866 	EXP 	Device response: <KeyPress from None: t=97.45439454200095, value=m, duration=0.12430037499871105>
97.6188 	EXP 	prime_text: autoDraw = False
97.6188 	EXP 	prime_text: autoDraw = False
97.6188 	EXP 	gap1: autoDraw = True
97.6624 	INFO 	Keyboard events cleared
97.6622 	EXP 	gap1: autoDraw = False
97.6622 	EXP 	gap1: autoDraw = False
97.6622 	EXP 	target_text: height = np.float64(0.05)
97.6622 	EXP 	target_text: height = np.float64(0.05)
97.6622 	EXP 	target_text: height = np.float64(0.05)
97.6622 	EXP 	target_text: text = 'pageq'
97.6622 	EXP 	target_text: autoDraw = True
98.3472 	EXP 	Device response: <KeyPress from None: t=98.33936216699658, value=z, duration=None>
98.3479 	EXP 	New trial (rep=0, index=94): <Trial 94 (94 in rep 0) data={'prime': 'teacher', 'target': 'bananaz', 'relation': 'unrelated', 'target_type': 'nonword', 'correct_key': 'z', 'thisN': 94, 'thisTrialN': 94, 'thisRepN': 0}>
98.3523 	DATA 	Keypress: z
98.3579 	EXP 	target_text: autoDraw = False
98.3579 	EXP 	prime_text: text = ' prime'
98.3579 	EXP 	prime_text: autoDraw = True
98.5014 	EXP 	prime_text: autoDraw = False
98.5014 	EXP 	prime_text: autoDraw = False
98.5014 	EXP 	gap1: autoDraw = True
98.5128 	EXP 	Device response: <KeyPress from None: t=98.33936216699658, value=z, duration=0.1682782909992966>
98.5614 	INFO 	Keyboard events cleared
98.5612 	EXP 	gap1: autoDraw = False
98.5612 	EXP 	gap1: autoDraw = False
98.5612 	EXP 	target_text: height = np.float64(0.05)
98.5612 	EXP 	target_text: height = np.float64(0.05)
98.5612 	EXP 	target_text: height = np.float64(0.05)
98.5612 	EXP 	target_text: text = 'bananaz'
98.5612 	EXP 	target_text: autoDraw = True
99.1535 	EXP 	Device response: <KeyPress from None: t=99.15057791699655, value=z, duration=None>
99.1540 	EXP 	New trial (rep=0, index=95): <Trial 95 (95 in rep 0) data={'prime': 'mother', 'target': 'bottle', 'relation': 'unrelated', 'target_type': 'word', 'correct_key': 'm', 'thisN': 95, 'thisTrialN': 95, 'thisRepN': 0}>
99.1584 	DATA 	Keypress: z
99.1643 	EXP 	target_text: autoDraw = False
99.1643 	EXP 	prime_text: text = ' prime'
99.1643 	EXP 	prime_text: autoDraw = True
99.3109 	EXP 	prime_text: autoDraw = False
99.3109 	EXP 	prime_text: autoDraw = False
99.3109 	EXP 	gap1: autoDraw = True
99.3471 	EXP 	Device response: <KeyPress from None: t=99.15057791699655, value=z, duration=0.192007375000685>
99.3575 	INFO 	Keyboard events cleared
99.3573 	EXP 	gap1: autoDraw = False
99.3573 	EXP 	gap1: autoDraw = False
99.3573 	EXP 	target_text: height = np.float64(0.05)
99.3573 	EXP 	target_text: height = np.float64(0.05)
99.3573 	EXP 	target_text: height = np.float64(0.05)
99.3573 	EXP 	target_text: text = 'bottle'
99.3573 	EXP 	target_text: autoDraw = True
99.9804 	EXP 	Device response: <KeyPress from None: t=99.97728133299825, value=m, duration=None>
99.9810 	EXP 	New trial (rep=0, index=96): <Trial 96 (96 in rep 0) data={'prime': 'sun', 'target': 'glassp', 'relation': 'unrelated', 'target_type': 'nonword', 'correct_key': 'z', 'thisN': 96, 'thisTrialN': 96, 'thisRepN': 0}>
99.9853 	DATA 	Keypress: m
99.9911 	EXP 	target_text: autoDraw = False
99.9911 	EXP 	prime_text: text = ' prime'
99.9911 	EXP 	prime_text: autoDraw = True
100.0800 	EXP 	Device response: <KeyPress from None: t=99.97728133299825, value=m, duration=0.10036925000167685>
100.1349 	EXP 	prime_text: autoDraw = False
100.1349 	EXP 	prime_text: autoDraw = False
100.1349 	EXP 	gap1: autoDraw = True
100.1949 	INFO 	Keyboard events cleared
100.1947 	EXP 	gap1: autoDraw = False
100.1947 	EXP 	gap1: autoDraw = False
100.1947 	EXP 	target_text: height = np.float64(0.05)
100.1947 	EXP 	target_text: height = np.float64(0.05)
100.1947 	EXP 	target_text: height = np.float64(0.05)
100.1947 	EXP 	target_text: text = 'glassp'
100.1947 	EXP 	target_text: autoDraw = True
101.6848 	EXP 	target_text: autoDraw = False
105.1048 	DATA 	Mouse: wheel shift=(0,0), pos=(741,633)
105.1471 	DATA 	Mouse: wheel shift=(0,0), pos=(741,633)
105.6861 	EXP 	Device response: <KeyPress from None: t=105.680160332995, value=space, duration=None>
105.6899 	DATA 	Keypress: space
105.8307 	EXP 	Device response: <KeyPress from None: t=105.680160332995, value=space, duration=0.14097070900606923>
107.0298 	EXP 	Device response: <KeyPress from None: t=107.020161249995, value=space, duration=None>
107.0334 	DATA 	Keypress: space
107.1526 	EXP 	Device response: <KeyPress from None: t=107.020161249995, value=space, duration=0.1282575830045971>
107.2528 	EXP 	Device response: <KeyPress from None: t=107.25114924999798, value=space, duration=None>
107.2652 	DATA 	Keypress: space
107.3639 	EXP 	Device response: <KeyPress from None: t=107.25114924999798, value=space, duration=0.10425866700097686>
109.3529 	EXP 	Device response: <KeyPress from None: t=109.35107387499738, value=space, duration=None>
109.3656 	DATA 	Keypress: space
109.4357 	EXP 	Device response: <KeyPress from None: t=109.35107387499738, value=space, duration=0.08033583300129976>
109.5468 	EXP 	Device response: <KeyPress from None: t=109.54014454199933, value=space, duration=None>
109.5507 	DATA 	Keypress: space
109.6200 	EXP 	Device response: <KeyPress from None: t=109.54014454199933, value=space, duration=0.07624545799626503>
109.7029 	EXP 	Device response: <KeyPress from None: t=109.69511941699602, value=space, duration=None>
109.7066 	DATA 	Keypress: space
109.7695 	EXP 	Device response: <KeyPress from None: t=109.69511941699602, value=space, duration=0.06830929100397043>
111.5148 	DATA 	Mouse: Left button down, pos=(741,633)
111.6473 	DATA 	Mouse:  Left button up, pos=(741,633)
111.7315 	DATA 	Mouse: Left button down, pos=(741,633)
111.8646 	DATA 	Mouse:  Left button up, pos=(741,633)
112.1817 	DATA 	Mouse: Left button down, pos=(741,633)
112.3306 	DATA 	Mouse:  Left button up, pos=(741,633)
113.5809 	DATA 	Mouse: Left button down, pos=(1001,625)
113.7311 	DATA 	Mouse:  Left button up, pos=(1001,625)
113.8642 	DATA 	Mouse: Left button down, pos=(1001,625)
113.9980 	DATA 	Mouse:  Left button up, pos=(1001,625)
114.7635 	EXP 	Device response: <KeyPress from None: t=114.75698441699933, value=space, duration=None>
114.7673 	DATA 	Keypress: space
114.8307 	EXP 	Device response: <KeyPress from None: t=114.75698441699933, value=space, duration=0.06429224999737926>
115.0865 	EXP 	Device response: <KeyPress from None: t=115.08099249999941, value=space, duration=None>
115.0904 	DATA 	Keypress: space
115.1805 	EXP 	Device response: <KeyPress from None: t=115.08099249999941, value=space, duration=0.09633545800170396>
115.2969 	EXP 	Device response: <KeyPress from None: t=115.28797270799987, value=space, duration=None>
115.3009 	DATA 	Keypress: space
115.3866 	EXP 	Device response: <KeyPress from None: t=115.28797270799987, value=space, duration=0.09280045900231926>
115.4806 	EXP 	Device response: <KeyPress from None: t=115.47293374999572, value=space, duration=None>
115.4846 	DATA 	Keypress: space
115.5631 	EXP 	Device response: <KeyPress from None: t=115.47293374999572, value=space, duration=0.08030750000034459>
115.6469 	EXP 	Device response: <KeyPress from None: t=115.64350079200085, value=space, duration=None>
115.6509 	DATA 	Keypress: space
115.7301 	EXP 	Device response: <KeyPress from None: t=115.64350079200085, value=space, duration=0.07971887500025332>
118.2817 	DATA 	Mouse: Left button down, pos=(1001,625)
118.4475 	DATA 	Mouse:  Left button up, pos=(1001,625)
119.5362 	EXP 	Device response: <KeyPress from None: t=119.53059329200187, value=escape, duration=None>
119.5654 	DATA 	Keypress: escape
119.7363 	EXP 	Device response: <KeyPress from None: t=119.53059329200187, value=escape, duration=0.19955383299384266>
119.7365 	EXP 	solo project: status = STOPPED
119.7444 	EXP 	solo project: status = STOPPED
119.7776 	INFO 	saved data to '/Users/ayk-j/Desktop/solo/data/06_solo project_2025-11-18_10h26.25.084.csv'
119.7790 	INFO 	saved data to /Users/ayk-j/Desktop/solo/data/06_solo project_2025-11-18_10h26.25.084.psydat
119.8917 	WARNING 	Stopping key buffers but this could be dangerous ifother keyboards rely on the same.
119.8918 	WARNING 	Stopping key buffers but this could be dangerous ifother keyboards rely on the same.
119.8918 	WARNING 	Stopping key buffers but this could be dangerous ifother keyboards rely on the same.
119.8918 	WARNING 	Stopping key buffers but this could be dangerous ifother keyboards rely on the same.
